method,edge_id,q_m3_s,h_Pa
loop,3,68.8790364825119,-41.811706849148884
loop,7,68.8790364825119,-62.71518811288994
loop,34,44.473266911323705,-0.4924899959716811
loop,44,44.4732669113236,-12.001724078539041
loop,46,44.47326691132358,-7.381416325166072
loop,48,73.80217110180074,-19.831654832455
loop,50,73.80217110180072,-26.295082074957918
loop,52,44.47326691132353,-60.495176774257516
loop,54,29.328904190477182,51.520094481171895
loop,55,29.328904190477182,-5.393357573758976
loop,67,44.47326691132352,-63.590545624441006
loop,70,24.405769571188085,-3.7126340202599124
loop,72,24.405769571188028,-3.2176558603311207
loop,74,24.405769571187985,-5.652638673554662
loop,80,24.405769571187758,-2.398053034745061
loop,82,68.87903648251181,-110.40510950715317
loop,85,44.47326691132365,-36.003194364147475
loop,86,24.405769571187843,-2.3980530347450895
loop,95,68.87903648251188,-2.984178328391536
loop,97,68.87903648251186,-14.930380285291207
loop,98,68.87903648251184,-2.984178328391536
loop,99,44.47326691132368,-0.7377460582226547
loop,100,44.47326691132362,-1.2302360541943358
loop,101,24.405769571187914,-0.3424939133081182
loop,103,24.405769571187673,-0.20549634798484817
loop,105,24.405769571187573,-4.796701711078413
loop,107,24.40576957118746,-0.2400435601098252
loop,109,24.405769571187346,-4.796701711078356
loop,113,24.405769571187218,-0.13699756532321317
loop,115,24.40576957118709,-0.10304599478661203
loop,117,24.405769571186934,-1.3705712948206497
loop,119,24.40576957118679,-3.426130416257479
loop,121,24.40576957118662,-1.7130652081286826
loop,123,24.40576957118645,-3.426130416257365
loop,125,24.405769571186266,-3.4261304162573083
loop,127,13.450414806512093,-5.202895898618806
loop,130,53.47470011164002,-28.892828049709436
loop,132,15.212364938947058,-1.137872703221639
loop,134,24.709565250404587,-27.754955346487797
loop,136,9.49720031145749,-0.3211908537849304
loop,138,9.497200311457444,-1.020035766896271
loop,140,56.54229666039997,-29.096181967169
loop,142,69.05346070167829,-210.50015429769937
loop,144,65.67310132076585,-211.37798517966218
loop,150,69.0534607016782,-24.93862967441308
loop,152,65.67310132076577,-25.04533686876752
loop,154,10.68744949297837,-0.87093952207033
loop,156,10.68744949297825,-0.5536319820950553
loop,158,7.881308071557289,-0.42393499047079786
loop,159,7.881308071557168,-0.2194523548369034
loop,161,22.7583125189285,-4.0207743427496325
loop,163,22.758312518928374,-2.256150075617313
loop,164,18.56875756453529,-4.8523529142015605
loop,166,22.354051222300107,-2.3021345132486886
loop,167,22.354051222300228,-3.193605746260573
loop,169,63.681121305763625,-3.5524298446252374
loop,171,42.941490356793956,-15.349219548977317
loop,173,42.941490356793786,-1.211489337299156
loop,175,42.9414903567936,-17.37021241606965
loop,177,42.94149035679341,-4.845957349196453
loop,182,8.20405567889424,-3.7958190423288443
loop,184,8.20405567889407,-6.47589774377002
loop,186,8.204055678894418,-1.1737585693874735
loop,188,5.1855021533282235,-2.2113316133044805
loop,190,5.185502153328406,-0.20357989407960986
loop,192,5.1855021533285885,-0.22331673759498472
loop,198,5.769852611344645,-2.305788624052184
loop,200,8.2040556788939,-2.6983187709580534
loop,202,8.204055678893736,-0.16934322842928395
loop,204,8.204055678893573,-2.698318770957826
loop,206,8.204055678893416,-0.20239073445424083
loop,208,8.204055678893264,-5.905879192330872
loop,211,10.955354764673979,-36.87032199129851
loop,212,5.769852611344834,-0.15437129048933684
loop,214,5.18550215332896,-0.0037107416963522155
loop,215,5.185502153328773,-0.05506955792827739
loop,221,63.552608703508575,-79.19945823787417
loop,225,63.55260870350852,-8.320204190423809
loop,227,63.55260870350843,-198.19857283129903
loop,228,63.552608703508305,-54.16210591921481
loop,230,71.75666438240141,-56.62890967840798
loop,232,71.75666438240124,-14.422401892091273
loop,234,71.75666438240104,-360.7557100198451
loop,236,3.0185535255663734,-0.058396663463440746
loop,238,3.0185535255665554,-0.08605056791208199
loop,240,3.01855352556674,-0.07255619147440484
loop,241,3.0185535255669267,-0.019845207212256355
loop,243,-2.7512990857775304,-0.0662192689764538
loop,245,-2.7512990857773394,-0.058384684683971955
loop,247,-2.7512990857771458,-0.06892163283379205
loop,248,-2.7512990857769495,-0.766063381224285
loop,250,45.69278944257017,-4.852119260368056
loop,252,45.69278944256995,-3.0336184532335437
loop,254,45.69278944256974,-5.154854756389227
loop,256,71.7566643824008,-10.606978899574301
loop,258,71.75666438240056,-4.242791559829698
loop,260,183.25448588893792,-694.2131031647025
loop,262,183.25448588893764,-127.27656300800732
loop,266,35.60769868977124,-6.631159917283412
loop,268,35.43774202690811,-7.29262548272078
loop,270,9.944555922956757,-0.6944350197688323
loop,272,9.944555922956612,-0.5298750833932786
loop,274,10.678078913358512,-1.0280166654276854
loop,275,10.678078913358659,-1.6389431620294772
loop,277,24.929619776412437,-7.264549178334846
loop,279,24.929619776412295,-5.331727898103679
loop,280,20.622634836314962,-9.929317248981363
loop,282,25.49318610395107,-3.972204310219354
loop,283,25.49318610395122,-7.18142304192412
loop,285,71.04544071667817,-2.5943916883662723
loop,286,-2.583074007676739,-0.006025061010234367
loop,296,31.60697174780394,-2.456542630480442
loop,299,73.6285147243547,-2.4341000230510303
loop,301,67.00301979413325,-1.7822936506286169
loop,302,6.625494930221172,-0.028467668439645877
loop,304,38.23246667802491,-7.425545262094317
loop,306,18.921066364963878,-0.3365263472441029
loop,308,11.857470167653316,-0.1564873534276785
loop,309,19.311400313060666,-0.4930137006717814
loop,313,67.00301979413298,-12.628695312892262
loop,314,67.0030197941327,-1.6072068688287686
loop,316,67.95050572434083,-0.6094798021215411
loop,318,67.95050572434056,-75.67707543009374
loop,320,183.2544858889373,-27.671738237097088
loop,322,86.6619658458231,-11.753613747471036
loop,326,123.6765126952492,-17.284344165477705
loop,329,153.19755622992932,84.13858034177639
loop,331,153.1975562299295,-13.354140512613924
loop,333,-10.829549472220648,-0.12971073079904727
loop,335,142.368006757709,-57.75864506091648
loop,337,99.07558701775785,-13.025794768245987
loop,341,43.292419739951335,-12.492459473507893
loop,345,43.29241973995149,-2.1722367504436306
loop,347,43.29241973995163,-3.0981081522720615
loop,349,-7.458906363743006,-0.21313877355214572
loop,351,-7.4589063637428925,-0.15143924343749404
loop,353,-7.4589063637428,-0.06203334181952869
loop,355,-7.458906363742715,-0.1353050110359959
loop,357,-7.458906363742644,-0.23160968788766922
loop,359,-7.458906363742587,-0.17335954538981468
loop,361,2.1602570702533352,-0.005408717596480983
loop,363,2.1602570702533566,-0.006892731570360411
loop,365,11.755796604348975,-0.08913819620283903
loop,367,11.755796604348953,-0.16017235565749388
loop,369,11.755796604348918,-3.2947604625396707
loop,373,-9.619163433995837,-0.22632423444565575
loop,374,-9.61916343399588,3.758093799678818
loop,377,-6.662944766100879,-0.06064334181803588
loop,379,13.91605367460232,-0.3427720932776879
loop,380,13.916053674602342,-0.512221574417822
loop,384,-21.374960038344714,-1.6813512132382584
loop,390,36.62766351448277,-3.4545832664151703
loop,392,141.5842944315864,-64.54443589014886
loop,402,-19.660583570347328,-1.7657080796199693
loop,411,-3.370643108476302,-0.045263160099466404
loop,414,-19.66058357034867,-10.102571446793718
loop,419,-19.66058357034743,-0.23424235907390312
loop,421,-19.660583570348102,-0.5805808965826031
loop,422,-19.66058357034769,-0.7031136157681317
loop,424,-11.03974225249328,-0.5321102187004954
loop,426,-20.57899844070315,-3.6704326975203116
loop,428,-20.578998440703135,-0.49083090993724454
loop,429,-20.57899844070315,-0.5175111060770519
loop,431,13.075217373099925,-0.5050197078311385
loop,433,-69.1532824249434,102.28766322001508
loop,435,-37.33539377398165,-2.7822875300034866
loop,437,-37.33539377398148,-23.69301502068822
loop,439,66.23037404831408,-2.7459254915588076
loop,441,66.23037404831405,-1.8247683777771044
loop,443,17.20835533222734,-0.3263324975507089
loop,445,28.89498027433261,-2.0589124365433236
loop,447,28.894980274332667,-1.8668808629809064
loop,449,28.89498027433271,-0.5585614031011801
loop,451,28.894980274332724,-0.9342753513755042
loop,453,28.894980274332738,-0.49510749183707503
loop,455,28.894980274332724,129.4754017325347
loop,457,50.11008157087272,-14.440877601752277
loop,459,50.11008157087272,-9.91350804585602
loop,461,24.18770038299366,-4.067231795931036
loop,463,24.187700382993746,-0.42825283006641257
loop,464,24.187700382993803,-11.916778545932232
loop,466,67.95050572434032,-12.503570485948273
loop,468,67.9505057243401,-13.390086561761393
loop,470,67.95050572433993,-2.7057209397214024
loop,472,-5.311285780235401,-0.005754790354444594
loop,474,86.75280513254941,-1.599064954216317
loop,475,73.26179150457521,-1.6048197445707615
loop,477,-92.06409091278502,-79.18936983498787
loop,479,79.00506184520539,-18.519419998187743
loop,481,79.00506184520539,-11.154096237533395
loop,482,79.00506184520528,-9.643580686619487
loop,484,-106.48867619892526,-38.249274108956286
loop,486,114.35014419705841,19.475374701986652
loop,488,156.47395993774145,-15.351530786900867
loop,490,156.4739599377408,-6.023088634095018
loop,492,72.96765038225813,-4.552257691972898
loop,494,79.74268774822438,-8.279386544135889
loop,496,83.50630955548174,-2.6596047992516674
loop,498,-44.36326778778384,1.9149608425380507
loop,500,-6.7750373659683225,-0.00504912444415595
loop,501,-6.7750373659672425,-0.017258825372664433
loop,503,39.1430417676966,-2.0255389442901333
loop,505,39.14304176769538,-0.5607770450909015
loop,507,39.1430417676942,-0.42134887267752674
loop,509,39.14304176769308,-1.1905020875288415
loop,511,37.58823042181325,-0.4125595193430627
loop,512,37.58823042181436,-1.8706465877062897
loop,515,76.73127218950431,-4.303900024360246
loop,516,76.73127218950528,-17.133172463596054
loop,519,32.70292097364132,-5.0340472562601235
loop,521,7.711115449284049,-1.3029160378585516
loop,523,7.711115449283185,-1.0537731846898737
loop,525,5.152082212955697,-0.8150320194176288
loop,527,2.5590332363266297,-0.3873789076817502
loop,529,2.5590332363249164,-0.302501840475486
loop,530,2.5590332363257726,-0.1251512712603926
loop,533,7.71111544927891,-5.837613272024214
loop,534,7.711115449279757,-1.3779562003149408
loop,536,-47.03976677458212,-9.2581027299384
loop,538,-21.505920566208168,-3.1251437132861497
loop,541,7.861467998132865,-1.7076698258160832
loop,543,7.8614679981325875,-0.39114915593313526
loop,545,7.8614679981323,-0.9575089070741001
loop,547,7.861467998132001,-1.43623245927148
loop,549,7.8614679981316975,-5.653523674717917
loop,551,7.861467998131383,-30.290172849344003
loop,553,7.861467998131063,-0.47872355219737983
loop,555,7.861467998130731,-0.478723552197323
loop,557,7.861467998130392,-0.47872355219726614
loop,559,7.861467998130044,-0.4787235521972093
loop,561,7.861467998129688,-2.393741366344102
loop,563,7.8614679981293225,-0.47872355219715246
loop,567,7.8614679981289495,-2.393741366343704
loop,571,7.861467998128569,-2.39374136634342
loop,573,7.8614679981281785,-0.4787235521969819
loop,575,7.861467998127779,-0.4787235521969819
loop,577,7.861467998127372,-2.393741366342738
loop,579,7.861467998126955,-0.47872355219686824
loop,585,-35.39245499730957,24.774355010400996
loop,587,-2.5391814748397374,-0.014571220190475742
loop,589,-2.539181474838913,-0.024042513314327607
loop,591,-2.5391814748381174,-0.008188252053969336
loop,593,-2.53918147483735,-0.008433254871306417
loop,595,-27.530986999192194,-6.297092176703643
loop,597,-27.530986999191512,-1.4423888315197928
loop,599,-15.127100413269954,-0.9102824259805402
loop,601,-13.898035853850793,-0.5576396415175395
loop,602,-19.823311477433922,-2.295300842797076
loop,604,-12.403886585920977,-0.446491279870429
loop,606,-12.403886585920409,-0.11923871188821522
loop,608,-12.403886585919855,-0.3486386079208046
loop,610,1.2290645594175456,-9.214658115297425e-05
loop,612,1.2290645594180856,-0.002211517947955599
loop,613,1.2290645594186256,0.006389838228017197
loop,615,-24.991805524356405,-4.247214334897308
loop,616,-24.991805524355588,14.579269808772438
loop,618,-13.632951145336863,-0.4079568984638513
loop,620,5.925275623584581,0.23098139279073848
loop,625,5.925275623583601,-0.04476383629969405
loop,627,15.569143519876057,-0.6261146279414902
loop,629,15.56914351987649,-1.023405326817283
loop,631,7.861467998126097,-1.2289462736163728
loop,635,-7.707675521750836,-3.541782067815234
loop,637,-7.707675521751298,-0.05519027535024179
loop,638,-7.707675521751774,-0.49344502374515287
loop,640,39.13610843236361,-2.9039799282035688
loop,642,39.13610843236404,-0.6877041074701538
loop,646,82.22849979804306,-3.272578670653786
loop,648,69.09485956316543,-9.046918776211498
loop,650,49.14794926557758,-0.3623281375517422
loop,652,49.147949265577154,-3.717486691281067
loop,654,49.14794926557674,-0.8671720092071951
loop,655,49.14794926557636,-1.014518785144901
loop,657,19.94691029758738,-0.3799746559033679
loop,659,19.946910297586882,-0.06604795224973259
loop,661,19.94691029758635,-0.1145892183609476
loop,663,19.946910297585795,-0.0572946091804738
loop,665,19.946910297585198,-0.0572946091804738
loop,666,19.946910297584573,-0.5765270048784146
loop,668,19.189198134781194,-0.17711638135187968
loop,670,9.984184525360952,-4.547980107597709
loop,675,-21.50592056620724,26.17552497762773
loop,677,12.624405795957129,-4.639264972094281
loop,679,-15.549583984834324,2.9051565709917213
loop,681,21.323625304305327,-3.4575159584844073
loop,682,81.90320616394177,-9.331016035287007
loop,683,5.171933974438326,-0.04186203012125134
loop,689,452.48265547583156,-332.4986588944911
loop,691,452.48265547583156,-696.4857586384974
loop,700,19.738162139200906,-1.1154106127853538
loop,702,4.4854586630628015,-0.03500765058737443
loop,707,2.146244059245047,-0.0025657445039541926
loop,708,2.146244059244997,-0.006389026262809239
loop,710,2.1156647307841254,-0.005442861299741253
loop,712,2.115664730784097,-0.004453657066790129
loop,717,83.43872938054145,-18.331002769163092
loop,719,83.43872938054153,-1.2253157946724968
loop,721,83.4387293805417,-12.218347838921943
loop,723,83.43872938054193,-12.218347838922
loop,725,5.774041319471817,-1.7744643773328903
loop,727,9.338682185518676,-0.751148213478757
loop,728,-5.223963788788032,-0.04557396210316256
loop,732,-59.0133087019603,227.07354345525368
loop,734,-59.01330870195994,-8.650705380218824
loop,736,-59.01330870195955,-14.484011141839574
loop,738,-59.01330870195914,-23.510834147284868
loop,740,37.15154769122593,-1.042079309369342
loop,742,37.151547691226384,-0.298131299104341
loop,744,37.15154769122684,-2.223562605820007
loop,746,213.51967942785606,-69.20661201751517
loop,748,213.51967942785592,-262.0094856815937
loop,752,45.6927894425695,-11.403732960468801
loop,754,45.69278944256926,-8.213527181707036
loop,756,45.692789442569,-2.1483781062472076
loop,759,68.27808421454938,-177.34096972227684
loop,761,68.27808421454884,-92.68783185966743
loop,763,68.2780842145483,-20.148717900486645
loop,765,-25.10949662649277,68.11850096715466
loop,767,-25.109496626492188,-0.42431763042247894
loop,771,-25.109496626491605,-0.652553859565046
loop,779,452.4826554758318,-35.62485631012407
loop,781,452.4826554758319,-35.62485631012407
loop,783,452.48265547583225,-35.62485631012419
loop,785,452.4826554758325,-35.62485631012419
loop,787,96.1648563931846,-253.55028949918108
loop,790,187.46930745847143,-6.11518501099647
loop,792,149.44962621238554,-49.50139493186589
loop,793,265.0133480173612,-138.77857946368505
loop,816,-8.565550932259491,-0.6962686097170376
loop,817,-2.9251781888780894,-0.07506764342207362
loop,819,9.205013609421028,-1.9730757684486093
loop,821,4.993998027668526,-1.0775583442732568
loop,823,9.205013609424183,-0.15904248120676812
loop,824,5.640372743380589,-2.0345721233861127
loop,826,4.211015581753285,-0.44677417292905375
loop,828,4.211015581754053,-0.4508881482465199
loop,829,4.2110155817548485,-0.17989602309768316
loop,831,86.66196584582276,-28.464023068955157
loop,833,57.61347770058993,-7.262656434310884
loop,836,102.82726329081736,-165.06206669054822
loop,838,102.82726329081724,-32.68252182054215
loop,840,102.82726329081709,-12.920751104724161
loop,842,102.82726329081686,-55.055933717101794
loop,843,102.82726329081657,-19.423420441389567
loop,895,43.7869259652247,-0.9011285961775002
loop,897,43.786925965224995,-0.6020305940419917
loop,899,43.78692596522529,-0.30101529702102425
loop,901,43.78692596522557,-13.528432711976109
loop,903,43.78692596522584,-3.0063183804391542
loop,905,43.7869259652261,-27.05494812906744
loop,907,43.78692596522635,-0.6020305940420485
loop,909,43.786925965226594,-15.031591902196396
loop,911,43.78692596522682,-3.0063183804393248
loop,913,43.78692596522704,-3.0063183804393248
loop,915,43.786925965227255,-3.0063183804393816
loop,917,43.786925965227454,-6.01263676087882
loop,919,96.59252004311384,-21.25400180662041
loop,921,72.52086145515716,-6.779205921249286
loop,923,72.52086145515682,-6.184907807128866
loop,925,44.67200961578155,-1.8359413676635086
loop,927,44.67200961578122,-3.2508135738301007
loop,929,22.450726588546917,1387.9362841947375
loop,931,43.79616697288265,-0.7096985693611373
loop,933,43.796166972882894,-3.680842039470406
loop,935,66.24689356142927,-5.411206567763031
loop,937,-44.13592652586082,365.3853409572887
loop,938,43.78692596522764,-30.061266509508755
loop,940,87.58309293811072,-282.67658331129013
loop,942,58.76526188295374,-8.484895702250938
loop,944,58.765261882953624,-161.19575156274635
loop,946,58.76526188295345,-8.484895702250867
loop,948,58.76526188295328,-118.7747264074946
loop,950,58.765261882953084,-0.18302786822113148
loop,952,58.76526188295283,-12.124732930648008
loop,954,24.563771881463556,-3.0494769052313018
loop,956,-34.201490001489006,76.554786825061
loop,958,-34.20149000148875,-0.6164539909556765
loop,960,-34.20149000148851,-1.0270334042866693
loop,962,8.279108813608914,-0.03612249972798054
loop,965,-43.42575086803869,-0.3319000675677444
loop,995,65.65546634961343,-5.832296273924783
loop,997,65.65546634961355,-31.48060583035698
loop,999,65.6554663496136,-2.202737173670073
loop,1001,65.6554663496136,-207.7345698157991
loop,1003,65.65546634961355,-4.965857581346199
loop,1005,65.65546634961338,-9.25494464162341
loop,1007,34.211953310709866,-8.85334241596388
loop,1015,31.443513038903323,-1.5038043530983032
loop,1016,31.443513038903124,-2.7436272714318193
loop,1017,31.443513038902896,-12.369557042767383
loop,1020,65.65546634961201,-7.987616404717073
loop,1021,65.65546634961235,-103.49847268065776
loop,1024,115.42975820245854,-98.75770353116167
loop,1025,187.46930745847177,-257.5055190578527
loop,1027,72.0395492560137,-29.428195516589938
loop,1029,38.731847992151316,1376.6748002041968
loop,1031,33.3077012638628,-7.687053133971801
loop,1032,-0.6467950065431441,1384.3618533381684
loop,1035,5.517513897474541,124.87660631332056
loop,1036,33.95449627040639,-4.726922049605889
loop,1038,-9.760053776499383,125.73540532172069
loop,1039,28.43698237293231,-0.8587990084001262
loop,1041,38.19703614943217,-5.485891025459864
loop,1043,35.14470761798636,-0.9708282722132253
loop,1045,43.96714963644814,-4.65879569564072
loop,1047,12.96760333169682,-0.09383257478191354
loop,1048,12.967603331696344,-0.4373808727735877
loop,1050,38.07709995818737,-1.8659769515576272
loop,1052,15.347009585817569,-1.6362317953191905
loop,1054,8.296361910906013,-0.6757692185532278
loop,1056,-22.730090372369112,-277.29418426859644
loop,1058,-22.73009037236843,-0.36579316190193367
loop,1060,-22.730090372367755,-0.5083904962026509
loop,1062,-7.050647674910748,-279.7674488789587
loop,1064,-7.050647674909962,-0.03519583590610864
loop,1066,-7.0506476749092,-0.03902363161904532
loop,1067,-4.033911587646433,-0.03706862446364312
loop,1069,8.29636191090506,-0.11384419306239124
loop,1071,3.100451342023951,-0.01837005797983693
loop,1073,-5.511528003166275,-0.06528004605786464
loop,1075,-5.511528003167614,-0.29562838912784173
loop,1077,9.197254976639213,-0.4332674144174007
loop,1079,9.197254976638282,-1.993097777919047
loop,1081,9.197254976637486,415.3899401494395
loop,1083,30.22138455050338,-1.5782378414101572
loop,1085,30.221384550503963,-3.3957686888676335
loop,1087,30.22138455050446,-1.9243907013029116
loop,1089,30.2213845505049,-1.3298115145216798
loop,1090,31.16887048071364,-8.08286741220195
loop,1091,0.9474859302084045,0.011698211058046581
loop,1104,52.68786301791484,-5.2466606187557545
loop,1106,11.99667642322789,-0.18436183410585727
loop,1108,-1.0539936166562676,412.37560849332283
loop,1110,-14.81245601340923,-0.2360839259885097
loop,1112,-8.355290194562418,-0.15274619282695312
loop,1114,-8.355290194562894,-0.09612957382211107
loop,1116,18.69617878472005,131.18969936328517
loop,1117,18.69617878472064,-0.501250543049423
loop,1119,10.340888590156672,-0.12361567722012978
loop,1121,-6.457165818847248,-0.09739949760262334
loop,1123,-2.9954693869274944,-0.013522065129961902
loop,1124,-2.99546938692796,-0.26156988113660873
loop,1126,7.3454192032282215,-0.04354183289984803
loop,1128,7.345419203227749,-0.02573662242031105
loop,1130,5.911306824559398,-0.21585752163849747
loop,1132,5.911306824559853,-0.024740032248871557
loop,1134,5.911306824560301,-0.021734887088712185
loop,1136,-3.4616964319206764,-0.030545539234083208
loop,1137,-3.4616964319202217,-0.05149242137656529
loop,1139,29.048488145232458,-1.2429389993703808
loop,1141,29.048488145232074,-0.7113357613504832
loop,1143,29.048488145231676,1348.874461494585
loop,1145,2.561744674506649,-0.010322868777791427
loop,1147,2.561744674506244,-0.01319069691248842
loop,1149,-16.159238069317443,-8.1117302466929
loop,1151,3.623922466538019,-0.02848507366030617
loop,1153,3.623922466538435,-0.004649016171413223
loop,1155,3.6239224665388523,-0.013093415601360903
loop,1156,-26.486743470724626,-8.1344441864357
loop,1158,-13.597493394811998,-1353.685266959026
loop,1159,-13.597493394811607,-0.4740626434586943
loop,1161,19.783160535855046,-2.1349421194953493
loop,1162,23.822125782085116,-0.01848160269685195
loop,1164,20.145023854363515,-0.6602723713730825
loop,1165,13.256726027786694,-0.16660226415706347
loop,1167,-22.86282100418535,-6.2144823583791435
loop,1169,13.489817747703501,-0.26986919619065475
loop,1171,13.489817747703047,-0.37068344749854987
loop,1172,6.601519921125345,-0.04423376624805542
loop,1173,6.888297826577266,0.5975570024281751
loop,1174,-9.373003256481399,-0.3859390638721152
loop,1175,-40.691186594686634,-237.14669906549847
loop,1177,-26.809132436636123,-1.2412459881227846
loop,1178,-13.758462396752636,-0.3068476610745279
loop,1181,13.050670039883816,412.68245615439736
loop,1183,-51.37290431809937,189.98645588065426
loop,1185,-51.3729043180991,-2.267051581047781
loop,1187,-51.37290431809883,-7.247175368518185
loop,1188,-51.37290431809858,-3.879587688172478
loop,1190,-11.084559262554896,-1.1126876638323324
loop,1195,-5.195910568880014,-282.92242833123595
loop,1197,-8.505261781955515,-2.0548752114883087
loop,1199,7.4048534033845135,-0.5819304657125599
loop,1201,-7.775208049475953,-0.2533621281511387
loop,1204,11.592950452070312,-0.9718210928316466
loop,1205,-8.822442018461347,125.58319910055121
loop,1207,44.01598430577754,-5.143815251549086
loop,1238,96.25276049011686,-5.669931468004279
loop,1242,84.464545792488,-12.156778185468397
loop,1246,74.14179345455346,1375.4202912274534
loop,1262,53.28476981920135,-2.5780541587741936
loop,1264,46.67271547817351,-4.1519205573249565
loop,1266,39.542179665791366,-3.2946450319603855
loop,1268,39.54217966579198,-2.700309520890528
loop,1270,33.993645109354766,-2.5306937178891076
loop,1272,28.68098473475322,-3.115181978010696
loop,1274,24.40510879798986,-0.7153268128381569
loop,1276,24.405108797990643,-0.7671448240489553
loop,1278,15.97643847328604,-1.2813378622765867
loop,1280,37.15154769122731,-0.024844274925385434
loop,1282,37.15154769122779,-2.2359847432828133
loop,1284,37.151547691228274,-0.024844274925385434
loop,1288,37.15154769122978,-0.39474792381417956
loop,1290,37.15154769123029,-1.2711987336813309
loop,1291,-12.040672446431307,0.8444015440658177
loop,1293,18.771792204188095,-2.7510320852242103
loop,1295,14.666618995262413,-2.169166343393101
loop,1297,12.493615341678998,-1.1727073578097702
loop,1299,8.176450608412168,-0.691854554515885
loop,1301,3.961299261358934,-0.17534619686625774
loop,1303,38.08505298560859,-2.1728059488530107
loop,1305,29.353593937298854,-6.161540994283314
loop,1307,23.58339283131806,-3.0550770389793342
loop,1309,19.760237405350725,-3.7051411951947557
loop,1311,19.760237405351123,-0.6969835634338324
loop,1313,19.220410241027277,-2.7477769752206314
loop,1315,5.532557923238352,-1229.5725043620923
loop,1317,2.0806980434797517,-0.0335088156546135
loop,1318,-0.3563147730197768,0.07012216206317134
loop,1320,45.69278944256873,-0.6367884571481
loop,1322,45.69278944256846,-15.56060449549068
loop,1324,45.69278944256816,-21.118410636238593
loop,1325,45.692789442567864,-1.1107260922516389
loop,1328,39.41863952714019,-0.4164262101017471
loop,1330,39.41863952713961,-1.6256857939858946
loop,1332,90.29619031330404,-6.8243974615256775
loop,1334,90.29619031330347,-21.639128868445653
loop,1336,90.29619031330296,-12.115955349852982
loop,1338,90.2961903133025,-6.702096431749055
loop,1339,68.27808421454989,-1.7295637068673955
loop,1341,-22.01810609875209,75.47077554986208
loop,1343,-22.018106098751627,-1.4829940113020257
loop,1345,-12.224296139374314,-5.455664588508853
loop,1347,-9.793809959376874,-1.2271840216769192
loop,1349,-9.793809959376444,-1.4465501186008964
loop,1351,-9.793809959376018,-0.6824616466974476
loop,1353,-9.793809959375597,-0.7896987684131886
loop,1356,103.22683146824455,-241.19355166612206
loop,1358,103.22683146824481,-55.58054188162134
loop,1360,103.2268314682452,-18.519743441383923
loop,1362,103.22683146824572,-33.34193166173242
loop,1363,103.22683146824636,-3.70821099977087
loop,1365,-24.824965210996165,-1.7231157980451144
loop,1367,-11.082375057579467,-0.14627747296799498
loop,1369,54.25096264563325,-1.765900168786743
loop,1371,54.25096264563258,-2.428112732081672
loop,1373,43.389767714584536,-2.703516909179598
loop,1375,30.685221453106145,-1.2965595371172185
loop,1376,-14.708782979807893,61.9696226094178
loop,1378,15.97643847329732,-0.9530907532107449
loop,1381,-24.127118333921718,-1.8674340278298018
loop,1383,-16.422113610229687,-0.8265870242846631
loop,1385,-18.68596087032029,-1.282134370752317
loop,1393,-4.456987660787718,-0.025387136452764025
loop,1395,-4.456987660787096,-0.020957299653844075
loop,1397,-2.15622180981371,-0.01194403241481723
loop,1399,3.34910830155596,-0.006471935741785728
loop,1401,3.349108301556969,-0.025697062018025463
loop,1414,-25.922381187878962,-15.597764075790451
loop,1416,-25.922381187879033,-6.997222011080794
loop,1418,-25.92238118787916,-2.9405400480639514
loop,1420,8.27910881360863,-0.03612249972798054
loop,1421,-43.42575086803902,66.39059975549424
loop,1422,-25.922381187879353,-10.995442597456815
loop,1424,-9.560073189015286,-0.11013097425211527
loop,1425,7.040914898359128,55.9523560188058
loop,1426,-2.5191582906565597,-0.0103950076121464
loop,1429,111.49782150653763,-10.243773717198906
loop,1431,111.49782150653792,-25.348367205235036
loop,1433,111.49782150653822,-14.097620603598216
loop,1435,111.49782150653851,-79.91138028212481
loop,1437,111.49782150653883,-39.22221605322113
loop,1439,111.49782150653915,-113.63875655863586
loop,1441,111.49782150653948,-86.86073647031981
loop,1443,86.34216829948583,-14.365727241367551
loop,1445,3.137547108306079,-0.021893504929607843
loop,1446,-25.155653207054016,14.343833736437944
loop,1447,89.47971540779226,-14.05161716890143
loop,1449,-22.018106098748294,-21.208414191699944
loop,1450,-22.01810609874867,-6.825941706154595
loop,1452,-9.793809959374768,-0.5392550074113842
loop,1453,-9.79380995937518,-0.7705150257090168
loop,1455,50.8775507861649,-1.02505596890353
loop,1457,50.877550786165386,-4.75512074463586
loop,1459,50.8775507861658,-12.598352021852577
loop,1460,7.063596197310224,-0.13114678042768446
loop,1461,43.813954588855914,-11.567886928320547
loop,1462,-10.829549472220904,-0.40578583052865724
loop,1468,43.16858758805494,-1.5690896955607059
loop,1470,63.28052627038128,-7.444226084399816
loop,1472,51.9205104273239,-7.259626212370222
loop,1484,13.334979875816257,-0.33466042211944114
loop,1486,10.322752337934881,-7.267018841981724
loop,1488,11.788214697629206,-13.333682376434183
loop,1491,8.429833027912593,-12.547858699503536
loop,1493,8.51506108477558,-12.802866297632704
loop,1511,10.32275233793524,-162.3493588704842
loop,1513,11.788214697629568,-168.18349217610097
loop,1514,0.6761627661256842,-0.25598134539916373
loop,1516,2.5969908467286666,-11.85238570849424
loop,1522,22.110967035567715,-0.6243187403676416
loop,1533,10.861267184172554,-4.903482091581282
loop,1544,11.360015843057717,-6.357998655732672
loop,1545,11.360015843058058,-147.4519680442063
loop,1551,10.861267184172895,-156.38276515071334
loop,1553,0.24207546533704977,-0.03205445795583728
loop,1554,22.11096703556808,-0.6360522170855916
loop,1556,8.536068238051959,-12.866149381369723
loop,1558,9.448022381701517,-0.2863625271759247
loop,1571,22.22128302723399,-1.5030828165818093
loop,1573,8.525109484514783,-12.833275737959184
loop,1578,24.071658587953685,-1.1548333811197153
loop,1580,13.424409415529194,-11.932920878221466
loop,1582,13.424409415529531,-134.07528213868
loop,1584,4.045524341217233,-14.398910953919312
loop,1586,38.49610101179505,-2.812740707323428
loop,1587,24.07165858795335,-0.24974068603250998
loop,1589,14.42444242384204,-12.220046524273357
loop,1591,14.424442423842377,-130.85303711448137
loop,1593,4.062792886805346,-14.522098414268157
loop,1595,0.4732124832458328,-0.12237867082330922
loop,1597,13.334979875816595,-12.752304553916701
loop,1599,1.2255753271297722,-0.7722441981936754
loop,1600,10.736678712138103,-141.62035569768727
loop,1602,12.109404548687495,-25.892694721688713
loop,1604,12.10940454868783,-0.1467843162022291
loop,1605,11.962254039268212,-25.267234839697267
loop,1606,24.07165858795637,-2.659071944786774
loop,1613,9.852097557558471,-17.139142189861786
loop,1614,7.759818311527156,-0.09495870829550768
loop,1619,9.888437053791531,-17.265810940479696
loop,1620,11.980716299823516,-0.22635873694071051
loop,1622,27.848851839374927,-2.4344782845935242
loop,1624,2.569082076148694,-11.599009299941372
loop,1626,9.41465169082681,-0.27929098501414273
loop,1627,2.6372917059413967,-1.2281403845763066
loop,1631,7.530242421862089,-0.17867603989196823
loop,1632,2.5287812169366903,-1.1291566290304331
loop,1633,10.059023638799143,-0.10158869239216983
loop,1635,13.334979875816932,-133.94329759482798
loop,1637,10.736678712137767,-6.1821510713705266
loop,1649,22.22128302723365,-0.6893244454495289
loop,1654,27.848851839374593,-1.169542291547259
loop,1655,4.101262789060709,-2.9700712631522492
loop,1660,4.007054438962538,-2.8351899442379818
loop,1700,5.548534556437901,-3.9726558578230424
loop,1702,5.548534556438594,-38.6508259295731
loop,1704,1.271773499918278,-2.830494442490931
loop,1706,0.031005984157559098,-0.0006746363698084679
loop,1708,1.2695845921379996,-2.8207594394333455
loop,1710,5.312660374602977,-36.867336750872255
loop,1711,5.312660374602261,-3.234511685322559
loop,1712,0.11362752136802526,-0.009060366687776877
loop,1714,1.3027794840765539,-0.29969085861227995
loop,1716,4.841224688225195,-0.02948432025425518
loop,1717,1.2385786079811574,-0.27088117472783324
loop,1720,4.163133535152999,-3.0603588745057095
loop,1721,4.717190758744833,-0.06982642659750127
loop,1724,4.156703303833717,-3.050912327711103
loop,1725,3.602646080243317,-0.04072828645007576
loop,1727,4.275875936764113,-1.1035139736603696
loop,1729,4.275875936764892,-32.31864192088415
loop,1733,8.428670324705415,-4.449603865458471
loop,1735,8.428670324706221,-25.956508005482874
loop,1737,1.628441698839156,-4.66571438959204
loop,1739,1.485796837444422,-1.5335723867160596
loop,1750,1.462948477163996,-0.37791117715335076
loop,1752,4.2345953771547915,-0.0565568909008789
loop,1753,5.314431788423448,-4.987068675844512
loop,1756,10.861194931047304,-0.6015063666287688
loop,1758,168.76058752724472,323.2253121651094
loop,1760,158.33370273191295,-48.60987966964035
loop,1762,10.426884795332164,-12.546823121786588
loop,1764,10.426884795332562,-136.1094114673549
loop,1766,2.270149480387024,-9.090902454906427
loop,1768,2.3007193727306112,-0.9346714415902397
loop,1770,8.212152867857272,-0.21331099529538733
loop,1771,7.454503995443669,-9.81226290120128
loop,1773,8.884076519527827,-9.532544008304058
loop,1775,8.884076519528254,-90.78541179582828
loop,1777,2.235915469697169,-8.818786874705665
loop,1778,0.030569892343167794,-0.0005146955695636279
loop,1779,0.7022313195023042,-0.2716008846311979
loop,1781,2.2053455773544246,-0.8587860486285308
loop,1782,8.798089074275913,-0.07640008853127256
loop,1784,7.350392369333807,-9.540095447394606
loop,1786,6.5927434969210665,-0.13747747593959048
loop,1787,19.310961314864244,-0.6887707300920738
loop,1789,6.612054341028351,-5.084025610241838
loop,1791,6.612054341028861,-49.6125317698486
loop,1793,1.6018692961120253,-4.512800811432953
loop,1795,1.5701172307146822,-0.4353071832370006
loop,1800,7.13053581238269,-5.814429171897473
loop,1802,7.130535812383225,-44.695198808400846
loop,1803,0.24658027070815763,-0.03500884246716396
loop,1805,5.256765315625505,-4.879427301699252
loop,1806,4.667188577040291,-0.06868069297070178
loop,1808,0.03175206539785509,-0.000580503794822107
loop,1809,1.6081733106126068,-4.548390157694939
loop,1811,1.639925376010975,-0.4748755906613269
loop,1812,6.237305807755485,-0.04014891121914843
loop,1814,5.275782231062981,-4.914794868143758
loop,1816,5.865358969649222,-0.10847088021250784
loop,1817,13.74259015341619,-0.7195519675153719
loop,1822,9.564918394951734,-0.26266108396600885
loop,1824,6.411520078335144,-3.7135363320744545
loop,1826,6.411520078335995,-22.943337939990556
loop,1828,2.1991508594279945,-4.262736731991708
loop,1830,2.348472275453583,-0.9738735025174492
loop,1832,7.116106794806697,-0.08000958194588748
loop,1833,5.404007117952482,-5.15660065256327
loop,1835,9.56491839495258,-8.038838051749963
loop,1837,9.564918394953434,-17.312302127861813
loop,1838,1.1916378990436167,-1.0430730084872266
loop,1840,2.4497133039368912,-5.289431385008584
loop,1841,0.14932141602471516,-0.01637835547035138
loop,1843,6.511859403035247,-0.05584648006936277
loop,1844,2.3003918879130483,-0.9344053779184378
loop,1846,4.211467515121322,-0.02802360462123943
loop,1847,5.923567191973791,-6.195813158305782
loop,1848,1.71209967685334,-0.003860502744714722
loop,1849,15.97643847329641,-1.098836553982892
loop,1852,-2.4510526895704148,0.5446199488391699
loop,1853,2.6065232712525224,-0.6545440376424949
loop,1854,2.173003653584076,-0.47984403957843824
loop,1856,115.42975820245891,-2.3183810596900116
loop,1861,-5.262871043613451,-0.02739313569384194
loop,1933,17.208355332227292,-0.06603643099253986
loop,1935,8.53063777256907,-0.111195281072753
loop,1937,8.530637772569019,-0.1074111484708169
loop,1942,-0.8615386285518818,0.0018801162847239539
loop,1944,7.669099144017083,-0.14609666289499046
loop,1945,7.669099144017024,119.1727959404684
loop,1947,9.539256188209956,-0.49993976298191
loop,1948,9.539256188209913,120.06062937554054
loop,1950,8.677717559658175,-0.10760767554256745
loop,1951,8.677717559658126,-0.11287887028572641
loop,1961,13.133640234877163,4.129738242766791
loop,1963,13.13364023487651,-2.4354216896608136
loop,1965,8.403542930417984,-0.5237144625375549
loop,1969,4.730097304456682,-0.07112637540012656
loop,1970,4.730097304457691,28.28250733457088
loop,1972,-14.436619781562163,-1.448491135485881
loop,1973,-14.436619781561367,7.755277328007423
loop,1975,-11.714208055205203,28.802286159783023
loop,1980,-14.562645974307518,7.742306906108581
loop,1981,-8.881514770249208,-1.2663604642756354
loop,1982,-6.0330768511450295,-0.06719073807471432
loop,1996,3.0139637298212016,-0.06746669988746135
loop,1998,3.013963729821152,-0.01900368064690383
loop,2000,3.0139637298211057,-0.044665916702118835
loop,2002,3.013963729821056,-0.0028523688925083945
loop,2004,3.0139637298210062,-0.0018985512692175632
loop,2005,3.0139637298209565,-0.06746670006135247
loop,2039,42.94149035679411,-2.422978674598312
loop,2041,20.739630948969364,-0.22495918866343345
loop,2043,20.739630948969193,-1.3497551319804302
loop,2045,34.1900457554809,-3.9666391934680973
loop,2046,20.73963094896901,-6.4571459659943
loop,2048,11.766872750490032,-0.13569010843980323
loop,2052,39.13610843236455,-0.46255376493542144
loop,2053,39.136108432365134,-0.6555397728223511
loop,2055,3.564640866044419,-0.5252935105901315
loop,2057,3.5646408660452362,-0.2151365367151925
loop,2058,3.5646408660460507,-0.2385175258440313
loop,2059,-25.533846208373017,-5.331870377333075
loop,2061,-18.549735457621303,33.79285286690805
loop,2069,-6.984110750749703,-1.2286153014284196
loop,2070,-6.9841107507507685,-0.4577796809555821
loop,2095,4.485458663062574,-26.90406097536038
loop,2096,104.95663091710378,21.840333029998533
loop,2099,120.13175582438869,81.68906896528136
loop,2112,-25.04368194627306,-5.935688355352454
loop,2116,-11.497902559147335,-1.0320991657680452
loop,2142,-24.127118333921405,-0.5757145428689796
loop,2150,26.715409650804652,-0.9465030630467481
loop,2152,26.715409650805036,-0.4774740724701019
loop,2154,26.715409650805476,-0.7643867438198981
loop,2156,26.715409650805974,-0.7686690224967947
loop,2158,26.71540965080714,-0.7772335798505878
loop,2160,21.452538607196686,-1.6116603672518295
loop,2161,26.7154096508093,-0.11419409804966563
loop,2163,13.297568861700222,-0.22333040142876825
loop,2164,13.297568861699938,-0.2012272342248025
loop,2166,-43.42575086803838,-3.309571696484909
loop,2167,40.01297851250393,-1.242405836767091
loop,2206,0.539827164324243,-1251.5187670937783
loop,2219,0.5943952040336355,-0.272182439700714
loop,2221,-0.7425581709311647,-1251.0368554155614
loop,2223,-0.05456803970899867,-0.5280700773590752
loop,2229,1.749354503702621,-0.009067494615237592
loop,2234,-0.7425581709307748,-0.3407700234743629
loop,2235,1.094588748429543,-0.0037561203958489386
loop,2237,3.8231554259677405,-1252.9121118018759
loop,2239,1.4348289442937987,-1.627375778602925
loop,2241,0.3180313148417945,-1252.0900377589846
loop,2243,1.1150158772247487,0.3918191484449949
loop,2245,2.388326481674347,-3.525232860492906
loop,2246,-1.8039225434112254,0.011617267397241449
loop,2251,1.0220912828588644,-0.6456241843266071
loop,2254,1.1150158772251553,-0.3841786549410813
loop,2255,-1.4475387976684544,-0.005776931149569009
loop,2256,0.3520305774991551,-0.0002212070666018917
loop,2258,1.752860259135995,-1.8988690292445085
loop,2259,2.3372641973999153,-0.01712589031569678
loop,2260,0.5844039382635203,-0.001011947354527365
loop,2262,1.9118166825907215,-0.006524251804705727
loop,2263,2.263847260090252,-0.05401754655537161
loop,2267,8.731459048310168,-8.951224095617135
loop,2268,3.052328531446309,1384.3094353771642
loop,2275,2.280688087874241,-0.30332247404794543
loop,2277,2.280688087874621,-0.688850100833406
loop,2279,-9.866000418563472,-1228.4461769801992
loop,2281,5.532557923239104,-1.801626736464243
loop,2282,5.532557923238729,-1.4257151859702049
loop,2284,14.699424764231827,-2.090507130263404
loop,2285,9.166866840993855,-4.353669304327468
loop,2287,-1.4475387976688576,-0.6474877466809517
loop,2289,17.2206058609602,7.710865573370313
loop,2290,-2.5625546748944226,126.17906361449076
loop,2292,-3.3715622283694735,-1245.5238409833041
loop,2294,-4.333442495323998,-11.605570583958581
loop,2295,-4.333442495323632,-0.050758890594352124
loop,2297,2.1371071600832106,-1253.360408494218
loop,2298,15.098850210813943,-2.6347102842471486
loop,2300,17.553988685738542,-1.686464005277685
loop,2301,11.783787579756913,-1.0283797538620547
loop,2302,17.090569341052998,-2.4339656408244537
loop,2303,24.983117046219835,-5.452003859709521
loop,2304,5.77020110598121,-3.818062855195876
loop,2306,-3.371562228369105,-0.03066933115763959
loop,2307,-7.705004723692376,-0.5387564124634991
loop,2311,-1.0243094510538713,-0.01157278466223488
loop,2312,7.798132567406962,-6.608925518842568
loop,2314,9.419946798485578,-0.899776932539055
loop,2315,4.105173208926296,-1.7492334504324845
loop,2317,10.78297387966395,-1.3032987384056582
loop,2319,13.303591914086752,-1.6788850014478385
loop,2320,1.7106414620157393,-0.2789577746003147
loop,2322,16.980112852105684,-3.107270287027859
loop,2324,19.33086672997537,-3.731218849192601
loop,2325,2.2402973889219853,-0.36822401271660965
loop,2327,0.18186157975461587,-0.0003034827964256692
loop,2329,1.2121351701237861,-0.014703001608211252
loop,2333,2.5583054621829886,-0.07544337149539615
loop,2334,1.346170292061615,-0.05456638502141686
loop,2336,1.2121351701221763,-0.016889279162910498
loop,2354,0.9928460308019105,-0.6092060796095211
loop,2362,0.7256380124601838,-0.29244932095878085
loop,2364,0.7256380124609936,-0.3254171758882194
loop,2365,2.039525056961281,-0.008660417237479123
loop,2368,0.9926286473789474,-0.6089393386249071
loop,2372,0.7289893093799817,-0.2887446848758941
loop,2374,0.728989309380796,-0.3284299395843391
loop,2375,2.0111777325632723,-0.008235285835326067
loop,2404,-2.5792974805985973,-1.3438185149728383
loop,2405,-7.775208049476774,-1.0396250340768916
loop,2406,-5.195910568879038,-0.1653596056686979
loop,2409,1.4029937991767347,-0.09301240829978497
loop,2411,1.0466790261577588,-0.6770604801162108
loop,2412,1.046679026158563,-0.0022677615564816733
loop,2414,-0.3276212068797199,0.033428296642568966
loop,2418,1.0185490851827022,-0.6411569401746533
loop,2419,1.0185490851835117,-0.0012106950928227889
loop,2524,-11.082375057578927,-0.1454177397095009
loop,2532,37.15154769122876,-0.041407124875604495
loop,2536,37.15154769122927,-4.9702352225691016
loop,2550,5.725397918842516,-0.26079912265419125
loop,2552,1.5440308499961317,-0.02115112538962194
loop,2553,1.764098657484366,-0.15719245818837635
loop,2554,2.765163069423091,-0.01054400885789164
loop,2556,2.740167041944889,-0.010932398448233016
loop,2557,5.505330111368813,-0.31360370124485826
loop,2559,25.110875244799516,-3.180524744244053
loop,2561,5.3147735895586745,-0.21589043233012717
loop,2562,6.339083040611983,-4.284375103326568
loop,2564,8.61197934518727,-0.21901275387847363
loop,2566,8.611979345185132,285.18325078309874
loop,2568,4.288433459532499,-0.051236383041612044
loop,2570,4.288433459530021,-0.10098312249863284
loop,2572,4.288433459527733,0.3648155521050853
loop,2573,-8.611979345171587,-0.12830750565808557
loop,2575,-8.611979345173216,-0.1429182447417361
loop,2577,-4.323545885647583,-0.1023818295115575
loop,2578,-4.323545885649966,-0.11021421705328294
loop,2580,3.100451342022601,-0.020071523318620166
loop,2582,-1.2491609593074988,-1251.1089141863663
loop,2583,-0.6547657552734693,-0.2649551322735988
loop,2587,-54.12196921217131,-1.271267397308975
loop,2588,-50.75132610369475,-3.4657422106686226
loop,2589,-3.3706431084763873,-0.04377483831905238
loop,2590,100.4711722540413,-23.600839189688713
loop,2592,21.452538607197248,-0.5007100170103058
loop,2593,120.13175582438886,-15.384126915442323
loop,2595,2.369793932278652,-0.009839097589122048
loop,2597,0.22354987303356735,-5.742077740933382e-05
loop,2598,15.252703476138118,-1.6629461978899371
loop,2599,2.339214603817627,-0.008897349989354097
loop,2600,2.0922792460316484,-0.004290079794600388
loop,2601,0.9119541436492214,-0.0008191854547021649
loop,2602,0.9848186629138529,-0.0009737472699953287
loop,2603,0.7576488724131677,-0.0005665691754757063
loop,2604,0.589576738585728,-0.00035872397734237893
loop,2606,0.03846990225502811,-0.000808789525535758
loop,2617,2.578233164995495,-11.89305867256553
loop,2619,2.5252660738990493,-1.126153003072659
loop,2620,7.613155340865896,-0.1859359376790053
loop,2621,10.138421414765283,-0.10124577495162157
loop,2623,2.634839230766523,-1.2258572974662911
loop,2624,2.581872139669389,-11.926654611079357
loop,2625,0.05296709109679664,-0.0015414805579894164
loop,2626,0.06820962979233962,-0.0026049368462963685
loop,2627,0.5540572235911169,-0.00038618010682966997
loop,2629,1.3382859348513523,-3.151167930572342
loop,2630,0.16549322167596586,-0.019025927696361578
loop,2632,1.5037791565281238,-0.39930044689197075
loop,2634,5.697543854319595,-0.040415197434981565
loop,2636,4.423386839358761,-3.454948017238962
loop,2637,5.503223250629029,-0.09552036022535049
loop,2638,1.0798364112694627,-0.0014517281105099755
loop,2639,12.704546261477562,-1.0331565780398932
loop,2645,13.33292670877514,0.12052598186426167
loop,2649,6.357721075952426,-0.06750243085696184
loop,2650,12.253642156640293,65.6260324964449
loop,2652,-5.895921080688213,65.33161480419085
loop,2654,-21.74800608012064,-4.216106000061018
loop,2655,-15.852084999432073,-0.17389171038979612
loop,2657,2.3007658509726387,-0.03623946188787386
loop,2661,-11.693614935896653,-137.1244612181905
loop,2663,79.32003312695808,-15.420877423046505
loop,2665,-13.350067010379247,415.83812677478767
loop,2666,-0.7651786776804691,-0.35926358013216486
loop,2673,65.96996611657852,-10.814810527114957
loop,2675,-8.237230817387287,-7.987398385617951
loop,2677,-10.826161397887596,-116.34477702218754
loop,2678,49.45979208588141,-1.0347726438810128
loop,2681,-10.921844682235799,-126.34416906475957
loop,2682,60.28595348376965,-9.918267195543507
loop,2683,0.07904030501993503,0.004042079508394636
loop,2685,-6.162008617794921,-0.172195538183189
loop,2691,-2.892845544749987,-10.10369997983014
loop,2696,-2.882497684422288,-0.9780944826845825
loop,2697,-2.838010345531572,-9.745625749899943
loop,2705,-9.692042787948166,-11.05792195606358
loop,2706,-0.044487338891032596,-0.001189350201968864
loop,2711,-2.848358205858639,-0.9550631405878676
loop,2712,-3.2795109333729515,-0.024220692298683844
loop,2713,-0.4311527275146295,-0.0008411643544263825
loop,2714,-9.620783268045239,-10.895915770767715
loop,2715,-9.26089006043322,-0.19725739483629923
loop,2717,-5.751932282450665,-0.12214880463318423
loop,2719,-2.6916923681552984,-0.8528913723637288
loop,2720,-2.667970885519902,-7.012358208621038
loop,2722,-0.023721482635740355,-0.00037243834475475524
loop,2723,-2.6790925296379515,-7.0160278497846775
loop,2725,-8.16371184757757,-7.845456327474096
loop,2726,-7.758842980283034,-0.14598413765224905
loop,2728,-3.060239914295712,-0.023234734534298696
loop,2729,-0.40486886729418897,-0.0006005984847661239
loop,2730,-2.6553710470018683,-0.8300290761741849
loop,2740,91.01364806285532,-19.482754682484256
loop,2742,91.01364806285578,-28.453767999291685
loop,2753,-8.668345909141438,-8.845356512196702
loop,2755,-11.497902559149068,-143.4082423276838
loop,2756,71.20779816600611,-14.628538249192161
loop,2758,-2.8295566500063445,-0.02951155661997973
loop,2760,-2.8295566500067832,-0.9424963163849043
loop,2761,-2.829556650007212,-7.873348639191818
loop,2763,115.42975820245928,-0.03997208723603762
loop,2764,115.42975820245962,-85.27378610354111
loop,2766,82.70570072515594,-23.13366777750889
loop,2768,82.70570072515699,-27.47037545667596
loop,2780,-14.5626459743084,-1.4571374895585905
loop,2788,0.9936689525811342,-0.2917539756784322
loop,2790,-0.45700175909672675,0.16013718365121576
loop,2794,1.30709689838842,-1.055883467037063
loop,2796,1.3070968983891957,-0.00622407388539159
loop,2797,0.9936689525819127,-0.6102163815928066
loop,2798,2.3007658509718794,-0.01301148076544223
loop,2799,1.21213517012298,-0.05640240089286408
loop,2802,91.01364806285594,-24.817318464593363
loop,2804,91.01364806285557,-34.28534082942292
loop,2810,91.01364806285605,-24.06352140842587
loop,2814,91.01364806285613,-25.43857977462168
loop,2818,82.70570072515622,-22.955821721265636
loop,2822,82.70570072515707,-21.382568146805085
loop,2824,82.70570072515685,-20.5685804278447
loop,2830,82.70570072515648,-19.501504090384017
loop,2832,82.70570072515667,-22.18287539990027
loop,2838,-11.693614935896951,447.20488685394537
loop,2840,-13.350067010378938,-120.81931498194717
loop,2842,-10.826161397887933,331.33207523788684
loop,2844,-10.92184468223614,351.25377655551074
loop,2846,-11.497902559149445,436.3843665812084
loop,2847,13.297568861699625,-0.07550441916873751
loop,2851,26.715409650806528,-1.0355977266879108
loop,2853,26.7154096508078,-0.20911794205346723
loop,2855,26.715409650808525,-0.46890951511647927
loop,2857,5.925275623584091,-0.04062098713626483
loop,2860,7.86146799812653,-0.825560187224994
loop,2869,34.21195331070967,-7.7636462513336255
node,3,68.87905885356425,-41.811734008995536
node,7,68.87905885356423,-62.715228851119
node,34,44.473285653763746,-0.4924904110734758
node,44,44.473285653764286,-12.001734194353105
node,46,44.47328565376429,-7.381422546691795
node,48,73.80217139798921,-19.83165499163482
node,50,73.80217139798921,-26.295074103664376
node,52,44.473285653764286,-60.49522776342849
node,54,29.328885744224557,51.5200798848154
node,55,29.32888574422492,-5.393350789516205
node,67,44.473285653764314,-63.59059922258524
node,70,24.40577319979994,-3.712635124237295
node,72,24.405773199799945,-3.2176568171233555
node,74,24.40577319979993,-5.652640354405889
node,80,24.405773199799857,-2.3980537478227575
node,82,68.87905885356425,-110.40518122357143
node,85,44.47328565376432,-36.003224709922534
node,86,24.4057731998,-2.398053747822786
node,95,68.8790588535642,-2.9841802668396866
node,97,68.87905885356422,-14.930389983695548
node,98,68.8790588535642,-2.9841802668396866
node,99,44.473285653764655,-0.7377466800418233
node,100,44.473285653763774,-1.2302370911152707
node,101,24.40577319979961,-0.3424940151510327
node,103,24.40577319980096,-0.20549640909064237
node,105,24.40577319979998,-4.796703137411043
node,107,24.405773199798816,-0.24004363148844732
node,109,24.40577319979998,-4.796703137411043
node,113,24.405773199797586,-0.13699760606039035
node,115,24.405773199800453,-0.10304602542805696
node,117,24.40577319980004,-1.3705717023696593
node,119,24.405773199799953,-3.426131435041384
node,121,24.405773199799953,-1.713065717520692
node,123,24.405773199799953,-3.426131435041384
node,125,24.405773199799953,-3.426131435041384
node,127,13.450419977018662,-5.202899903975776
node,130,53.474715911563905,-28.892845123374197
node,132,15.212369432549089,-1.137873375510324
node,134,24.709572551277663,-27.754971747863873
node,136,9.497203118728537,-0.32119104366613627
node,138,9.497203118728558,-1.02003636978948
node,140,56.54231336700112,-29.09619916131949
node,142,69.05348110971529,-210.5002787200101
node,144,65.6731207201274,-211.3781100587521
node,150,69.05348110971529,-24.938644415124088
node,152,65.6731207201274,-25.045351665194318
node,154,10.687451690450386,-0.870939880222295
node,156,10.68745169045019,-0.5536322097622701
node,158,7.881309258999482,-0.42393511821563834
node,159,7.88130925899979,-0.21945242090197326
node,161,22.75831678794913,-4.020775851189285
node,163,22.758316787949383,-2.256150922037989
node,164,18.568760949449615,-4.852354683242709
node,166,22.354055214637025,-2.3021353353713607
node,167,22.35405521463685,-3.1936068869889596
node,169,63.68113295203538,-3.5524311439920098
node,171,42.94148975946099,-15.34921912195
node,173,42.94148975946145,-1.2114893035945897
node,175,42.941489759460985,-17.37021193281703
node,177,42.94148975946094,-4.845957214378245
node,182,8.204048913931128,-3.795812782360315
node,184,8.204048913931135,-6.475887063883931
node,186,8.204048913931302,-1.173756633654591
node,188,5.185500057437398,-2.2113386710267378
node,190,5.185500057438309,-0.2035797295127395
node,192,5.185500057437604,-0.22331655707341724
node,198,5.76985316534366,-2.305795992236199
node,200,8.204048913931095,-2.698314320959355
node,202,8.204048913930748,-0.1693429491527354
node,204,8.204048913931182,-2.698314320959412
node,206,8.204048913930409,-0.20239040067656333
node,208,8.204048913931143,-5.905859002175248
node,211,10.955353222781278,-36.87031161279822
node,212,5.769853165342927,-0.15437132013357768
node,214,5.185500057412153,-0.003710738696668159
node,215,5.185500057438334,-0.05506951341197919
node,221,63.55261928659737,-79.19948461523258
node,225,63.55261928659734,-8.320206961465601
node,227,63.55261928659738,-198.1986388412817
node,228,63.55261928659736,-54.162123957890174
node,230,71.75666820052851,-56.62891570478564
node,232,71.7566682005285,-14.422403426905305
node,234,71.75666820052851,-360.75574841101997
node,236,3.0185488564934064,-0.0583964828086323
node,238,3.0185488564932172,-0.08605030170770078
node,240,3.0185488564935588,-0.07255596701594413
node,241,3.018548856492201,-0.019845145819488152
node,243,-2.751304308850224,-0.06621952039830603
node,245,-2.7513043088507874,-0.05838490635943572
node,247,-2.751304308849872,-0.06892189451605191
node,248,-2.7513043088501212,-0.7660662898204009
node,250,45.69279406831117,-4.852120242783371
node,252,45.692794068311095,-3.033619067454481
node,254,45.69279406831113,-5.154855800099881
node,256,71.75666820052845,-10.606980028355906
node,258,71.75666820052903,-4.242792011342431
node,260,183.25448773496942,-694.213064606428
node,262,183.2544877349694,-127.27656557227283
node,266,35.60771263131598,-6.6311651099038045
node,268,35.437756246490935,-7.2926313351316026
node,270,9.944559993139377,-0.6944355882160949
node,272,9.944559993139096,-0.5298755171833704
node,274,10.67808302537505,-1.0280174571847738
node,275,10.67808302537505,-1.638944424309443
node,277,24.929629605940903,-7.264554907030856
node,279,24.929629605940953,-5.331732102610829
node,280,20.622643018514026,-9.929325128147468
node,282,25.493196253351904,-3.972207473455228
node,283,25.49319625335197,-7.1814287600917055
node,285,71.04546887780727,-2.594393745106686
node,286,-2.5830777129557605,-0.006025078295465391
node,296,31.606985456636977,-2.4565447614242544
node,299,73.628546590763,-2.4341021300076022
node,301,67.00305031812506,-1.7822952745174803
node,302,6.625496272641629,-0.02846770971211754
node,304,38.23248172927595,-7.425551108631453
node,306,18.921072940792186,-0.33652658115693157
node,308,11.857477700439661,-0.15648755226447975
node,309,19.311408788483657,-0.4930141334214113
node,313,67.00305031812432,-12.628706819187812
node,314,67.00305031812518,-1.6072083331920908
node,316,67.95054548861887,-0.6094805154505138
node,318,67.95054548861962,-75.6771640017738
node,320,183.25448773496936,-27.671738794605062
node,322,86.66197614781272,-11.753616541906013
node,326,123.67657280739056,-17.28436096736141
node,329,153.19758648790818,84.13860508992445
node,331,153.19758648790798,-13.354145787754703
node,333,-10.829580758936608,-0.129711480272249
node,335,142.36800572897167,-57.75866363303612
node,337,99.07559044388172,-13.025795669133629
node,341,43.29241528508963,-12.492466661295794
node,345,43.292415285090016,-2.17223630339015
node,347,43.29241528509002,-3.0981075146711987
node,349,-7.45891564569637,-0.21313930401743164
node,351,-7.458915645695973,-0.15143962034335345
node,353,-7.45891564569991,-0.062033496209778605
node,355,-7.458915645696445,-0.1353053477865842
node,357,-7.458915645696307,-0.2316102643238196
node,359,-7.458915645697286,-0.1733599768516001
node,361,2.1602478666140668,-0.005408671509599117
node,363,2.160247866605113,-0.006892672838318958
node,365,11.755794659721232,-0.08913816671258701
node,367,11.755794659720266,-0.1601723026664672
node,369,11.75579465972166,-3.294759216194052
node,373,-9.619163512303079,-0.22632423813053038
node,374,-9.619163512302753,3.7580925793557185
node,377,-6.662962365964501,-0.06064366219169415
node,379,13.916042526326724,-0.3427715440823249
node,380,13.91604252632525,-0.5122207537274335
node,384,-21.374958172022275,-1.6813509196289829
node,390,36.627661048726075,-3.4545828012934408
node,392,141.58429307252797,-64.54446040664158
node,402,-19.660592610514936,-1.7657097034070262
node,411,-3.3706651132405696,-0.04526375108957836
node,414,-19.660592610514776,-10.102580737356675
node,419,-19.660592610514346,-0.2342425744887464
node,421,-19.660592610515337,-0.5805814304985688
node,422,-19.660592610514495,-0.7031142623680466
node,424,-11.03975031560539,-0.5321109959769501
node,426,-20.579004892287998,-3.670434998906501
node,428,-20.57900489228807,-0.49083121769155014
node,429,-20.579004892287042,-0.5175114305599777
node,431,13.07518248417642,-0.5050170127217939
node,433,-69.15333565876654,102.28779871552433
node,435,-37.3354095020819,-2.782289874165542
node,437,-37.33540950208213,-23.692934363527854
node,439,66.23041408605658,-2.7459288115065874
node,441,66.23041408605695,-1.8247705840043977
node,443,17.208339779048995,-0.3263319076622224
node,445,28.895004583975258,-2.058915900913007
node,447,28.895004583974824,-1.866884004234123
node,449,28.895004583974544,-0.5585623429483917
node,451,28.895004583974824,-0.9342769234069692
node,453,28.895004583975012,-0.4951083249154067
node,455,28.89500458397632,129.4754573234262
node,457,50.110104209804945,-14.440890650069605
node,459,50.11010420980483,-9.91351700338629
node,461,24.18771389793458,-4.067236341085163
node,463,24.187713897935364,-0.42825330864133093
node,464,24.187713897934543,-11.916791862998195
node,466,67.95054548861972,-12.503585120000253
node,468,67.95054548861957,-13.390102233382777
node,470,67.95054548861937,-2.705724106469745
node,472,-5.311284246708745,-0.005754787031264641
node,474,86.75285015616159,-1.5990666261239426
node,475,73.26182973535026,-1.6048214131552072
node,477,-92.06413440289114,-79.18944465145273
node,479,79.0051087937798,-18.519442008438887
node,481,79.0051087937799,-11.154109494128875
node,482,79.00510879377997,-9.643592147973777
node,484,-106.48874516084801,-38.249323649328744
node,486,114.35021747284459,19.475402319245177
node,488,156.47404371980673,-15.351547226483547
node,490,156.47404371980687,-6.023095084074896
node,492,72.96768968879731,-4.552262596435128
node,494,79.74273241256822,-8.279395837745483
node,496,83.50635403100893,-2.6596076565314775
node,498,-44.36329192131645,1.9149629250033513
node,500,-6.775042723766115,-0.005049132429974179
node,501,-6.775042723765506,-0.01725885266972682
node,503,39.14306210969344,-2.0255410495694264
node,505,39.14306210969338,-0.5607776279443328
node,507,39.143062109695094,-0.4213493106139481
node,509,39.143062109693176,-1.1905033248982022
node,511,37.5882491975445,-0.41255993149911774
node,512,37.58824919754493,-1.8706484565234405
node,515,76.73131130723847,-4.303904412632619
node,516,76.73131130723858,-17.13318993264153
node,519,32.702937002078954,-5.034052190861075
node,521,7.711119159298879,-1.3029172915913136
node,523,7.711119159298602,-1.0537741986847209
node,525,5.152084691505441,-0.8150328036045948
node,527,2.55903446779345,-0.38737928027467206
node,529,2.5590344677936168,-0.30250213161798456
node,530,2.5590344677932313,-0.12515139171193823
node,533,7.711119159298761,-5.837618889283192
node,534,7.711119159298664,-1.3779575262566368
node,536,-47.03979541048923,-9.2581140018587
node,538,-21.50593367739729,-3.125147523805481
node,541,7.86147231199626,-1.7076716999333144
node,543,7.861472311995948,-0.3911495852078133
node,545,7.861472311996243,-0.9575099579120092
node,547,7.861472311996301,-1.4362340354945786
node,549,7.861472311996215,-5.653529879294922
node,551,7.861472311996238,-30.290206091926166
node,553,7.861472311996415,-0.4787240775825694
node,555,7.861472311995949,-0.47872407758251256
node,557,7.861472311996415,-0.4787240775825694
node,559,7.861472311996415,-0.4787240775825694
node,561,7.8614723119961845,-2.393743993406531
node,563,7.861472311996415,-0.4787240775825694
node,567,7.8614723119961845,-2.393743993406531
node,571,7.861472311996278,-2.393743993406588
node,573,7.861472311995949,-0.47872407758251256
node,575,7.861472311996415,-0.4787240775825694
node,577,7.861472311996278,-2.393743993406588
node,579,7.861472311995949,-0.47872407758251256
node,585,-35.39247841299011,24.774389501723817
node,587,-2.539188258214147,-0.014571298044074865
node,589,-2.539188258214147,-0.024042641772723528
node,591,-2.5391882582107153,-0.008188295803506662
node,593,-2.5391882582162677,-0.00843329992994768
node,595,-27.53100610099374,-6.297100914918985
node,597,-27.531006100993885,-1.4423908330634276
node,599,-15.12711091244638,-0.9102836895695532
node,601,-13.89804541258859,-0.5576404085803119
node,602,-19.823324875646893,-2.2953039455017006
node,604,-12.403895188547528,-0.4464918991922673
node,606,-12.403895188549914,-0.11923887728261207
node,608,-12.403895188547008,-0.3486390915126094
node,610,1.229065499871895,-9.214672218149644e-05
node,612,1.2290654998560997,-0.0022115213322990712
node,613,1.2290654998526191,0.006389846472416139
node,615,-24.991817842780325,-4.247218521789648
node,616,-24.991817842780236,14.579283695659853
node,618,-13.632960688405783,-0.40795746960390034
node,620,5.92527946305776,0.23098169465015417
node,625,5.925279463057102,-0.044763894312040975
node,627,15.569153537343272,-0.6261154336485788
node,629,15.569153537343388,-1.0234066437724891
node,631,7.8614723119962,-1.228947622350745
node,635,-7.707681225346808,-3.541786672417345
node,637,-7.707681225348746,-0.0551903570307104
node,638,-7.707681225346662,-0.49344575403318913
node,640,39.13612596595832,-2.903982530261885
node,642,39.13612596595781,-0.6877047236748695
node,646,82.22851814294219,-3.2725801308563405
node,648,69.0948820688532,-9.046924669766042
node,650,49.147968428444265,-0.3623284200965031
node,652,49.147968428442226,-3.717489590189814
node,654,49.147968428442084,-0.8671726854308872
node,655,49.14796842844344,-1.0145195762701746
node,657,19.946913640411076,-0.3799747924080066
node,659,19.946913640406084,-0.06604797438711785
node,661,19.946913640414905,-0.11458925676811305
node,663,19.94691364040501,-0.05729462838399968
node,665,19.946913640414905,-0.05729462838405652
node,666,19.946913640410607,-0.5765271981143201
node,668,19.189212325546986,-0.17711664331363863
node,670,9.984191779626366,-4.547986716503374
node,675,-21.505933677397636,26.175558381859275
node,677,12.624410855241619,-4.639268690505503
node,679,-15.549585629329263,2.905157220152489
node,681,21.323626548516206,-3.4575163619691693
node,682,81.9032422083236,-9.331024248171332
node,683,5.171930901086812,-0.04186198036939004
node,689,452.48266446829405,-332.4986721103868
node,691,452.4826644682941,-696.4856693990432
node,700,19.738144850137957,-1.115408658763954
node,702,4.485441973433566,-0.03500739007284892
node,707,2.1462360721544775,-0.002565725407521313
node,708,2.1462360721541516,-0.00638897870777555
node,710,2.115656857452511,-0.005442820789198777
node,712,2.115656857448803,-0.004453623918777794
node,717,83.43875386510503,-18.331013527396635
node,719,83.438753865105,-1.2253165137948372
node,721,83.43875386510491,-12.218355009715538
node,723,83.43875386510491,-12.218355009715538
node,725,5.774040919186689,-1.7744641313036027
node,727,9.338683480771207,-0.7511484218436522
node,728,-5.22396774443808,-0.045574031121532244
node,732,-59.01332465853937,227.07364628438017
node,734,-59.0133246585394,-8.65071005833937
node,736,-59.013324658539574,-14.484018974490198
node,738,-59.013324658539474,-23.51084686145299
node,740,37.151535020292464,-1.0420785985448333
node,742,37.1515350202928,-0.2981310957426331
node,744,37.15153502029236,-2.2235610890804196
node,746,213.5197527869874,-69.20665957226822
node,748,213.51975278698748,-262.0096657192528
node,752,45.69279406831108,-11.403735269398737
node,754,45.692794068311194,-8.213528844711618
node,756,45.69279406831095,-2.1483785412323755
node,759,68.27808494800308,-177.34095244550883
node,761,68.27808494800307,-92.68783385100278
node,763,68.27808494800311,-20.148718333368606
node,765,-25.1095118963826,68.11856254012787
node,767,-25.109511896383303,-0.42431814650501565
node,771,-25.10951189638199,-0.6525546532432145
node,779,452.48266446829473,-35.624857726112964
node,781,452.482664468294,-35.62485772611285
node,783,452.482664468294,-35.62485772611285
node,785,452.482664468294,-35.62485772611285
node,787,96.16485967883203,-253.55020927699212
node,790,187.46931436661103,-6.1151854262612915
node,792,149.4496268861221,-49.50140142381372
node,793,265.0133501016835,-138.77858164666418
node,816,-8.565552758424607,-0.6962689066043026
node,817,-2.925174774087599,-0.07506746815744236
node,819,9.205020545920874,-1.9730787420987212
node,821,4.9940036288727105,-1.0775607614258433
node,823,9.205020545919915,-0.1590427209017662
node,824,5.640377984336776,-2.0345733986813457
node,826,4.2110169170481395,-0.44677445626939516
node,828,4.211016917048392,-0.4508884341958037
node,829,4.211016917048336,-0.17989787096064447
node,831,86.66197614781267,-28.46402983630901
node,833,57.61348462157462,-7.262658179206028
node,836,102.82729459093866,-165.06216717875208
node,838,102.82729459093869,-32.682541717348215
node,840,102.82729459093866,-12.920758970753639
node,842,102.82729459093869,-55.05596723462702
node,843,102.82729459093869,-19.423432266182033
node,895,43.78692328529514,-0.9011284858723911
node,897,43.78692328529417,-0.6020305203487624
node,899,43.78692328529417,-0.3010152601743812
node,901,43.78692328529484,-13.528431055990438
node,903,43.786923285294755,-3.006318012442307
node,905,43.786923285294876,-27.054944817330124
node,907,43.78692328529624,-0.6020305203488192
node,909,43.78692328529483,-15.031590062211592
node,911,43.786923285294755,-3.006318012442307
node,913,43.786923285294755,-3.006318012442307
node,915,43.78692328529517,-3.006318012442364
node,917,43.786923285294755,-6.012636024884614
node,919,96.59251158715668,-21.253998085360763
node,921,72.52085270790316,-6.779204285873448
node,923,72.52085270790276,-6.184906315118042
node,925,44.67200024071987,-1.835940597066383
node,927,44.67200024071933,-3.250812209370679
node,929,22.450717191311025,1387.9362074821202
node,931,43.79619857376734,-0.7096995935197583
node,933,43.79619857376668,-3.6808473512550677
node,935,66.2469157650774,-5.411210195059027
node,937,-44.13594829990606,365.38532136734005
node,938,43.78692328529487,-30.06126282977243
node,940,87.58312185906165,-282.67676999747965
node,942,58.76528267741954,-8.48490170712181
node,944,58.76528267741954,-161.19586564307363
node,946,58.76528267741958,-8.484901707121821
node,948,58.765282677419535,-118.77481046591274
node,950,58.76528267742129,-0.18302799775233325
node,952,58.76528267741958,-12.124741511479328
node,954,24.56378018665066,-3.049478967331595
node,956,-34.20150249076797,76.55484081558598
node,958,-34.201502490769776,-0.6164544411739712
node,960,-34.20150249076825,-1.0270341543656514
node,962,8.279112178903018,-0.036122529094143374
node,965,-43.4257717815081,-0.331900387248254
node,995,65.6554660816626,-5.83229622631967
node,997,65.65546608166238,-31.480605573401533
node,999,65.65546608166228,-2.2027371556905564
node,1001,65.6554660816624,-207.73457888083283
node,1003,65.65546608166242,-4.965857540813204
node,1005,65.6554660816624,-9.254944566081463
node,1007,34.21195317094383,-8.853342343626764
node,1015,31.443512910718635,-1.5038043408372914
node,1016,31.44351291071861,-2.743627249062115
node,1017,31.443512910718564,-12.369556941627366
node,1020,65.65546608166231,-7.987616339519718
node,1021,65.65546608166238,-103.49847183587167
node,1024,115.42978373232442,-98.75774721610469
node,1025,187.4693143666106,-257.505538035721
node,1027,72.03953063428614,-29.428171714760595
node,1029,38.731837971797205,1376.6747205574618
node,1031,33.307692662488876,-7.687049163766289
node,1032,-0.6467958791425418,1384.361769721228
node,1035,5.517513551922787,124.87664972777816
node,1036,33.9544885416316,-4.726919897707546
node,1038,-9.760050560776635,125.73544829023058
node,1039,28.436974989709576,-0.8587985624524208
node,1041,38.19702555048589,-5.485887981000815
node,1043,35.14469915295951,-0.9708278045418979
node,1045,43.96713913470226,-4.658793470093542
node,1047,12.967591480028796,-0.09383240326644682
node,1048,12.967591480027492,-0.4373800732902282
node,1050,38.07710337641102,-1.8659772865792092
node,1052,15.3470100831158,-1.6362319013587694
node,1054,8.296357056019636,-0.6757684276567488
node,1056,-22.730093293294967,-277.2941522505001
node,1058,-22.730093293294896,-0.3657932559142978
node,1060,-22.73009329329528,-0.5083906268639566
node,1062,-7.050653027095088,-279.767416966327
node,1064,-7.0506530270998535,-0.03519588934085505
node,1066,-7.050653027096699,-0.03902369086517865
node,1067,-4.033905462675002,-0.03706851189593863
node,1069,8.296357056018925,-0.11384405982312273
node,1071,3.100443036535455,-0.01836995956057308
node,1073,-5.511562152033845,-0.06528085499746794
node,1075,-5.511562152034472,-0.29563205250610736
node,1077,9.19723063765778,-0.4332651212824885
node,1079,9.19723063765819,-1.9930872291405421
node,1081,9.197230637657944,415.3899713376527
node,1083,30.221391318425688,-1.5782385482866061
node,1085,30.221391318425866,-3.395770209797263
node,1087,30.221391318425603,-1.9243915632175117
node,1089,30.221391318425635,-1.3298121101303764
node,1090,31.16888648892091,-8.082875714860847
node,1091,0.9474951705288764,0.01169823972844597
node,1104,52.68787460163443,-5.246662925771034
node,1106,11.996668825412073,-0.18436160058331552
node,1108,-1.054008166153542,412.3756229332981
node,1110,-14.812479614607284,-0.2360846783104762
node,1112,-8.355300550609254,-0.15274657147273274
node,1114,-8.355300550606993,-0.09612981211967053
node,1116,18.696187830621117,131.18974200299488
node,1117,18.69618783061995,-0.5012510280964761
node,1119,10.340887280011582,-0.12361564589701857
node,1121,-6.457179063996476,-0.09739989718110564
node,1123,-2.9954791763176276,-0.013522153512099067
node,1124,-2.995479176314227,-0.26156997879621713
node,1126,7.345408103694287,-0.04354170130932289
node,1128,7.345408103696247,-0.02573654464009678
node,1130,5.911306188562782,-0.21585734451542749
node,1132,5.911306188558007,-0.024740026925258007
node,1134,5.911306188559557,-0.021734882411749368
node,1136,-3.4616998876803304,-0.030545600220420965
node,1137,-3.4616998876817857,-0.05149252418488004
node,1139,29.0484915262379,-1.2429392887061113
node,1141,29.048491526238475,-0.7113359269378634
node,1143,29.048491526238035,1348.8743694269197
node,1145,2.561745191822768,-0.010322872946971984
node,1147,2.561745191820638,-0.013190702239910479
node,1149,-16.159239804611644,-8.111732001414168
node,1151,3.623923004881865,-0.028485082123381744
node,1153,3.6239230048640008,-0.004649017552594614
node,1155,3.6239230048847775,-0.013093419491497116
node,1156,-26.486746334417244,-8.13444594539476
node,1158,-13.597494612790085,-1353.685176086909
node,1159,-13.597494612791223,-0.4740627283858885
node,1161,19.78316280949159,-2.1349426102240727
node,1162,23.822121272569216,-0.01848062613601087
node,1164,20.14501786213376,-0.6602719785710747
node,1165,13.256714292255946,-0.1666019691875249
node,1167,-22.86282332953718,-6.214483622515218
node,1169,13.489817253294882,-0.26986917640897445
node,1171,13.489817253294158,-0.3706834203270546
node,1172,6.601513683419186,-0.04423368265605632
node,1173,6.8883035698772765,0.5975576697790075
node,1174,-9.373006076243087,-0.3859392960829382
node,1175,-40.69120577622209,-237.14654873377754
node,1177,-26.80914844001842,-1.241247470016333
node,1178,-13.75847144845075,-0.30684806482508975
node,1181,13.050676991567007,412.68247099812316
node,1183,-51.37292862666903,189.98663544685888
node,1185,-51.37292862666921,-2.2670537264898485
node,1187,-51.372928626669065,-7.247182226939572
node,1188,-51.37292862666901,-3.879591359650817
node,1190,-11.084558489770572,-1.1126875086854398
node,1195,-5.19591401948583,-282.92239377257675
node,1197,-8.505261898925301,-2.0548752680082316
node,1199,7.404849175024689,-0.5819298011185197
node,1201,-7.775210610331193,-0.25336229504671337
node,1204,11.592946785797947,-0.9718204781545978
node,1205,-8.822439981741743,125.58324226277762
node,1207,44.0159900087838,-5.143816584483602
node,1238,96.25276186101753,-5.6699316295147355
node,1242,84.46454693664286,-12.156778510417894
node,1246,74.14179439584619,1375.4202137828827
node,1262,53.28476720729007,-2.57805390603221
node,1264,46.67271302099371,-4.151920120250452
node,1266,39.542177358493646,-3.2946470379729362
node,1268,39.54217735849358,-2.700309205762778
node,1270,33.99364304572,-2.53069341086848
node,1272,28.680982898837797,-3.1151815800242275
node,1274,24.405107207235165,-0.7153267186138237
node,1276,24.40510720723575,-0.7671447240420548
node,1278,15.976437362681413,-1.281337685034714
node,1280,37.15153502028571,-0.024844257978543283
node,1282,37.15153502029232,-2.2359832180696912
node,1284,37.15153502028571,-0.024844257978543283
node,1288,37.15153502029195,-0.3947476545480981
node,1290,37.15153502029319,-1.2711978665693096
node,1291,-12.040667389923115,0.8444008083433232
node,1293,18.771786445240284,-2.7510303972609336
node,1295,14.666614389655303,-2.1691649810714466
node,1297,12.4936112438985,-1.1727065885373804
node,1299,8.176446955746757,-0.6918537350441625
node,1301,3.961297181390701,-0.17534621920816562
node,1303,38.085042092654255,-2.1728047059364144
node,1305,29.35358522097326,-6.161537335038702
node,1307,23.583385291103358,-3.055075107404946
node,1309,19.76023118396073,-3.7051388621130172
node,1311,19.760231183960506,-0.6969831245517071
node,1313,19.220413159637484,-2.7477778097181726
node,1315,5.532558481948646,-1229.5723488075032
node,1317,2.0806909227195063,-0.03350858630096809
node,1318,-0.35631499050043924,0.07012224507303699
node,1320,45.69279406831226,-0.6367885860796036
node,1322,45.6927940683111,-15.560607646069002
node,1324,45.69279406831116,-21.11841491211436
node,1325,45.69279406831055,-1.1107263206371272
node,1328,39.41862195608479,-0.41642583885368367
node,1330,39.4186219560833,-1.625684299199179
node,1332,90.29618712883814,-6.824396980175152
node,1334,90.29618712883797,-21.639127342156257
node,1336,90.2961871288379,-12.11595449526908
node,1338,90.29618712883794,-6.70209595902503
node,1339,68.27808494800249,-1.7295637440258247
node,1341,-22.01810218083492,75.47074870433136
node,1343,-22.018102180834795,-1.482993483532141
node,1345,-12.224293963728424,-5.455662646541327
node,1347,-9.79380821710643,-1.2271835841599454
node,1349,-9.793808217106438,-1.4465496039327945
node,1351,-9.793808217106402,-0.6824614038844743
node,1353,-9.793808217106635,-0.789698487446401
node,1356,103.22686875683985,-241.1937259186925
node,1358,103.22686875683985,-55.58058203631106
node,1360,103.22686875683986,-18.51975682114812
node,1362,103.22686875683988,-33.341955749926626
node,1363,103.22686875683989,-3.708213678802963
node,1365,-24.82498694536192,-1.7231188152372852
node,1367,-11.082397096565831,-0.14627805475856803
node,1369,54.25097014818572,-1.7659006572115459
node,1371,54.25097014818596,-2.428113403665975
node,1373,43.38977568853,-2.7035179028562197
node,1375,30.68523015237413,-1.296560272267243
node,1376,-14.708792789692504,61.96968482382272
node,1378,15.976437362681866,-0.9530906207010048
node,1381,-24.127140171046065,-1.8674374082092413
node,1383,-16.42213297382398,-0.8265889735715177
node,1385,-18.685963432101744,-1.2821347223048178
node,1393,-4.456992591711809,-0.025387192626169508
node,1395,-4.456992591717423,-0.020957346025568313
node,1397,-2.156229636130005,-0.011944119120130381
node,1399,3.349092928726659,-0.0064718763279074665
node,1401,3.349092928726768,-0.025696826113062343
node,1414,-25.922390311870323,-15.597775055791772
node,1416,-25.92239031187042,-6.997226936755169
node,1418,-25.922390311870178,-2.9405421180485973
node,1420,8.279112178896504,-0.03612252909408653
node,1421,-43.42577178150817,66.39061378933684
node,1422,-25.92239031187037,-10.995450337666796
node,1424,-9.560076770617558,-0.11013105677142221
node,1425,7.040914773583714,55.95235466718907
node,1426,-2.5191619970417234,-0.01039503820010168
node,1429,111.49781953444074,-10.243773339010318
node,1431,111.49781953444104,-25.34836630854602
node,1433,111.49781953444082,-14.097620104899988
node,1435,111.49781953444086,-79.91137745528852
node,1437,111.49781953444102,-39.22221466574922
node,1439,111.49781953444085,-113.63875253870447
node,1441,111.49781953444088,-86.86073339765107
node,1443,86.34216680547569,-14.365726744216659
node,1445,3.137550548131209,-0.02189355293518247
node,1446,-25.155652728965258,14.343833191281476
node,1447,89.479717353606,-14.05161778003054
node,1449,-22.01810218083489,-21.208406644027832
node,1450,-22.018102180834873,-6.825939276931251
node,1452,-9.793808217106667,-0.5392548155500663
node,1453,-9.79380821710624,-0.7705147515676458
node,1455,50.87756517275332,-1.0250565486114738
node,1457,50.87756517275424,-4.755123433836729
node,1459,50.87756517275413,-12.598359146697476
node,1460,7.063595240356103,-0.13114670746426782
node,1461,43.813969932399154,-11.56789503041523
node,1462,-10.82958075893606,-0.4057881751735408
node,1468,43.16857305162009,-1.5690886388215404
node,1470,63.280527182649564,-7.444226299035563
node,1472,51.92051134643721,-7.259626469394561
node,1484,13.334980037278843,-0.3346604254634258
node,1486,10.322752540796643,-7.267019127603248
node,1488,11.788214924374572,-13.333682889378792
node,1491,8.429833191727479,-12.547859187182496
node,1493,8.515061249791769,-12.802866793854662
node,1511,10.322752540796648,-162.3493652514219
node,1513,11.78821492437459,-168.1834986460832
node,1514,0.6761627772741183,-0.25598135398104205
node,1516,2.5969908973086726,-11.852386167645818
node,1522,22.11096746517112,-0.624318764627958
node,1533,10.861267213196577,-4.903657471805218
node,1544,11.360015836212355,-6.358033419376852
node,1545,11.360015836212368,-147.4519678664933
node,1551,10.861267213196607,-156.38276598649213
node,1553,0.24206789979020993,-0.03219587339162899
node,1554,22.11096746517096,-0.636052241801849
node,1556,8.536071139859457,-12.866123806885298
node,1558,9.44803688196964,-0.28636340616117195
node,1571,22.221283049408974,-1.5030828195817776
node,1573,8.525112124709116,-12.833108727201534
node,1578,24.071658879253654,-1.1548334090698518
node,1580,13.424409717261915,-11.932921409851815
node,1582,13.424409717261934,-134.0752881657395
node,1584,4.045524432881869,-14.398911600868132
node,1586,38.496101629175115,-2.812740797541892
node,1587,24.07165887925399,-0.2497406920767844
node,1589,14.42444274992156,-12.220047071063163
node,1591,14.42444274992154,-130.85304303061298
node,1593,4.062792978867789,-14.522099066788542
node,1595,0.4732124948044196,-0.12237867637327327
node,1597,13.334980037278253,-12.752304862729716
node,1599,1.2255753421751885,-0.7722442171541388
node,1600,10.736678841975467,-141.6203591228832
node,1602,12.109404695103109,-25.892695349154337
node,1604,12.109404695101517,-0.14678431975175954
node,1605,11.962254184150623,-25.267235451751958
node,1606,24.071658879253903,-2.659072009143074
node,1613,9.852097779184417,-17.139142960962317
node,1614,7.7598184845326905,-0.09495871265357891
node,1619,9.8884372762494,-17.26581171732937
node,1620,11.98071657090041,-0.2263587471838946
node,1622,27.848852467183516,-2.4344783943565744
node,1624,2.569082126343301,-11.599009750602761
node,1626,9.41465187430659,-0.2792909959002259
node,1627,2.6372917573751997,-1.228140432479961
node,1631,7.5302425672123,-0.17867604688444771
node,1632,2.528781266276747,-1.1291566730932914
node,1633,10.059023833490182,-0.10158869632465439
node,1635,13.33498003727827,-133.94330083842692
node,1637,10.736678841975452,-6.182151220891001
node,1649,22.22128304940941,-0.689324446825367
node,1654,27.848852467183505,-1.1695423442783976
node,1655,4.101262881973774,-2.9700713977247233
node,1660,4.0070545297759415,-2.835190072747764
node,1700,5.54853431277352,-3.9726555089040403
node,1702,5.548534312773516,-38.65082253485468
node,1704,1.2717734447250646,-2.830494196484892
node,1706,0.031005982856354704,-0.0006746363120555543
node,1708,1.2695845371379844,-2.8207591946977573
node,1710,5.312660146882485,-36.86733359032837
node,1711,5.312660146882498,-3.2345114080369513
node,1712,0.11362751378079633,-0.00906036547507938
node,1714,1.3027794275812106,-0.29969083261994456
node,1716,4.8412244779175415,-0.029484317692549666
node,1717,1.2385785542819026,-0.27088115123945045
node,1720,4.163133354267382,-3.060358608564229
node,1721,4.717190554158247,-0.06982642054060761
node,1724,4.156703123525557,-3.050912063028136
node,1725,3.6026459236362136,-0.04072828290907182
node,1727,4.275875691602221,-1.1035138471181654
node,1729,4.275875691602247,-32.318638214825455
node,1733,8.428669844553767,-4.449603358502031
node,1735,8.428669844553763,-25.956505048176382
node,1737,1.6284416060318843,-4.665713857267974
node,1739,1.4857967532678455,-1.5335722126093287
node,1750,1.4629483937154815,-0.37791113404023235
node,1752,4.2345951351198226,-0.056556884452788836
node,1753,5.314431485254014,-4.987068106855418
node,1756,10.861194459656025,-0.6015063144162696
node,1758,168.7605882406661,323.22528563257436
node,1760,158.33370342385473,-48.60988001979172
node,1762,10.426884816811286,-12.546823173478856
node,1764,10.426884816811302,-136.10941202810886
node,1766,2.270149498332031,-9.090902598629441
node,1768,2.30071937146863,-0.9346714405648981
node,1770,8.212152884033381,-0.21331099613576043
node,1771,7.454504028985131,-9.812263043058579
node,1773,8.884076537732701,-9.532544047371402
node,1775,8.884076537732696,-90.78541216788665
node,1777,2.2359154606559906,-8.8187868602256
node,1778,0.03056987313793614,-0.0005147049417928429
node,1779,0.7022312894941158,-0.2716010334620478
node,1781,2.2053455875194414,-0.8587860565453411
node,1782,8.798089099041945,-0.07640008896134987
node,1784,7.350392366570816,-9.54009544022233
node,1786,6.592743511524417,-0.13747747654861087
node,1787,19.31096135454351,-0.688770732922535
node,1789,6.612054186296637,-5.084025372294718
node,1791,6.612054186296611,-49.61252944782939
node,1793,1.6018692605027003,-4.512800610147565
node,1795,1.5701171959877813,-0.43530716398129243
node,1800,7.130535662499866,-5.8144289274606535
node,1802,7.130535662499858,-44.695196929420945
node,1803,0.24658027267963398,-0.03500884299205609
node,1805,5.256765198473625,-4.879427084214171
node,1806,4.667188473206262,-0.0686806899146859
node,1808,0.031752064514753375,-0.0005805037607160557
node,1809,1.6081732752262083,-4.548389956900337
node,1811,1.6399253397410904,-0.47487556965586464
node,1812,6.237305669192287,-0.04014890943528826
node,1814,5.275782114593949,-4.9147946511441205
node,1816,5.865358839862704,-0.10847087541208111
node,1817,13.742589848796374,-0.7195519356159821
node,1822,9.564917730119129,-0.26266104654894207
node,1824,6.411519632562887,-3.7135358156940583
node,1826,6.411519632562851,-22.943334749632072
node,1828,2.199150706645943,-4.262736139141339
node,1830,2.3484721122898167,-0.9738733671947557
node,1832,7.116106300323771,-0.08000957082651894
node,1833,5.404006742224012,-5.1565999355095755
node,1835,9.564917730118795,-8.038836934230517
node,1837,9.56491773011881,-17.312299721188424
node,1838,1.191637816307135,-1.0430728633582476
node,1840,2.449713133730973,-5.289430649316614
node,1841,0.14932140564411311,-0.016378353182972205
node,1843,6.511858950064364,-0.05584647229989059
node,1844,2.300391728087075,-0.9344052480778373
node,1846,4.211467221979086,-0.028023600735764376
node,1847,5.923566780080741,-6.195812296658687
node,1848,1.7120995580976859,-0.0038605022091360297
node,1849,15.976437362681708,-1.0988364012098373
node,1852,-2.4510523580266623,0.5446199890487264
node,1853,2.6065230429369404,-0.6545439229743693
node,1854,2.1730031457568937,-0.4798438142747159
node,1856,115.42978373232383,-2.318382085213443
node,1861,-5.262912259841638,-0.027393564754788713
node,1933,17.208339779042213,-0.06603631162306556
node,1935,8.530629775471711,-0.11119507259149941
node,1937,8.530629775472338,-0.10741094708447463
node,1942,-0.8615445731014983,0.001880142177299149
node,1944,7.66908520236561,-0.14609613171739966
node,1945,7.669085202366655,119.17284461033694
node,1947,9.539254576682465,-0.49993959406589283
node,1948,9.539254576681662,120.06067921083968
node,1950,8.677710003577166,-0.10760748814493581
node,1951,8.677710003575964,-0.11287867370833737
node,1961,13.133636074090369,4.129743500026279
node,1963,13.133636074088859,-2.4354201465591814
node,1965,8.403542952973782,-0.5237144653489167
node,1969,4.730093121115029,-0.07112624959052027
node,1970,4.73009312111549,28.28254398648164
node,1972,-14.436624866078672,-1.448492155790973
node,1973,-14.43662486607899,7.755285093425755
node,1975,-11.714210316155977,28.802323053065493
node,1980,-14.562651225206933,7.742314658298824
node,1981,-8.881522822155617,-1.2663627604201224
node,1982,-6.033081913105063,-0.06719085082545462
node,1996,3.0139646239855873,-0.0674667399186859
node,1998,3.0139646239857596,-0.019003691922701904
node,2000,3.0139646239856286,-0.04466594320454931
node,2002,3.0139646239844264,-0.0028523705849536896
node,2004,3.0139646239856477,-0.001898552395719122
node,2005,3.0139646239855873,-0.06746673991868235
node,2039,42.94148975946094,-2.4229786071891226
node,2041,20.739643192575233,-0.22495945427203878
node,2043,20.739643192574796,-1.3497567256321759
node,2045,34.19006316959332,-3.966643255897395
node,2046,20.739643192574754,-6.457153589926747
node,2048,11.766873014307974,-0.1356901145240954
node,2052,39.1361259659577,-0.4625541793982393
node,2053,39.13612596595756,-0.6555403602067713
node,2055,3.5646425615841975,-0.5252940103073911
node,2057,3.5646425615841864,-0.21513674137673888
node,2058,3.564642561583874,-0.23851702630577165
node,2059,-25.53386173309174,-5.331876860948
node,2061,-18.549744538050703,33.79289278426904
node,2069,-6.984117195040904,-1.2286175687345349
node,2070,-6.98411719504072,-0.4577805257492855
node,2095,4.4854419734335815,-26.90408528815169
node,2096,104.95663202380213,21.840357538245655
node,2099,120.13178266088211,81.68908420768628
node,2112,-25.043692602871364,-5.9356934068668465
node,2116,-11.497907365293207,-1.0321000286072035
node,2142,-24.127140171046857,-0.5757155850121762
node,2150,26.715422671488536,-0.9465104606804289
node,2152,26.715422671486134,-0.477474537897308
node,2154,26.715422671487396,-0.7643874889208746
node,2156,26.715422671487083,-0.768669771771954
node,2158,26.71542267148745,-0.7772343374741695
node,2160,21.45251041164586,-1.6116561307721327
node,2161,26.7154226714889,-0.11419420936260849
node,2163,13.297559412108843,-0.22333008402034693
node,2164,13.297559412109807,-0.20122694823055554
node,2166,-43.4257717815083,-3.309574884208473
node,2167,40.01298208359719,-1.242406058532481
node,2206,0.5398180243240679,-1251.518618242372
node,2219,0.5943956120376747,-0.27218281336314476
node,2221,-0.7425595090083233,-1251.0367057154062
node,2223,-0.05457758771433176,-0.5280716868323339
node,2229,1.7493470753408027,-0.009067417607980133
node,2234,-0.7425595090082956,-0.3407712515993353
node,2235,1.0945798882311655,-0.003756059587942673
node,2237,3.8231541071428037,-1252.9119650733828
node,2239,1.4348287476589385,-1.6273753324313702
node,2241,0.318030183207708,-1252.0898912634186
node,2243,1.1150155712797203,0.39182119939061977
node,2245,2.3883253594837712,-3.5252295477279176
node,2246,-1.803924663061811,0.011617294758309527
node,2251,1.0220901008189192,-0.6456226910096348
node,2254,1.1150155712797607,-0.384178444114184
node,2255,-1.4475396490589512,-0.00577693794514289
node,2256,0.3520203792453736,-0.00022119425011624116
node,2258,1.752858930866668,-1.8988661514241016
node,2259,2.337259627292503,-0.017125823342439617
node,2260,0.5844006964381372,-0.001011936127554236
node,2262,1.9118100790481212,-0.0065242067343547205
node,2263,2.263830458276695,-0.05401674474387619
node,2267,8.731456871681317,-8.951219632308721
node,2268,3.0523263975249377,1384.3093518241437
node,2275,2.2806883203571178,-0.303322557761021
node,2277,2.2806883203571156,-0.6888502412696198
node,2279,-9.866002160236091,-1228.4460210574046
node,2281,5.532558481948595,-1.8016271003414772
node,2282,5.532558481948649,-1.4257154739242424
node,2284,14.699426396811969,-2.0905075946243414
node,2285,9.166867914863134,-4.35367032436443
node,2287,-1.4475396490610912,-0.6474885083409276
node,2289,17.22060758915084,7.710867472514678
node,2290,-2.562555220340837,126.17912650797092
node,2292,-3.3715635189343174,-1245.5236926612783
node,2294,-4.333443678287437,-11.60557692024554
node,2295,-4.333443678286178,-0.050758918307110434
node,2297,2.1371056720986528,-1253.3602605471756
node,2298,15.098847343770338,-2.634709283663824
node,2300,17.553983199076402,-1.6864629510378109
node,2301,11.78378326920698,-1.0283790014925671
node,2302,17.090569651924536,-2.4339657293703567
node,2303,24.983119933684495,-5.45200511995813
node,2304,5.770199929869737,-3.8180612987625864
node,2306,-3.371563518932917,-0.03066935463681375
node,2307,-7.705007197221703,-0.5387567583763371
node,2311,-1.0243096006718249,-0.01157278804305406
node,2312,7.798130381069015,-6.608921812995675
node,2314,9.419943640041197,-0.8997763291609431
node,2315,4.105172055584774,-1.7492324661852194
node,2317,10.782969998683729,-1.3032978022940824
node,2319,13.30358803101235,-1.6788840213765184
node,2320,1.7106412452147237,-0.2789577038919333
node,2322,16.980114717168785,-3.1072709359252713
node,2324,19.330868094393242,-3.731219375909177
node,2325,2.2402984424683963,-0.3682243590467351
node,2327,0.18185880219715622,-0.00030347439724209835
node,2329,1.2121351267153408,-0.014703000555130075
node,2333,2.558304450919628,-0.07544331201626164
node,2334,1.3461693242039152,-0.05456630655811523
node,2336,1.2121351267150513,-0.016889276644462825
node,2354,0.9928446019686916,-0.6092043270477348
node,2362,0.7256369697937699,-0.29244848052081807
node,2364,0.7256369697937988,-0.32541624070688613
node,2365,2.0395223419395596,-0.008660394179969444
node,2368,0.9926272266266832,-0.6089375954728666
node,2372,0.7289882671300956,-0.2887438583558719
node,2374,0.72898826713013,-0.32842900045926626
node,2375,2.0111749859965933,-0.008235263342271537
node,2404,-2.579296590845716,-1.3438170551780217
node,2405,-7.775210610331211,-1.0396257189020162
node,2406,-5.195914019486538,-0.16535982529961757
node,2409,1.4029927304713334,-0.09301226659874828
node,2411,1.0466777399709428,-0.6770588161376736
node,2412,1.046677739971458,-0.002267755983098141
node,2414,-0.3276215648357716,0.0334283674946505
node,2418,1.0185477593681684,-0.6411552710265482
node,2419,1.018547759363945,-0.0012106919409688999
node,2524,-11.082397096565401,-0.14541831808071493
node,2532,37.151535020311215,-0.041407096630962315
node,2536,37.15153502029237,-4.970231832264801
node,2550,5.725394597719935,-0.2607988200916225
node,2552,1.544025383467667,-0.021150975621878843
node,2553,1.7640974163298289,-0.15719223699886697
node,2554,2.765159311733206,-0.010543980200566239
node,2556,2.7401632531239297,-0.010932368215890165
node,2557,5.50532256485825,-0.3136028414918428
node,2559,25.11086763036911,-3.1805228153681924
node,2561,5.314771584455504,-0.21589026943229328
node,2562,6.3390811851290865,-4.28437259401386
node,2564,8.612005188567888,-0.21901406833546844
node,2566,8.612005188568407,285.18321216165253
node,2568,4.288446324484778,-0.0512366904520718
node,2570,4.288446324486728,-0.10098372838211844
node,2572,4.288446324485088,0.36481774174382053
node,2573,-8.612005188568176,-0.1283082757265106
node,2575,-8.61200518856849,-0.14291910250000228
node,2577,-4.323558864081286,-0.10238244417269016
node,2578,-4.323558864081428,-0.11021487873694014
node,2580,3.100443036535124,-0.020071415783604607
node,2582,-1.2491627991461558,-1251.1087646163405
node,2583,-0.6547671871084417,-0.2649562910771692
node,2587,-54.12199604402656,-1.2712686578126977
node,2588,-50.75133093078688,-3.4657461524108157
node,2589,-3.370665113239033,-0.043775409876502636
node,2590,100.47119005036726,-23.600847550460344
node,2592,21.452510411646262,-0.5007087008224289
node,2593,120.1317826608822,-15.384133788830013
node,2595,2.3697851159834156,-0.009839024380880801
node,2597,0.22354904387645286,-5.742032709576961e-05
node,2598,15.252702876703351,-1.6629460671816219
node,2599,2.339205901280637,-0.008897283788201094
node,2600,2.09227929465213,-0.004290079993779727
node,2601,0.911965742119977,-0.0008192062921352772
node,2602,0.9848186825635077,-0.0009737473088762272
node,2603,0.7576488550457683,-0.0005665693742002986
node,2604,0.5895767252976001,-0.00035872393789304624
node,2606,0.03846990310605652,-0.0008087895471362572
node,2617,2.5782229882777976,-11.89296478496567
node,2619,2.5253333326935974,-1.1260796153158026
node,2620,7.613146382598576,-0.18593567307993908
node,2621,10.138479715291238,-0.10124693937336815
node,2623,2.6347664521467666,-1.2257895779873706
node,2624,2.581876796562623,-11.9266976350591
node,2625,0.05288965558435709,-0.0015369767018000857
node,2626,0.0682096310318935,-0.002604936937984803
node,2627,0.5540571999118367,-0.00038618006101387437
node,2629,1.338285858401541,-3.1511675701948434
node,2630,0.16549321231650832,-0.019025925536197974
node,2632,1.503779070717876,-0.39930040132139766
node,2634,5.69754352883662,-0.04041519281736328
node,2636,4.423386586468586,-3.4549476221922077
node,2637,5.503222936600708,-0.0955203493240333
node,2638,1.0798363501324244,-0.0014517279461188082
node,2639,12.704545536156191,-1.0331564600710408
node,2645,13.332932975452602,0.12052609497152389
node,2649,6.3577291707696695,-0.06750260274878883
node,2650,12.25364985654011,65.62605040708524
node,2652,-5.895920685769806,65.33163238292207
node,2654,-21.74801565825923,-4.216109713730816
node,2655,-15.85209497248997,-0.17389192919165453
node,2657,2.300762955580939,-0.03623937067703764
node,2661,-11.69361980068372,-137.1245753114709
node,2663,79.32005474427456,-15.42088582843968
node,2665,-13.350072802187784,415.83843622302015
node,2666,-0.7651790902791661,-0.35926396756411805
node,2673,65.96998194208685,-10.814815715836573
node,2675,-8.237234447398542,-7.987405425448003
node,2677,-10.826166253701553,-116.34488138950638
node,2678,49.4598017902379,-1.0347730530938293
node,2681,-10.921849404557781,-126.34427832065785
node,2682,60.28596804393916,-9.918271986432956
node,2683,0.0790402550556201,0.004042074398569184
node,2685,-6.162011246781216,-0.1721956851157529
node,2691,-2.8928467819052934,-10.103708621634553
node,2696,-2.8824989143286457,-0.9780953173529952
node,2697,-2.838011546909711,-9.745634000779944
node,2705,-9.69204693000316,-11.057931407637739
node,2706,-0.04448727357551363,-0.0011893467095092092
node,2711,-2.8483594144819446,-0.9550639510981682
node,2712,-3.279512332450174,-0.024220712964336144
node,2713,-0.43115291796548616,-0.0008411650949824434
node,2714,-9.62078734405323,-10.895925003248692
node,2715,-9.2608940120382,-0.19725756317507148
node,2717,-5.751934814888324,-0.12214891219156243
node,2719,-2.6916935537611,-0.8528921237075338
node,2720,-2.667972061358332,-7.012364389548907
node,2722,-0.023721487449205422,-0.00037243849573087573
node,2723,-2.6790937087557376,-7.016034025451745
node,2725,-8.163715440746746,-7.845463233660553
node,2726,-7.758846395972577,-0.14598426618601934
node,2728,-3.0602412611277368,-0.023234754985821837
node,2729,-0.40486904475986873,-0.0006005990086350721
node,2730,-2.655372216352919,-0.8300298072174428
node,2740,91.01367454495825,-19.482766020220964
node,2742,91.01367454495828,-28.45378455759314
node,2753,-8.668349532513329,-8.845363906923012
node,2755,-11.497907365293353,-143.40836221752363
node,2756,71.20781744849693,-14.628546171770864
node,2758,-2.8295578327801882,-0.029511581292069877
node,2760,-2.829557832780027,-0.9424971043243318
node,2761,-2.829557832780023,-7.8733552213066105
node,2763,115.42978373231534,-0.03997210491746728
node,2764,115.42978373232445,-85.27382382394364
node,2766,82.70572481379028,-23.133681253207442
node,2768,82.70572481379028,-27.47039145856921
node,2780,-14.562651225207048,-1.4571385403679642
node,2788,0.9936675597941624,-0.29175290976780843
node,2790,-0.45700202054257094,0.16013751825920508
node,2794,1.307095395787265,-1.0558810394117017
node,2796,1.307095395787134,-0.006224059575345109
node,2797,0.993667559794131,-0.6102146709600333
node,2798,2.300762955582259,-0.013011448016982285
node,2799,1.2121351267146614,-0.05640239685317283
node,2802,91.01367454495826,-24.81733290671005
node,2804,91.01367454495828,-34.285360781332756
node,2810,91.01367454495828,-24.06353541188008
node,2814,91.01367454495828,-25.43859457827323
node,2818,82.70572481379028,-22.955835093366105
node,2822,82.70572481379028,-21.382580602461992
node,2824,82.70572481379028,-20.56859240934204
node,2830,82.7057248137903,-19.501515450294036
node,2832,82.70572481379028,-22.182888321747996
node,2838,-11.693619800683877,447.2052135806089
node,2840,-13.350072802187729,-120.81941981475768
node,2842,-10.826166253701576,331.332358116352
node,2844,-10.9218494045579,351.254069108335
node,2846,-11.49790736529344,436.38467359872175
node,2847,13.29755941210876,-0.07550431185802609
node,2851,26.71542267148761,-1.0355987361570556
node,2853,26.71542267148513,-0.20911814589521782
node,2855,26.715422671487136,-0.4689099721951493
node,2857,5.925279463057443,-0.04062103977963716
node,2860,7.86147231199629,-0.8255610932542936
node,2869,34.211953170943815,-7.763646187900008
dcp,3,68.87903648563803,-41.811706852944184
dcp,7,68.87903648563803,-62.71518811858269
dcp,34,44.47326691773399,-0.49248999611367594
dcp,44,44.473266909176076,-12.001724077380004
dcp,46,44.47326690901528,-7.381416324399822
dcp,48,73.80217110153693,-19.831654832313234
dcp,50,73.80217110180459,-26.29508207485395
dcp,52,44.47326691036115,-60.49517677163931
dcp,54,29.328904190682188,51.52009448115149
dcp,55,29.32890419108984,-5.393357573984304
dcp,67,44.473266910472084,-63.59054562200612
dcp,70,24.405769569325866,-3.712634019693354
dcp,72,24.405769569325805,-3.2176558598401073
dcp,74,24.405769569325777,-5.652638672692063
dcp,80,24.40576956932566,-2.3980530343791315
dcp,82,68.87903648563788,-110.40510951717462
dcp,85,44.4732669102636,-36.003194362431145
dcp,86,24.40576956932578,-2.39805303437916
dcp,95,68.87903648563795,-2.9841783286624093
dcp,97,68.87903648563798,-14.930380286646454
dcp,98,68.87903648563793,-2.9841783286624093
dcp,99,44.47326692018285,-0.737746058516592
dcp,100,44.47326691080242,-1.2302360541655162
dcp,101,24.40576956932594,-0.34249391325585066
dcp,103,24.40576956932552,-0.20549634795349903
dcp,105,24.40576956932529,-4.796701710346383
dcp,107,24.40576956932526,-0.24004356007321803
dcp,109,24.40576956932529,-4.796701710346383
dcp,113,24.40576956932472,-0.13699756530235163
dcp,115,24.405769569325194,-0.1030459947708664
dcp,117,24.40576956932537,-1.3705712946115796
dcp,119,24.40576956932522,-3.4261304157348036
dcp,121,24.405769569325034,-1.7130652078673734
dcp,123,24.40576956932488,-3.42613041573469
dcp,125,24.40576956932469,-3.426130415734633
dcp,127,13.45041480849792,-5.202895905395678
dcp,130,53.47470011351265,-28.892828051733026
dcp,132,15.212364939423878,-1.1378727033458986
dcp,134,24.70956525125005,-27.754955348387128
dcp,136,9.49720031181897,-0.3211908538093802
dcp,138,9.497200311818906,-1.0200357668436517
dcp,140,56.54229666221808,-29.09618196904016
dcp,142,69.05346070401701,-210.50015431195789
dcp,144,65.67310132296572,-211.37798519382332
dcp,150,69.05346070401694,-24.938629676102323
dcp,152,65.67310132296568,-25.045336870445425
dcp,154,10.68744949242469,-0.8709395219801195
dcp,156,10.687449492428932,-0.553631982038155
dcp,158,7.881308070773165,-0.4239349903863854
dcp,159,7.881308070773133,-0.21945235473049252
dcp,161,22.75831251734311,-4.020774342189441
dcp,163,22.758312517338172,-2.2561500753020596
dcp,164,18.56875756321434,-4.852352913473226
dcp,166,22.35405122079533,-2.302134512758812
dcp,167,22.354051220797764,-3.1936057458312916
dcp,169,63.68112130134864,-3.5524298441326323
dcp,171,42.941490345390385,-15.349219540825004
dcp,173,42.94149034538992,-1.2114893366556885
dcp,175,42.94149034538774,-17.370212406842143
dcp,177,42.94149034538558,-4.845957346621731
dcp,182,8.204055676963826,-3.79581904054254
dcp,184,8.204055676963627,-6.4758977407224165
dcp,186,8.204055676963723,-1.1737585688350123
dcp,188,5.185502151803999,-2.2113316175164073
dcp,190,5.18550215180492,-0.2035798939600113
dcp,192,5.185502151802181,-0.2233167374635059
dcp,198,5.769852608962335,-2.3057886281696938
dcp,200,8.204055676963435,-2.6983187696882283
dcp,202,8.204055676963593,-0.16934322834958948
dcp,204,8.204055676963625,-2.698318769688342
dcp,206,8.204055676963184,-0.20239073435897126
dcp,208,8.204055676963335,-5.905879192883276
dcp,211,10.955354760826628,-36.870321965401956
dcp,212,5.769852608967682,-0.15437129036217812
dcp,214,5.185502151787583,-0.003710741694135322
dcp,215,5.185502151804215,-0.055069557895933485
dcp,221,63.5526087021601,-79.19945823451323
dcp,225,63.55260870216004,-8.320204190070726
dcp,227,63.55260870215996,-198.19857282288825
dcp,228,63.55260870215982,-54.162105916916346
dcp,230,71.75666437912302,-56.62890967323352
dcp,232,71.75666437912284,-14.422401890773415
dcp,234,71.75666437912265,-360.7557099868811
dcp,236,3.0185535251586715,-0.058396663447638275
dcp,238,3.018553525158036,-0.08605056788877619
dcp,240,3.018553525159306,-0.07255619145479386
dcp,241,3.0185535251592768,-0.019845207206913074
dcp,243,-2.7512990838017863,-0.06621926888135476
dcp,245,-2.7512990838040925,-0.058384684600184755
dcp,247,-2.751299083801744,-0.06892163273482765
dcp,248,-2.7512990838030205,-0.7660633801250469
dcp,250,45.69278942919577,-4.85211925752759
dcp,252,45.69278942920146,-3.0336184514584374
dcp,254,45.69278942919361,-5.154854753371126
dcp,256,71.75666437912241,-10.60697889860512
dcp,258,71.75666437912216,-4.242791559442026
dcp,260,183.2544858856917,-694.2131032325063
dcp,262,183.25448588569137,-127.27656300349804
dcp,266,35.60769869425761,-6.631159918954438
dcp,268,35.437742031398045,-7.292625484568703
dcp,270,9.944555924396308,-0.6944350199698306
dcp,272,9.944555924379651,-0.5298750835925148
dcp,274,10.678078914598931,-1.0280166656665415
dcp,275,10.67807891460295,-1.638943162411465
dcp,277,24.929619779653372,-7.264549180223639
dcp,279,24.92961977965324,-5.331727899489977
dcp,280,20.622634838979053,-9.92931725163561
dcp,282,25.49318610699541,-3.9722043115586985
dcp,283,25.49318610699545,-7.181423043639256
dcp,285,71.04544072563657,-2.594391689020597
dcp,286,-2.583074010868178,-0.0060250610250704995
dcp,296,31.606971753652108,-2.4565426313895387
dcp,299,73.62851473646322,-2.434100023851613
dcp,301,67.00301979719319,-1.7822936507914164
dcp,302,6.625494939197807,-0.028467668562996096
dcp,304,38.23246669285034,-7.425545267853124
dcp,306,18.921066377507344,-0.33652634769032375
dcp,308,11.857470153557255,-0.15648735306649542
dcp,309,19.311400314725958,-0.49301370075681916
dcp,313,67.00301979724588,-12.62869531406568
dcp,314,67.00301979729295,-1.6072068689804269
dcp,316,67.95050572347836,-0.6094798021060797
dcp,318,67.95050572347911,-75.67707542817493
dcp,320,183.25448588569108,-27.671738236116653
dcp,322,86.66196587850177,-11.753613756335199
dcp,326,123.67651268828683,-17.28434416353167
dcp,329,153.1975562282606,84.13858034248955
dcp,331,153.19755623081787,-13.354140512768822
dcp,333,-10.829549472389079,-0.12971073080308315
dcp,335,142.36800675768322,-57.75864506138157
dcp,337,99.07558701811217,-13.025794768339154
dcp,341,43.29241973922215,-12.492459474156249
dcp,345,43.29241974100979,-2.172236750549814
dcp,347,43.29241974136542,-3.098108152474424
dcp,349,-7.458906359877687,-0.2131387733312522
dcp,351,-7.458906359536033,-0.15143924326662273
dcp,353,-7.458906360072755,-0.062033341758478855
dcp,355,-7.458906358863578,-0.1353050108589855
dcp,357,-7.458906358687433,-0.23160968757372302
dcp,359,-7.458906359070596,-0.17335954517267282
dcp,361,2.160257076436599,-0.005408717627460646
dcp,363,2.1602570777496433,-0.006892731618165726
dcp,365,11.755796608930439,-0.08913819627230168
dcp,367,11.75579660404168,-0.16017235564908106
dcp,369,11.755796594275498,-3.2947604630879255
dcp,373,-9.619163432961749,-0.22632423439699778
dcp,374,-9.619163432317588,3.7580938001606796
dcp,377,-6.6629447594700135,-0.0606433416973573
dcp,379,13.916053682079111,-0.3427720936460332
dcp,380,13.916053682370762,-0.5122215749897236
dcp,384,-21.374960041935072,-1.6813512138031115
dcp,390,36.62766351647094,-3.454583266790223
dcp,392,141.58429443142415,-64.54443589307533
dcp,402,-19.660583589508995,-1.7657080830617815
dcp,411,-3.370643106743106,-0.045263160052911644
dcp,414,-19.66058359004019,-10.102571467030657
dcp,419,-19.660583589313458,-0.23424235952586514
dcp,421,-19.660583589594623,-0.580580897719301
dcp,422,-19.66058358977023,-0.703113617157328
dcp,424,-11.039742252455511,-0.5321102186968574
dcp,426,-20.57899844274899,-3.6704326982500675
dcp,428,-20.578998442748734,-0.49083091003478785
dcp,429,-20.578998442749015,-0.5175111061799385
dcp,431,13.075217390332321,-0.5050197091623545
dcp,433,-69.15328241605243,102.2876632035817
dcp,435,-37.33539377119739,-2.7822875295885297
dcp,437,-37.33539377200646,-23.693015035018107
dcp,439,66.23037403939335,-2.745925490819104
dcp,441,66.23037403939361,-1.8247683772855794
dcp,443,17.20835533704957,-0.3263324977335742
dcp,445,28.894980264278146,-2.0589124351104715
dcp,447,28.894980264278338,-1.8668808616816932
dcp,449,28.89498026427798,-0.5585614027124279
dcp,451,28.894980264277834,-0.9342753507252723
dcp,453,28.894980264277727,-0.4951074914924902
dcp,455,28.894980264277496,129.47540171831827
dcp,457,50.11008157248509,-14.44087760268161
dcp,459,50.11008157248505,-9.913508046493973
dcp,461,24.18770039121172,-4.06723179869482
dcp,463,24.18770039121179,-0.42825283035739403
dcp,464,24.18770039121182,-11.916778554029918
dcp,466,67.95050572347886,-12.503570485631258
dcp,468,67.95050572347863,-13.390086561421867
dcp,470,67.95050572347859,-2.705720939652849
dcp,472,-5.311285760375113,-0.005754790311414126
dcp,474,86.75280511046614,-1.5990649470075482
dcp,475,73.26179148347315,-1.6048197373189623
dcp,477,-92.06409087083759,-79.18936976282532
dcp,479,79.0050618367624,-18.519419994229565
dcp,481,79.00506183676237,-11.154096235149382
dcp,482,79.00506183676235,-9.643580684558344
dcp,484,-106.48867618957904,-38.249274102242225
dcp,486,114.35014420890613,19.47537469656487
dcp,488,156.47395999273078,-15.351530797690828
dcp,490,156.47395999154483,-6.023088638237141
dcp,492,72.96765039707552,-4.55225769382173
dcp,494,79.74268772995211,-8.279386538328595
dcp,496,83.50630959696818,-2.659604802684271
dcp,498,-44.36326777883244,1.9149608407599317
dcp,500,-6.775037342741493,-0.005049124409481465
dcp,501,-6.77503733462821,-0.01725882521299127
dcp,503,39.143041771065214,-2.025538944638754
dcp,505,39.143041761083325,-0.5607770449014424
dcp,507,39.1430417726605,-0.4213488727844492
dcp,509,39.143041770822016,-1.19050208771921
dcp,511,37.5882304336036,-0.41255951960187076
dcp,512,37.5882304416646,-1.8706465896820532
dcp,515,76.73127219677849,-4.30390002517629
dcp,516,76.73127219747313,-17.13317246715428
dcp,519,32.70292098979437,-5.034047261233127
dcp,521,7.711115452003112,-1.3029160387774255
dcp,523,7.711115452002529,-1.0537731854331014
dcp,525,5.152082214483866,-0.8150320199011389
dcp,527,2.5590332374127884,-0.3873789077717902
dcp,529,2.5590332375260045,-0.3025018407594757
dcp,530,2.5590332374449454,-0.12515127136987303
dcp,533,7.711115452049692,-5.837613276219372
dcp,534,7.711115452053145,-1.3779562013061195
dcp,536,-47.03976674088429,-9.258102716673989
dcp,538,-21.505920536862856,-3.1251437047575337
dcp,541,7.861467997839855,-1.707669825688754
dcp,543,7.861467997872222,-0.3911491559072715
dcp,545,7.861467997978454,-0.9575089070366403
dcp,547,7.861467997923274,-1.4362324591952529
dcp,549,7.861467997920881,-5.653523674414657
dcp,551,7.861467997929225,-30.290172847786152
dcp,553,7.86146799797119,-0.47872355217788254
dcp,555,7.861467998114672,-0.4787235521953903
dcp,557,7.861467998109259,-0.4787235521947082
dcp,559,7.861467998259612,-0.47872355221301177
dcp,561,7.861467998246949,-2.3937413664155542
dcp,563,7.86146799826168,-0.47872355221323915
dcp,567,7.86146799828154,-2.3937413664365863
dcp,571,7.8614679982559466,-2.393741366421011
dcp,573,7.861467998198054,-0.47872355220550844
dcp,575,7.861467998205218,-0.47872355220641793
dcp,577,7.861467998206414,-2.3937413663908274
dcp,579,7.861467998151332,-0.4787235521998241
dcp,585,-35.392455014567844,24.774355007446786
dcp,587,-2.539181482745844,-0.014571220281254682
dcp,589,-2.539181482745024,-0.024042513464053172
dcp,591,-2.5391814827440813,-0.008188252104957883
dcp,593,-2.5391814827432353,-0.008433254923829736
dcp,595,-27.530987020859246,-6.297092186615316
dcp,597,-27.530987020858365,-1.442388833790119
dcp,599,-15.127100430798304,-0.9102824280900563
dcp,601,-13.898035868092206,-0.5576396426603765
dcp,602,-19.82331148503431,-2.2953008445571754
dcp,604,-12.403886589960843,-0.44649128016123996
dcp,606,-12.403886589960184,-0.11923871196586333
dcp,608,-12.40388658996002,-0.34863860814789405
dcp,610,1.2290645624558039,-9.21465816077216e-05
dcp,612,1.22906456245521,-0.0022115179588695355
dcp,613,1.2290645624558771,0.006389836725418263
dcp,615,-24.991805538478086,-4.247214339697109
dcp,616,-24.991805538181445,14.579269820560171
dcp,618,-13.632951152203466,-0.4079568988748292
dcp,620,5.9252756185117,0.23098139486984337
dcp,625,5.925275617387169,-0.04476383620607294
dcp,627,15.569143528706094,-0.6261146286516919
dcp,629,15.569143529705075,-1.0234053281093907
dcp,631,7.861467998356365,-1.2289462736883934
dcp,635,-7.7076755316867915,-3.541782072469971
dcp,637,-7.7076755313121605,-0.05519027548717759
dcp,638,-7.707675531253132,-0.4934450249617157
dcp,640,39.13610839811665,-2.903979923121142
dcp,642,39.13610839811686,-0.6877041062665512
dcp,646,82.22849980682962,-3.2725786713531875
dcp,648,69.09485957964279,-9.046918780526426
dcp,650,49.14794929151451,-0.3623281379341847
dcp,652,49.14794927564695,-3.717486692804414
dcp,654,49.14794927133909,-0.867172009410524
dcp,655,49.14794926460762,-1.0145187851048831
dcp,657,19.946910292473625,-0.3799746648562632
dcp,659,19.94691028492366,-0.0660479521658317
dcp,661,19.94691031463328,-0.11458921855683002
dcp,663,19.94691029053962,-0.057294609140001285
dcp,665,19.946910326050688,-0.057294609344012315
dcp,666,19.946910317029314,-0.5765270060024363
dcp,668,19.189198078791375,-0.1771163803182958
dcp,670,9.984184646232974,-4.547980217716599
dcp,675,-21.505920536707052,26.17552483239433
dcp,677,12.62440583114017,-4.639264997952694
dcp,679,-15.549584079163765,2.9051566823538906
dcp,681,21.323625300730892,-3.4575159573252563
dcp,682,81.90320616569407,-9.331016035686275
dcp,683,5.171933969301619,-0.041862030038089415
dcp,689,452.4826554429006,-332.4986588460938
dcp,691,452.4826554429006,-696.4857589652984
dcp,700,19.73816214983722,-1.1154106139874784
dcp,702,4.4854586744561,-0.035007650765237486
dcp,707,2.146244060706947,-0.002565744507421641
dcp,708,2.1462440583993234,-0.006389026255249064
dcp,710,2.1156647355430533,-0.005442861324240766
dcp,712,2.115664735470263,-0.0044536570865716385
dcp,717,83.43872937684101,-18.331002767537143
dcp,719,83.43872937684029,-1.2253157945638122
dcp,721,83.43872937684111,-12.21834783783811
dcp,723,83.43872937684141,-12.218347837838223
dcp,725,5.774041221930002,-1.7744643173802501
dcp,727,9.338682058605597,-0.7511481930624768
dcp,728,-5.223963871410536,-0.0455739635447685
dcp,732,-59.01330874461726,227.07354358806475
dcp,734,-59.01330874693493,-8.65070539340445
dcp,736,-59.013308745880984,-14.48401116339943
dcp,738,-59.013308746657145,-23.510834182900112
dcp,740,37.15154775365651,-1.0420793128716355
dcp,742,37.15154775762407,-0.29813130016998457
dcp,744,37.151547755414605,-2.223562613503418
dcp,746,213.51967943155654,-69.20661201991396
dcp,748,213.5196794315563,-262.00948569067515
dcp,752,45.69278942919237,-11.403732953791632
dcp,754,45.692789429191535,-8.213527176897628
dcp,756,45.69278942918122,-2.1483781049882396
dcp,759,68.27808421437851,-177.34096972630158
dcp,761,68.27808421437798,-92.68783185920347
dcp,763,68.27808421437744,-20.148717900385805
dcp,765,-25.10949673114992,68.1185009484467
dcp,767,-25.109496734821825,-0.42431763408376355
dcp,771,-25.109496730632387,-0.6525538649779037
dcp,779,452.4826554429008,-35.6248563049387
dcp,781,452.48265544290103,-35.6248563049387
dcp,783,452.48265544290126,-35.6248563049387
dcp,785,452.48265544290155,-35.62485630493882
dcp,787,96.164856500394,-253.55028961195495
dcp,790,187.46930755965698,-6.11518498218004
dcp,792,149.44962640425604,-49.50139515651756
dcp,793,265.0133478832449,-138.7785793232207
dcp,816,-8.565550843312417,-0.6962685952565266
dcp,817,-2.925178247568467,-0.07506764643437691
dcp,819,9.205013432555036,-1.9730756926268782
dcp,821,4.993999769668341,-1.0775590960183195
dcp,823,9.205013432606146,-0.15904247509672587
dcp,824,5.6403725957236075,-2.0345715492312024
dcp,826,4.211013662910103,-0.4467737657639077
dcp,828,4.211013662910906,-0.45088773733209564
dcp,829,4.211013662911653,-0.1798975929223161
dcp,831,86.66196587802652,-28.46402309010955
dcp,833,57.61347774129396,-7.262656444573167
dcp,836,102.82726329978266,-165.06206671933109
dcp,838,102.82726329978252,-32.682521826241185
dcp,840,102.8272632997824,-12.920751106977235
dcp,842,102.82726329978215,-55.05593372670222
dcp,843,102.82726329978186,-19.423420444776525
dcp,895,43.78692599492858,-0.9011285974000884
dcp,897,43.786925994934315,-0.6020305948589453
dcp,899,43.786925994965515,-0.30101529742989896
dcp,901,43.78692599496373,-13.528432730351938
dcp,903,43.78692599496166,-3.0063183845223875
dcp,905,43.786925994962075,-27.054948165813812
dcp,907,43.78692599497034,-0.6020305948599685
dcp,909,43.78692599496389,-15.031591922613416
dcp,911,43.786925994966175,-3.006318384523013
dcp,913,43.786925994959105,-3.0063183845220465
dcp,915,43.78692599496434,-3.0063183845227286
dcp,917,43.78692599496404,-6.0126367690454
dcp,919,96.5925200071749,-21.254001790804523
dcp,921,72.52086135358589,-6.779205902259719
dcp,923,72.52086135358613,-6.184907789804129
dcp,925,44.67200943037191,-1.8359413524235606
dcp,927,44.67200943037187,-3.250813546845393
dcp,929,22.45072695384065,1387.9362843081994
dcp,931,43.79616691392955,-0.7096985674505163
dcp,933,43.796166913884335,-3.6808420295533892
dcp,935,66.24689386777298,-5.411206617808773
dcp,937,-44.1359267865213,365.3853411537619
dcp,938,43.78692599496227,-30.061266550336484
dcp,940,87.58309290884503,-282.6765831223787
dcp,942,58.76526188707049,-8.484895703439742
dcp,944,58.76526188707037,-161.19575158533115
dcp,946,58.7652618870702,-8.484895703439662
dcp,948,58.76526188707005,-118.77472642413599
dcp,950,58.76526188706935,-0.18302786824676787
dcp,952,58.76526188707155,-12.12473293234757
dcp,954,24.563771978220093,-3.049476929255036
dcp,956,-34.20148989935868,76.55478677706554
dcp,958,-34.20148990834618,-0.6164539875980495
dcp,960,-34.201489909768775,-1.0270333987781441
dcp,962,8.2791087349895,-0.03612249904193732
dcp,965,-43.42575086313294,-0.33190006749271106
dcp,995,65.65546635097824,-5.832296274167277
dcp,997,65.65546635143015,-31.48060583209906
dcp,999,65.65546635034245,-2.2027371737189583
dcp,1001,65.65546635027182,-207.73456979353114
dcp,1003,65.6554663497212,-4.965857581362457
dcp,1005,65.65546634999986,-9.254944641732436
dcp,1007,34.21195331107639,-8.85334241615351
dcp,1015,31.443513040084817,-1.503804353211308
dcp,1016,31.443513039419695,-2.743627271521973
dcp,1017,31.443513039752727,-12.369557043148802
dcp,1020,65.65546635093136,-7.987616405038125
dcp,1021,65.65546635129022,-103.49847268594772
dcp,1024,115.42975823141889,-98.75770358071662
dcp,1025,187.46930755965755,-257.50551933582784
dcp,1027,72.039549328239,-29.42819556860246
dcp,1029,38.73184802920916,1376.67480028896
dcp,1031,33.30770129904582,-7.687053150211511
dcp,1032,-0.6467949934041892,1384.3618534391715
dcp,1035,5.5175138761022176,124.87660628201508
dcp,1036,33.95449629283407,-4.726922055850366
dcp,1038,-9.760053807348935,125.7354052930574
dcp,1039,28.436982416676845,-0.858799011042322
dcp,1041,38.19703622420352,-5.485891046937297
dcp,1043,35.14470769037034,-0.9708282762122735
dcp,1045,43.96714976883675,-4.658795723696699
dcp,1047,12.967603148037956,-0.09383257212402896
dcp,1048,12.967603152330279,-0.4373808606740113
dcp,1050,38.07709988203852,-1.8659769440942
dcp,1052,15.3470095449859,-1.6362317866125977
dcp,1054,8.296361884827997,-0.6757692143048644
dcp,1056,-22.730090338130353,-277.29418422866155
dcp,1058,-22.730090340957556,-0.3657931608909166
dcp,1060,-22.730090342308454,-0.5083904948580198
dcp,1062,-7.050647658359345,-279.7674488287612
dcp,1064,-7.050647653663037,-0.035195835693969
dcp,1066,-7.05064765689692,-0.039023631419638605
dcp,1067,-4.033911608762097,-0.03706862485171314
dcp,1069,8.296361884736447,-0.11384419234423149
dcp,1071,3.1004513182424924,-0.01837005769800726
dcp,1073,-5.5115280452627085,-0.06528004705512558
dcp,1075,-5.511528045507833,-0.29562839366997196
dcp,1077,9.19725497306842,-0.43326741408100133
dcp,1079,9.197254973031148,-1.9930977763556257
dcp,1081,9.197254973081854,415.3899400889172
dcp,1083,30.2213845478282,-1.5782378411307718
dcp,1085,30.221384547828855,-3.3957686882664575
dcp,1087,30.22138454782938,-1.924390700962249
dcp,1089,30.221384547829782,-1.3298115142862343
dcp,1090,31.168870473998727,-8.082867408719267
dcp,1091,0.9474859261681032,0.011698212054682244
dcp,1104,52.68786319666976,-5.24666065435656
dcp,1106,11.996676627492372,-0.1843618403839855
dcp,1108,-1.0539933075806656,412.375608475739
dcp,1110,-14.812455699623174,-0.23608391598617118
dcp,1112,-8.355290865211991,-0.1527462173477261
dcp,1114,-8.355290864672156,-0.0961295892416274
dcp,1116,18.696178733556646,131.1896992911881
dcp,1117,18.696178733135646,-0.5012505402834222
dcp,1119,10.340887868295912,-0.1236156599617857
dcp,1121,-6.457164834812531,-0.09739946791637522
dcp,1123,-2.9954704756202837,-0.013522074959041674
dcp,1124,-2.995470480460457,-0.2615699236757223
dcp,1126,7.345417380543808,-0.04354181129099288
dcp,1128,7.345417378075139,-0.025736609630541807
dcp,1130,5.9113079912543265,-0.21585761900320222
dcp,1132,5.911307991501815,-0.02474004201661728
dcp,1134,5.911307987103413,-0.02173489563762132
dcp,1136,-3.4616943703838374,-0.030545502852646678
dcp,1137,-3.461694370383218,-0.05149236004621116
dcp,1139,29.048488138305775,-1.2429389987776176
dcp,1141,29.048488139579746,-0.711335761073542
dcp,1143,29.04848813775264,1348.8744618986477
dcp,1145,2.5617447170807495,-0.010322869120898304
dcp,1147,2.561744717112482,-0.01319069735126277
dcp,1149,-16.159238034573498,-8.111730209876896
dcp,1151,3.6239227517059085,-0.028485078143319242
dcp,1153,3.6239227488991723,-0.004649016895882596
dcp,1155,3.623922752770494,-0.013093417669665541
dcp,1156,-26.486743421358415,-8.134444156113602
dcp,1158,-13.597493316820621,-1353.6852673788317
dcp,1159,-13.597493317473962,-0.47406263806607285
dcp,1161,19.78316078541221,-2.134942173358354
dcp,1162,23.82212594450006,-0.018481721542855212
dcp,1164,20.14502382528376,-0.6602723694668953
dcp,1165,13.256725372104913,-0.16660224767667842
dcp,1167,-22.862820667218845,-6.214482175193268
dcp,1169,13.489818308803223,-0.2698692186406788
dcp,1171,13.489818308802604,-0.3706834783351951
dcp,1172,6.601519855424714,-0.0442337653676077
dcp,1173,6.888298453795055,0.5975568825564324
dcp,1174,-9.37300235840763,-0.3859389899146777
dcp,1175,-40.69118656797998,-237.14669914782303
dcp,1177,-26.80913232683693,-1.2412459779555434
dcp,1178,-13.758462393253057,-0.30684766091843585
dcp,1181,13.050669933713621,412.68245613665744
dcp,1183,-51.3729043032777,189.98645575621742
dcp,1185,-51.3729043049859,-2.267051579890392
dcp,1187,-51.37290430215907,-7.2471753640209045
dcp,1188,-51.37290430305397,-3.8795876859001623
dcp,1190,-11.084559259185623,-1.1126876631558957
dcp,1195,-5.195910566109783,-282.9224282715955
dcp,1197,-8.505261773637418,-2.054875207469024
dcp,1199,7.404853410231589,-0.5819304667887195
dcp,1201,-7.775208051643591,-0.2533621282924514
dcp,1204,11.592950447434143,-0.9718210920543697
dcp,1205,-8.822442078380325,125.5831990726789
dcp,1207,44.01598442412113,-5.143815279208866
dcp,1238,96.25276013431501,-5.669931426086066
dcp,1242,84.46454541486952,-12.156778072367445
dcp,1246,74.14179305306236,1375.4202915061408
dcp,1262,53.28476990321327,-2.5780541669035983
dcp,1264,46.67271555093002,-4.151920570367793
dcp,1266,39.54217972675914,-3.2946450639483373
dcp,1268,39.54217972681011,-2.700309529224228
dcp,1270,33.993645161622986,-2.530693725909714
dcp,1272,28.680984778555278,-3.115181988354948
dcp,1274,24.405108835448747,-0.7153268140614273
dcp,1276,24.405108835521574,-0.767144826408412
dcp,1278,15.976438497749042,-1.2813378671031614
dcp,1280,37.151547735265275,-0.024844274984275216
dcp,1282,37.15154777224997,-2.2359847530354955
dcp,1284,37.15154775758248,-0.02484427501411801
dcp,1288,37.1515478048096,-0.39474792622780797
dcp,1290,37.15154780542062,-1.2711987414957093
dcp,1291,-12.040672513879176,0.84440155143227
dcp,1293,18.77179223347057,-2.7510320938069412
dcp,1295,14.666619010497262,-2.1691663478995338
dcp,1297,12.493615346962041,-1.1727073588015173
dcp,1299,8.176450610686919,-0.691854548524077
dcp,1301,3.9612992628352344,-0.17534620477948692
dcp,1303,38.08505303474318,-2.172805954459591
dcp,1305,29.353593973002656,-6.161541009272241
dcp,1307,23.58339285588594,-3.0550770673423813
dcp,1309,19.76023742555943,-3.7051412027733477
dcp,1311,19.760237425613195,-0.6969835648631033
dcp,1313,19.220410284062062,-2.7477769875254126
dcp,1315,5.532557937239308,-1229.5725043627867
dcp,1317,2.0806980453219706,-0.03350881571395803
dcp,1318,-0.3563147742483922,0.0701221599568953
dcp,1320,45.692789429219296,-0.6367884567760029
dcp,1322,45.69278942921401,-15.56060448639505
dcp,1324,45.6927894292151,-21.1184106238955
dcp,1325,45.69278942920192,-1.110726095096993
dcp,1328,39.418639520977884,-0.4164262099715188
dcp,1330,39.41863952097468,-1.6256857932852995
dcp,1332,90.29619029680664,-6.824397459032014
dcp,1334,90.29619029680613,-21.639128860538563
dcp,1336,90.29619029680563,-12.115955345425789
dcp,1338,90.29619029680508,-6.702096429300013
dcp,1339,68.27808421437918,-1.7295637068587553
dcp,1341,-22.01810608242497,75.47077545103355
dcp,1343,-22.01810608242658,-1.4829940091029243
dcp,1345,-12.224296129862841,-5.455664580019004
dcp,1347,-9.793809952560528,-1.2271840190716716
dcp,1349,-9.79380995256074,-1.4465501165875025
dcp,1351,-9.79380995256006,-0.6824616457475372
dcp,1353,-9.79380995256099,-0.789698767314178
dcp,1356,103.22683146659297,-241.1935516584041
dcp,1358,103.22683146659324,-55.580541879842826
dcp,1360,103.22683146659368,-18.51974344079133
dcp,1362,103.22683146659428,-33.34193166066558
dcp,1363,103.22683146659529,-3.7082109996522377
dcp,1365,-24.824965441785164,-1.7231158300835432
dcp,1367,-11.082375262103676,-0.1462774783670966
dcp,1369,54.25096274551333,-1.7659001752890617
dcp,1371,54.250962745200475,-2.4281127409943792
dcp,1373,43.389767797449565,-2.7035169195057733
dcp,1375,30.6852215154033,-1.2965595423818286
dcp,1376,-14.70878301778818,61.969622542062325
dcp,1378,15.976438496401686,-0.9530907559674233
dcp,1381,-24.12711834310117,-1.8674340292507736
dcp,1383,-16.422113595972313,-0.8265870228493668
dcp,1385,-18.6859607931987,-1.282134360168925
dcp,1393,-4.456987660353487,-0.025387136447818648
dcp,1395,-4.45698765995292,-0.020957299645999683
dcp,1397,-2.156221801519634,-0.011944032322901421
dcp,1399,3.3491083090449627,-0.006471935770719028
dcp,1401,3.349108308931805,-0.02569706213120071
dcp,1414,-25.922381181270808,-15.597764067838057
dcp,1416,-25.92238118121729,-6.997222007484368
dcp,1418,-25.922381181623795,-2.940540046644742
dcp,1420,8.279108737407714,-0.036122499063026225
dcp,1421,-43.42575085976999,66.39059977277736
dcp,1422,-25.92238118143739,-10.995442591991832
dcp,1424,-9.560073189333316,-0.11013097425939122
dcp,1425,7.040914889042147,55.95235603596001
dcp,1426,-2.5191583020992097,-0.010395007706620163
dcp,1429,111.49782150657977,-10.243773701387795
dcp,1431,111.49782150656489,-25.348367205247314
dcp,1433,111.49782150655761,-14.097620603603104
dcp,1435,111.49782150656755,-79.91138028216642
dcp,1437,111.49782150656688,-39.2222160532408
dcp,1439,111.49782150656026,-113.63875655867889
dcp,1441,111.49782150656118,-86.86073647035363
dcp,1443,86.34216829969841,-14.365727241438265
dcp,1445,3.137547124427613,-0.021893505154594095
dcp,1446,-25.155653206867,14.34383373628367
dcp,1447,89.47971542411719,-14.05161717402865
dcp,1449,-22.018106082422584,-21.208414160249276
dcp,1450,-22.01810608242271,-6.825941696032032
dcp,1452,-9.79380995255971,-0.5392550066609374
dcp,1453,-9.793809952563139,-0.7705150246371772
dcp,1455,50.877550775831565,-1.0250559684871519
dcp,1457,50.87755077583207,-4.755120742704321
dcp,1459,50.87755077583242,-12.59835201673502
dcp,1460,7.063596220915421,-0.1311467817617995
dcp,1461,43.81395455507112,-11.567886910480638
dcp,1462,-10.829549472389127,-0.40578583054121964
dcp,1468,43.16858748328637,-1.5690896879443699
dcp,1470,63.28052611803524,-7.444226048556402
dcp,1472,51.92051057750085,-7.25962625436614
dcp,1484,13.334979912213706,-0.3346604191856386
dcp,1486,10.322752361807641,-7.267018875593635
dcp,1488,11.788214719446259,-13.333682425788822
dcp,1491,8.429833045385795,-12.54785875152146
dcp,1493,8.515061101916736,-12.802866349178032
dcp,1511,10.322752361807854,-162.34935962138928
dcp,1513,11.78821471944653,-168.1834927986299
dcp,1514,0.6761627653222697,-0.2559813449316266
dcp,1516,2.5969908522079033,-11.852385755975774
dcp,1522,22.110967081255684,-0.6243187429477075
dcp,1533,10.861266935047661,-4.903657220647574
dcp,1544,11.360015540479088,-6.358033088341699
dcp,1545,11.36001554048331,-147.45196018942124
dcp,1551,10.861266935048011,-156.38275797681058
dcp,1553,0.2420678913200581,-0.03219587113881062
dcp,1554,22.11096708125414,-0.6360522197140881
dcp,1556,8.536070919315302,-12.866123142048082
dcp,1558,9.448036638142952,-0.2863633913807462
dcp,1571,22.2212824765592,-1.503082742084871
dcp,1573,8.525111904643975,-12.833108064659882
dcp,1578,24.071658652929795,-1.1548333873543015
dcp,1580,13.424409456374969,-11.932920946048398
dcp,1582,13.424409456373892,-134.07528295453994
dcp,1584,4.045524354035712,-14.398911039606446
dcp,1586,38.49610112114448,-2.8127407233027952
dcp,1587,24.07165865351795,-0.24974068739288668
dcp,1589,14.424442467846804,-12.220046593128927
dcp,1591,14.424442467851199,-130.85303791294382
dcp,1593,4.062792899630585,-14.522098500335915
dcp,1595,0.4732124848269264,-0.12237867121280033
dcp,1597,13.334979912019714,-12.752304623159262
dcp,1599,1.2255753306654298,-0.77224420264929
dcp,1600,10.736678741123935,-141.6203564623529
dcp,1602,12.109404581361435,-25.892694862742474
dcp,1604,12.109404581679645,-0.14678431700212968
dcp,1605,11.96225407179239,-25.267234977095313
dcp,1606,24.071658653566434,-2.659071959281846
dcp,1613,9.85209758715925,-17.139142292851375
dcp,1614,7.759818333302404,-0.09495870895239023
dcp,1619,9.88843708340345,-17.265811043888107
dcp,1620,11.980716337224036,-0.2263587383538379
dcp,1622,27.84885192319176,-2.4344782992477576
dcp,1624,2.569082081744686,-11.599009347891013
dcp,1626,9.414651710836493,-0.2792909862013744
dcp,1627,2.637291711584185,-1.2281403898318217
dcp,1631,7.530242436460803,-0.17867604067959064
dcp,1632,2.528781222369147,-1.1291566338818484
dcp,1633,10.059023658832773,-0.10158869279683813
dcp,1635,13.334979912019731,-133.94329832210656
dcp,1637,10.736678741121436,-6.182151104747845
dcp,1649,22.22128247655892,-0.6893244112845878
dcp,1654,27.84885192332931,-1.1695422985987989
dcp,1655,4.10126280200901,-2.97007128190603
dcp,1660,4.007054451653858,-2.835189962197319
dcp,1700,5.548534565130535,-3.9726558702706143
dcp,1702,5.548534565129362,-38.65082605065197
dcp,1704,1.271773501961189,-2.8304944512575503
dcp,1706,0.031005984220718714,-0.0006746363714000836
dcp,1708,1.269584594180487,-2.8207594481715432
dcp,1710,5.312660382918171,-36.867336866279175
dcp,1711,5.3126603829179855,-3.2345116954483046
dcp,1712,0.11362752155321122,-0.009060366714606971
dcp,1714,1.3027794861757844,-0.29969085957804964
dcp,1716,4.841224696642207,-0.02948432035668702
dcp,1717,1.2385786099585665,-0.2708811755927627
dcp,1720,4.163133541616527,-3.0603588840084512
dcp,1721,4.7171907665035935,-0.06982642682714868
dcp,1724,4.15670331029832,-3.0509123372007707
dcp,1725,3.602646085260466,-0.04072828656353522
dcp,1727,4.275875943277974,-1.1035139770225442
dcp,1729,4.275875943293113,-32.31864201956955
dcp,1733,8.42867033771776,-4.449603879197184
dcp,1735,8.428670337721313,-25.956508085644145
dcp,1737,1.6284417014079997,-4.665714403799825
dcp,1739,1.4857968398205335,-1.5335723912809271
dcp,1750,1.4629484794689505,-0.3779111783442204
dcp,1752,4.234595385668381,-0.0565568911453056
dcp,1753,5.314431796497942,-4.98706869099874
dcp,1756,10.861194947334008,-0.6015063684326378
dcp,1758,168.76058774892994,323.22531213186255
dcp,1760,158.33370294214558,-48.60987972401347
dcp,1762,10.426884806735334,-12.546823149229795
dcp,1764,10.42688480673573,-136.10941176506196
dcp,1766,2.270149496980635,-9.090902587806
dcp,1768,2.3007193702825015,-0.9346714396011748
dcp,1770,8.212152879845467,-0.21331099591816383
dcp,1771,7.454504024590339,-9.81226303148901
dcp,1773,8.884076537951138,-9.532544047840133
dcp,1775,8.884076537960809,-90.78541217254883
dcp,1777,2.2359154597079693,-8.818786852747621
dcp,1778,0.030569873316403807,-0.0005147049477045584
dcp,1779,0.7022312851618414,-0.2716010301106735
dcp,1781,2.205345586401718,-0.8587860556747273
dcp,1782,8.798089094020106,-0.07640008887415206
dcp,1784,7.350392363404309,-9.540095432002772
dcp,1786,6.592743508427839,-0.1374774764195763
dcp,1787,19.31096134473392,-0.6887707322227925
dcp,1789,6.612054352126893,-5.084025627309302
dcp,1791,6.612054352126991,-49.61253193639493
dcp,1793,1.601869298898593,-4.512800826486114
dcp,1795,1.570117233430919,-0.4353071847431238
dcp,1800,7.130535824413727,-5.814429191518343
dcp,1802,7.13053582441679,-44.69519895925703
dcp,1803,0.2465802711620642,-0.03500884256106929
dcp,1805,5.256765324396659,-4.87942731798239
dcp,1806,4.667188586424657,-0.06868069324684711
dcp,1808,0.03175206549707052,-0.0005805037966410964
dcp,1809,1.6081733134017593,-4.548390172843824
dcp,1811,1.6399253788801444,-0.4748755923229737
dcp,1812,6.237305819977422,-0.040148911376491014
dcp,1814,5.275782239842511,-4.914794884501362
dcp,1816,5.865358981896116,-0.1084708806654362
dcp,1817,13.74259017963166,-0.7195519702606816
dcp,1822,9.564918409559967,-0.2626610838651686
dcp,1824,6.4115200880579595,-3.713536343337296
dcp,1826,6.411520088065,-22.94333800962022
dcp,1828,2.1991508628816647,-4.262736744822064
dcp,1830,2.3484722791399983,-0.973873505574943
dcp,1832,7.116106805778118,-0.08000958219258791
dcp,1833,5.404007126148283,-5.156600668204419
dcp,1835,9.564918409645568,-8.038838076447405
dcp,1837,9.564918409651835,-17.312302181069413
dcp,1838,1.1916379009710576,-1.0430730115755296
dcp,1840,2.449713307769998,-5.2894314008882475
dcp,1841,0.14932141624935022,-0.016378355509345965
dcp,1843,6.511859412500277,-0.055846480231707574
dcp,1844,2.30039189152476,-0.9344053808525814
dcp,1846,4.21146752153772,-0.028023604722307027
dcp,1847,5.923567200919008,-6.195813177018522
dcp,1848,1.712099680569603,-0.0038605027614266874
dcp,1849,15.976438496273985,-1.0988365571436134
dcp,1852,-2.4510526868025897,0.5446199551526547
dcp,1853,2.6065232697502148,-0.6545440368880122
dcp,1854,2.1730036633199807,-0.4798440428518802
dcp,1856,115.4297582314191,-2.318381060853312
dcp,1861,-5.262871041079216,-0.027393135667466595
dcp,1933,17.208355333944063,-0.06603643100572754
dcp,1935,8.530637774542761,-0.1111952811241963
dcp,1937,8.530637774264402,-0.1074111485135063
dcp,1942,-0.8615386284130053,0.0018801162312911401
dcp,1944,7.6690991463384455,-0.14609666298343882
dcp,1945,7.669099145862914,119.17279593742273
dcp,1947,9.539256190087245,-0.4999397631787019
dcp,1948,9.539256190183128,120.06062937254615
dcp,1950,8.677717560585082,-0.10760767556558903
dcp,1951,8.677717560337685,-0.11287887030340471
dcp,1961,13.133640228723129,4.129738326643633
dcp,1963,13.133640228721918,-2.435421687378266
dcp,1965,8.403542903923066,-0.5237144592351797
dcp,1969,4.730097322925272,-0.07112637595554361
dcp,1970,4.730097324306307,28.282507202272484
dcp,1972,-14.436619717270045,-1.4484911225844144
dcp,1973,-14.436619717572036,7.755277511846998
dcp,1975,-11.714208038949526,28.802286022795215
dcp,1980,-14.56264593143809,7.74230709634071
dcp,1981,-8.881514705111224,-1.2663604457003999
dcp,1982,-6.03307681380981,-0.0671907372430951
dcp,1996,3.013963729980396,-0.06746669989458809
dcp,1998,3.0139637299803534,-0.019003680648911114
dcp,2000,3.013963729980309,-0.04466591670683684
dcp,2002,3.0139637299802557,-0.002852368892810375
dcp,2004,3.0139637299801474,-0.0018985512694165152
dcp,2005,3.0139637299800577,-0.06746669989457033
dcp,2039,42.94149034539169,-2.4229786733115475
dcp,2041,20.739630955968916,-0.22495918881526222
dcp,2043,20.739630955968625,-1.3497551328915165
dcp,2045,34.19004576446602,-3.9666391950302113
dcp,2046,20.73963095596825,-6.457145970352599
dcp,2048,11.766872784560348,-0.13569010922537927
dcp,2052,39.13610839811802,-0.46255376412585747
dcp,2053,39.13610839811851,-0.6555397716750804
dcp,2055,3.564640836861319,-0.5252935019891538
dcp,2057,3.5646408369555833,-0.21513653320391768
dcp,2058,3.5646408368766824,-0.2385167954988674
dcp,2059,-25.53384620432237,-5.331870375641415
dcp,2061,-18.549735489465846,33.79285274292181
dcp,2069,-6.984110715233626,-1.2286152889327582
dcp,2070,-6.984110715119654,-0.45777967628464467
dcp,2095,4.485458670137832,-26.904060887116145
dcp,2096,104.95663091521547,21.840332941958195
dcp,2099,120.13175583435367,81.68906905481191
dcp,2112,-25.043681945065114,-5.93568835477987
dcp,2116,-11.497902557941943,-1.0320991655516423
dcp,2142,-24.12711834309943,-0.5757145433069581
dcp,2150,26.71540963491108,-0.9465030698393093
dcp,2152,26.715409628231217,-0.47747407166320954
dcp,2154,26.715409634490722,-0.7643867428863018
dcp,2156,26.715409631564892,-0.7686690213895417
dcp,2158,26.71540963031991,-0.7772335786584676
dcp,2160,21.452538596478,-1.611660365641285
dcp,2161,26.7154096297391,-0.11419409786958568
dcp,2163,13.297568870753576,-0.22333040173288055
dcp,2164,13.297568870753095,-0.20122723449878777
dcp,2166,-43.42575087442972,-3.3095716974590914
dcp,2167,40.01297850327555,-1.2424058361939956
dcp,2206,0.5398271414221408,-1251.5187671986553
dcp,2219,0.5943951701690334,-0.27218240868654675
dcp,2221,-0.7425581814572818,-1251.036855517516
dcp,2223,-0.0545680287714753,-0.5280700784902592
dcp,2229,1.7493545127176524,-0.009067494708688173
dcp,2234,-0.7425581814527287,-0.3407700331317187
dcp,2235,1.0945887165796626,-0.003756120177285993
dcp,2237,3.8231554303980095,-1252.9121119145843
dcp,2239,1.4348289479341083,-1.6273757867335235
dcp,2241,0.31803130849898903,-1252.0900378883107
dcp,2243,1.115015883853473,0.391819174120144
dcp,2245,2.388326482443209,-3.525232862762607
dcp,2246,-1.8039225416901497,0.011617267434985479
dcp,2251,1.0220912758451584,-0.6456241754659118
dcp,2254,1.1150158838604112,-0.3841786595134522
dcp,2255,-1.4475388111883494,-0.005776931257457818
dcp,2256,0.3520305351523691,-0.00022120701333960824
dcp,2258,1.7528602564351257,-1.8988690233928196
dcp,2259,2.337264197010889,-0.017125890309955594
dcp,2260,0.5844039409219993,-0.0010119473637359988
dcp,2262,1.9118166614817171,-0.006524251660607661
dcp,2263,2.2638471972530194,-0.05401754355665389
dcp,2267,8.731459061687582,-8.951224122562508
dcp,2268,3.0523285335825947,1384.3094354759794
dcp,2275,2.28068809180422,-0.30332249696789404
dcp,2277,2.280688091764251,-0.6888501031830856
dcp,2279,-9.866000445604811,-1228.4461769627887
dcp,2281,5.532557937429405,-1.8016267457060735
dcp,2282,5.5325579373909095,-1.4257151932640681
dcp,2284,14.699424814435162,-2.0905071445429257
dcp,2285,9.166866877462923,-4.353669338968302
dcp,2287,-1.447538811232607,-0.6474877588151458
dcp,2289,17.22060609078124,7.710865398917008
dcp,2290,-2.5625546950994598,126.17906391951408
dcp,2292,-3.3715622394737026,-1245.5238410574916
dcp,2294,-4.333442507994275,-11.605570651824166
dcp,2295,-4.333442507661575,-0.050758890883344066
dcp,2297,2.1371071596998337,-1253.3604086265477
dcp,2298,15.098850244528641,-2.6347102960132815
dcp,2300,17.553988712677413,-1.6864640104538466
dcp,2301,11.783787595473566,-1.028379756605318
dcp,2302,17.090569391351647,-2.4339656551510416
dcp,2303,24.98311710040807,-5.452003883360248
dcp,2304,5.77020111708898,-3.8180628698955843
dcp,2306,-3.3715622397574694,-0.03066933136483385
dcp,2307,-7.705004747222016,-0.538756415754051
dcp,2311,-1.0243094963878314,-0.011572785686610132
dcp,2312,7.7981325819706795,-6.608925543528073
dcp,2314,9.419946783983608,-0.8997769297686773
dcp,2315,4.105173222900888,-1.7492334609827367
dcp,2317,10.782973880554442,-1.3032987406690495
dcp,2319,13.303591914104496,-1.678885001452329
dcp,2320,1.7106414666285275,-0.2789577761047326
dcp,2322,16.980112906293826,-3.1072702731639765
dcp,2324,19.330866769123645,-3.731218864305447
dcp,2325,2.2402973776448114,-0.36822400900950925
dcp,2327,0.18186157819855645,-0.00030348366215093847
dcp,2329,1.2121351693693605,-0.014703001589907672
dcp,2333,2.5583054632152047,-0.07544337172055293
dcp,2334,1.3461702938813611,-0.054566385168925535
dcp,2336,1.2121351692909863,-0.016889277830955507
dcp,2354,0.9928460307798718,-0.6092060804713242
dcp,2362,0.7256380129652422,-0.2924493213658934
dcp,2364,0.7256380129578567,-0.3254171763338718
dcp,2365,2.0395250558929394,-0.00866041722844102
dcp,2368,0.9926286473785059,-0.6089393386243387
dcp,2372,0.7289893098887701,-0.2887446844058559
dcp,2374,0.7289893098875317,-0.32842994004096226
dcp,2375,2.011177730995653,-0.008235285822479455
dcp,2404,-2.579297485647899,-1.3438185113790837
dcp,2405,-7.775208051381159,-1.0396250345862086
dcp,2406,-5.19591056565302,-0.16535960546337947
dcp,2409,1.4029937994941506,-0.0930124083418491
dcp,2411,1.0466790251981621,-0.6770604788747505
dcp,2412,1.0466790254706093,-0.002267761553468972
dcp,2414,-0.32762120993599897,0.03342829507141687
dcp,2418,1.018549083935322,-0.6411569386042402
dcp,2419,1.0185490846199976,-0.0012106950915153902
dcp,2524,-11.082375262102788,-0.14541774507688388
dcp,2532,37.15154781699253,-0.04140712515595624
dcp,2536,37.15154780467146,-4.97023525292235
dcp,2550,5.725397923935329,-0.2607991231182041
dcp,2552,1.5440308478117708,-0.021151125329822662
dcp,2553,1.7640986611977698,-0.15719245885014743
dcp,2554,2.7651630690068223,-0.010544008854708409
dcp,2556,2.7401670415999297,-0.010932398445504532
dcp,2557,5.505330110524078,-0.31360370114862235
dcp,2559,25.110875290692945,-3.180524755869726
dcp,2561,5.314773561030731,-0.21589043001245045
dcp,2562,6.339083057364988,-4.2843751247772275
dcp,2564,8.61197937655609,-0.2190127554739547
dcp,2566,8.611979376459205,285.18325072435647
dcp,2568,4.288433464338242,-0.05123638315649259
dcp,2570,4.288433464268615,-0.1009831227218001
dcp,2572,4.2884334642841075,0.36481555371580043
dcp,2573,-8.611979346758893,-0.1283075057053793
dcp,2575,-8.611979349117286,-0.14291824487264648
dcp,2577,-4.323545898588519,-0.10238183012444324
dcp,2578,-4.323545898591092,-0.1102142177130645
dcp,2580,3.1004513184676776,-0.020071523013712067
dcp,2582,-1.2491609652825462,-1251.108914265958
dcp,2583,-0.6547657951081961,-0.26495516451240064
dcp,2587,-54.12196920976317,-1.2712673971958566
dcp,2588,-50.75132610328853,-3.465742211645477
dcp,2589,-3.3706431067432394,-0.04377483827403239
dcp,2590,100.4711722452121,-23.600839185540735
dcp,2592,21.45253859638526,-0.5007100165055931
dcp,2593,120.13175583497657,-15.384126918154038
dcp,2595,2.369793940352765,-0.009839097656197282
dcp,2597,0.2235498760794478,-5.742075461512286e-05
dcp,2598,15.252703474587578,-1.6629461975518325
dcp,2599,2.339214606276033,-0.008897350008055582
dcp,2600,2.0922792531986265,-0.004290079823931592
dcp,2601,0.9119657184198385,-0.0008192062493890262
dcp,2602,0.9848186654492114,-0.000973747275054393
dcp,2603,0.7576488558488366,-0.0005665693755645407
dcp,2604,0.5895767416983742,-0.0003587239579019297
dcp,2606,0.03846990237612589,-0.0008087895166681847
dcp,2617,2.5782229217269927,-11.892964170987398
dcp,2619,2.5253332674759554,-1.126079557152707
dcp,2620,7.6131461860698195,-0.1859356634802225
dcp,2621,10.138479453766664,-0.1012469341499127
dcp,2623,2.6347663841073743,-1.225789514678354
dcp,2624,2.581876729853747,-11.926697018750474
dcp,2625,0.05288965425295055,-0.0015369766242656624
dcp,2626,0.06820962983910936,-0.0026049368468648026
dcp,2627,0.5540572228925549,-0.0003861800930735626
dcp,2629,1.3382859369850668,-3.1511679402650543
dcp,2630,0.16549322192732485,-0.019025927746156412
dcp,2632,1.503779158903831,-0.3993004481536673
dcp,2634,5.697543862816513,-0.0404151975556033
dcp,2636,4.42338684614085,-3.4549480278334386
dcp,2637,5.503223260996876,-0.09552036058528302
dcp,2638,1.079836413189578,-0.0014517281156258832
dcp,2639,12.704546282195713,-1.0331565814095711
dcp,2645,13.332926724958735,0.12052598196601139
dcp,2649,6.3577211525315205,-0.06750243248308152
dcp,2650,12.25364220150918,65.62603250418749
dcp,2652,-5.895921049504768,65.33161481122835
dcp,2654,-21.74800607633714,-4.21610599859406
dcp,2655,-15.852085026930888,-0.17389171099313216
dcp,2657,2.3007658589979765,-0.03623946214065654
dcp,2661,-11.693614935130269,-137.12446120021656
dcp,2663,79.32003314095631,-15.420877428489376
dcp,2665,-13.350067009187773,415.83812670901506
dcp,2666,-0.7651786774621976,-0.35926357991576197
dcp,2673,65.96996613186843,-10.814810532128064
dcp,2675,-8.237230816595018,-7.987398384081473
dcp,2677,-10.826161396727908,-116.34477699726216
dcp,2678,49.45979209955288,-1.0347726476065588
dcp,2681,-10.921844681335493,-126.3441690439301
dcp,2682,60.28595349625402,-9.918267199651382
dcp,2683,0.07904030510317817,0.004042079517375896
dcp,2685,-6.162008617926932,-0.17219553819057865
dcp,2691,-2.892845544514715,-10.103699978085729
dcp,2696,-2.882497684203555,-0.9780944825361644
dcp,2697,-2.838010345323705,-9.745625748371651
dcp,2705,-9.692042787115193,-11.05792195416285
dcp,2706,-0.04448733888735088,-0.0011893502016846469
dcp,2711,-2.8483582056305092,-0.9550631404349019
dcp,2712,-3.2795109336604056,-0.0242206923029471
dcp,2713,-0.4311527290364394,-0.0008411643577801442
dcp,2714,-9.62078326730826,-10.895915769098394
dcp,2715,-9.260890060785615,-0.1972573948513059
dcp,2717,-5.751932281250411,-0.12214880458219568
dcp,2719,-2.6916923679183116,-0.8528913722135485
dcp,2720,-2.6679708852850355,-7.012358207285729
dcp,2722,-0.023721482634136676,-0.000372438344584225
dcp,2723,-2.679092529403766,-7.016027848458521
dcp,2725,-8.163711846816225,-7.845456326010776
dcp,2726,-7.758842978577604,-0.14598413758807283
dcp,2728,-3.0602399139053857,-0.02323473452838698
dcp,2729,-0.40486886574985015,-0.0006005984774901663
dcp,2730,-2.65537104677083,-0.8300290760297457
dcp,2740,91.01364807553294,-19.482754687911893
dcp,2742,91.01364807553335,-28.453768007218514
dcp,2753,-8.668345908632515,-8.845356511158059
dcp,2755,-11.497902558478302,-143.4082423109515
dcp,2756,71.20779817758013,-14.628538253947568
dcp,2758,-2.82955664950792,-0.029511556609634226
dcp,2760,-2.829556649875516,-0.9424963162974223
dcp,2761,-2.829556649857375,-7.873348638251002
dcp,2763,115.42975823144923,-0.03997208725610335
dcp,2764,115.42975823142113,-85.27378614633173
dcp,2766,82.70570073606723,-23.133667783612907
dcp,2768,82.70570073606831,-27.47037546392426
dcp,2780,-14.562645930424104,-1.4571374807764528
dcp,2788,0.9936689568349423,-0.2917539709103494
dcp,2790,-0.45700175930962406,0.16013718889826123
dcp,2794,1.3070969018911045,-1.0558834726960526
dcp,2796,1.3070969020301446,-0.0062240739200660755
dcp,2797,0.9936689568277001,-0.6102163868075081
dcp,2798,2.300765858578938,-0.013011480851503165
dcp,2799,1.212135169334291,-0.056402400819479226
dcp,2802,91.01364807553351,-24.81731847150712
dcp,2804,91.01364807553314,-34.28534083897435
dcp,2810,91.01364807553364,-24.063521415129642
dcp,2814,91.01364807553372,-25.438579781708526
dcp,2818,82.70570073606753,-22.95582172732273
dcp,2822,82.70570073606841,-21.382568152447075
dcp,2824,82.70570073606818,-20.56858043327192
dcp,2830,82.70570073606778,-19.501504095529654
dcp,2832,82.70570073606802,-22.182875405753435
dcp,2838,-11.693614934402921,447.2048867990844
dcp,2840,-13.350067009095726,-120.81931495872084
dcp,2842,-10.82616139668984,331.3320751631711
dcp,2844,-10.921844681324034,351.2537764890078
dcp,2846,-11.497902558358222,436.3843665417538
dcp,2847,13.297568870752587,-0.07550441927151041
dcp,2851,26.715409631230226,-1.0355977251701916
dcp,2853,26.71540963270963,-0.20911794177015963
dcp,2855,26.71540962331954,-0.4689095141515054
dcp,2857,5.925275618253688,-0.04062098706316419
dcp,2860,7.861467998379418,-0.8255601872781426
dcp,2869,34.211953311579904,-7.763646251728574
