method,edge_id,q_m3_s,h_Pa
loop,3,27.82620325448354,-1.0940824912246967
loop,5,40.77527616439874,-1.2785571994916154
loop,7,55.96965948564072,-11.299298238059407
loop,11,29.07798279416843,-21.40879639112984
loop,19,0.9879511685965784,-0.004166746826740564
loop,21,-4.763545968051728,-1.1895723908270384
loop,23,-17.528891190214893,-0.8901380903602103
loop,25,26.09945535811388,-4.635418342694493
loop,27,37.25544938706503,-80.16628514467976
loop,29,37.25544938706503,-23.17491019531002
loop,35,37.25544938706503,-119.72755155762349
loop,39,-5.099003567540905,-57.02478587130139
loop,41,15.194383321310864,-4.388363360058008
loop,44,33.37329072609726,-5.230294603140919
loop,46,60.264967417569515,-27.021085255934963
loop,50,-1.0966715633443411,-0.025359890087315762
loop,52,3.1721651832443025,-0.01230659887460206
loop,54,-4.971408071597175,-0.03363697646966557
loop,60,-0.6267966767540387,0.5765202295582412
loop,68,26.891676691424774,11.422425593928779
loop,74,45.15282920642129,-0.9704583210238411
loop,76,27.82620325448354,-1.8226965211158586
loop,84,27.82620325448354,-2.128544068201961
loop,89,12.949072909867693,-3.1944428982267823
loop,90,3.414844840986849,-0.08463673766038937
loop,91,11.779538480276523,-0.9650585989522824
loop,92,16.363917750785625,-1.8508801823157341
loop,97,11.155994028903647,-6.668626003074337
loop,101,15.32400290407716,-1.9138242797793055
loop,103,25.349594585461904,-6.751176040970336
loop,105,10.709221766078214,-0.9161231975102737
loop,107,4.982561200154076,-0.24535452894758691
loop,109,4.982561200154076,-0.25391947000662185
loop,115,4.982561200154076,-14.34483637082758
loop,121,4.982561200154076,1.268833501125755
loop,123,30.217659191035704,-8.600554145277215
loop,126,0.6050570955914063,-0.003915376281042882
loop,138,3.138310452195739,-0.1631781076465586
loop,140,3.138310452195739,-22.049162641897738
loop,142,-23.87150982552703,22.7316542676856
loop,144,10.334841784055353,-0.281655213547765
loop,146,10.334841783938938,-0.6271821819927936
loop,148,14.859370107500764,-1.9297996911273003
loop,149,25.235097990834166,-3.22671713446573
loop,152,2.533253356556835,-0.2066586488235771
loop,154,5.726660565760226,-0.2852805841069994
loop,158,5.726660565760226,-0.27081814732218845
loop,160,5.726660565760226,-3.3909003144613052
loop,162,5.726660565760226,-2.2994946541460877
loop,164,5.726660565760226,2.8848244361849993
loop,166,6.532171179549468,-1.0569602473603936
loop,168,6.532171179549468,-1.1493391959509154
loop,170,-3.5134805388520753,0.15942980510737925
loop,172,3.138310452195739,-0.2652530658581327
loop,183,20.410582548218212,-11.77913540580198
loop,185,7.45730160467315,-2.1034435973650716
loop,187,7.45730160467315,-0.37092768597779013
loop,189,6.651790991000317,-1.729721520205203
loop,190,6.651790991000317,-0.3289714143894571
loop,191,10.045651718354044,-19.249960731955866
loop,192,0.8055106137417504,-0.01182329639073032
loop,194,29.05911575811508,-7.003268117220728
loop,202,29.05911575811508,-139.6133547838698
loop,207,18.661784864480335,-1.8590237000836396
loop,209,8.794446777413658,-0.42360374502652576
loop,211,29.02547354184916,-23.40656945039109
loop,213,27.039823680706984,-17.163063566385745
loop,215,23.96058634718039,-1.3302121704992942
loop,217,23.96058634718039,-11.560846991315202
loop,219,53.01970210545939,-6.954633719283947
loop,221,74.32648609893859,-22.429171734502802
loop,226,-17.016899916765787,-40.332858397860036
loop,228,1.6715709226701154,62.697825818132856
loop,230,-28.584349418157394,-6.052000689500574
loop,232,-44.211506425486554,41.01413323412635
loop,234,11.912299417956895,-13.128570413426303
loop,240,27.539456425286048,-13.838271161345403
loop,242,26.590455725399465,70.06684570844118
loop,245,0.27055856485648805,-34.15024886376142
loop,247,0.03679929683308227,-6.184983982393533e-05
loop,249,0.021414106425301248,-5.136833408414532e-06
loop,251,0.014217094130248293,-6.443769393627008e-06
loop,253,0.029602284654444633,-1.0086158397371037e-05
loop,255,0.036799296949497594,-1.6967978865523037e-05
loop,257,0.036799296949497594,-9.143479076101357e-06
loop,259,0.036799296949497594,-5.520911150824759e-05
loop,261,0.11035680103716201,-4.546280166550787e-05
loop,263,0.11035680103716201,34.14968088210753
loop,265,1.2529423090385834,-0.006434874297667648
loop,266,0.07355750404016696,-0.00016483717047321989
loop,270,0.01538519036028357,-7.014725497356267e-06
loop,274,0.001701986870990804,-1.650979015721532e-07
loop,280,0.001701986870990804,-4.7785817969270283e-08
loop,288,0.007683584170520135,-7.820693213034247e-07
loop,290,0.007683584170520135,-3.967317638853274e-07
loop,294,209.33069904482474,-572.9817102724919
loop,300,16.241896798646543,-22.368854149223807
loop,302,18.227546659905133,-19.79705864303571
loop,304,21.306783993431726,-4.507103950249302
loop,305,3.079237333479091,-5.096367715278916
loop,306,1.9856498610946849,-2.462372638628949
loop,308,3.3556017204856903,0.37322154263711127
loop,310,21.306783993431726,-5.658394806195361
loop,311,21.306783993431726,-4.583826409374865
loop,313,30.217659191035704,-106.46187593803029
loop,315,40.08499727798599,-113.73140674662227
loop,317,40.08499727798599,-30.069786324808774
loop,319,40.08499727798599,-12.859276475229535
loop,320,40.08499727798599,-6.700234338330915
loop,326,94.9192156679215,-53.88676152552307
loop,328,169.24570176690767,-74.21688270499078
loop,329,169.24570176690767,-64.44924202478933
loop,331,-9.86733808699777,-1.9650075321503664
loop,333,-9.86733808699777,118.10282504919496
loop,337,16.24189679876296,-3.500087939796231
loop,339,-10.375727883380888,-0.481328764850673
loop,344,0.007197012247555501,-9.225198482454289e-06
loop,358,60.451049669263384,-29.983772777179695
loop,360,29.4260986876837,-5.589354056580305
loop,362,33.1374811548911,-3.088934644958897
loop,364,33.1374811548911,-3.1152888687338987
loop,366,26.25080972601452,-6.465183215748425
loop,368,26.25080972601452,-12.995831407567664
loop,370,25.779562455697192,-6.175996214904046
loop,372,43.59638868776126,-4.266948264349253
loop,374,8.071865485621524,-0.09102155234791098
loop,376,8.071865485621524,-9.578829306948592
loop,378,-20.24209874850743,-13.771037757665056
loop,380,-7.643072432771258,-3.298490846543757
loop,382,0.8518697594445649,-0.00639180782280846
loop,390,-0.7254166419171453,-0.00529649794850684
loop,393,-0.16020176398323885,-4.8018476320521586e-05
loop,395,-4.268836746636125,-0.15597037600321073
loop,400,15.306183143947152,-21.313085522134998
loop,402,4.170400340214363,-0.8369612956395258
loop,403,19.476583484209,-3.611291136149248
loop,404,15.306183143947152,-2.5744945951297495
loop,408,8.143573254910399,-1.4542827151176425
loop,409,8.143573254910399,-0.08608048539485935
loop,424,14.640372819452626,-3.780752366884599
loop,430,6.594610470665706,3.195901155900742
loop,432,5.873258769406251,0.36996605244723924
loop,434,7.456735978427268,-0.21623972263671476
loop,436,33.35988116727179,-12.962845709567887
loop,438,1.5834772090899314,-0.5209424536980123
loop,440,6.405588180656337,-4.111936747843629
loop,442,15.379913919947429,-8.335021721742578
loop,444,-8.974325739222193,-3.133834447972845
loop,455,12.953280943497555,-3.850722831267035
loop,459,12.267009293376727,-2.724883093904623
loop,474,-6.515512156823421,-0.7135739646720367
loop,479,8.570564167946477,-1.884917724795855
loop,480,4.168008875126013,-0.14828993558398906
loop,486,8.04576234873943,3.256312857894045
loop,488,-12.765345222210662,-0.4105005819166081
loop,493,19.108783819451272,-4.304701703080923
loop,495,19.108783819451272,-9.431835788370904
loop,496,33.72533218927866,-33.01639005211581
loop,499,-0.04095034006383524,2.882344216459387e-05
loop,517,5.760964583032885,-0.20009475023664436
loop,521,8.818035943325658,-5.26272281227989
loop,525,7.9470107029150325,-1.636408663777388
loop,526,2.0887157518764745,-0.0520735869621376
loop,527,0.8357734427903944,-0.005656592671641647
loop,529,0.5652148778864088,-34.1502008452851
loop,533,5.7421276498936225,-66.23694048154766
loop,535,10.980880386636992,-0.6560743311757733
loop,541,-5.732010429741413,-0.443949509472759
loop,545,-5.732010429857828,-0.03811289453886957
loop,547,-5.732010429974244,-0.17338081421536344
loop,549,-5.732010429974244,-2.4961317448493787
loop,551,3.614748393580391,-0.4681170595250137
loop,553,-8.083955497088716,-0.6309574987038786
loop,555,-8.083955497088716,-0.44536254310378354
loop,557,-8.083955497088716,-0.7208795616988937
loop,559,24.990141088319774,-2.3653777724782117
loop,561,47.64819348569763,-63.6697050036812
loop,563,47.64819348569763,53.74456697740476
loop,565,69.73011514155671,-128.9333162901312
loop,567,130.59462641189006,-192.90861237949503
loop,569,170.97228165483838,-68.08021262853481
loop,573,170.97228165483838,-37.62096764165187
loop,575,147.33555816637227,-304.23435030325345
loop,577,14.655492381515465,-8.395026201592486
loop,580,-3.781973004746267,-0.33132210004708895
loop,582,-3.781973004746267,-0.23617641668010947
loop,584,13.04766199984003,-14.258915947083949
loop,586,-4.850211131898602,-0.14587572229680745
loop,588,14.616548369779908,-5.781620024792403
loop,593,-6.886671428807636,0.12577439814833724
loop,597,8.964730762332538,-1.3621300736191984
loop,599,-3.5485220549376,0.0875648257237458
loop,601,11.711016262166494,-0.8039610008951854
loop,603,29.056483459269284,-15.550779156135064
loop,605,17.290287534779814,-8.545900273300134
loop,607,28.15976011158965,-3.1766461907063785
loop,608,-16.829635004633793,6.676804628763534
loop,615,5.701177309877282,-0.20012357367880895
loop,617,12.87823908356257,-0.7988948348004783
loop,621,0.29806203530750625,-0.000782777837514459
loop,630,6.386872275141943,-0.9310805378837017
loop,637,3.0552244853560415,-0.0686918249909354
loop,639,-3.3316477898333985,0.06790904715342094
loop,660,11.33387859147385,-1.0032476386641633
loop,662,16.57263132821722,-1.4018243650556883
loop,663,15.8514021912091,-66.78221456057821
loop,670,5.238752736695872,-0.34717330748839004
loop,673,22.03867561637309,-2.2876621799707095
loop,675,22.03867561637309,-6.267514389405903
loop,679,42.63603161363743,-28.74172897290299
loop,687,120.01354625862025,-74.55122865411028
loop,691,126.0606171293329,-185.57835839282802
loop,692,85.68296188650098,-12.304471550580047
loop,693,40.37765524290089,-6.945312791076617
loop,697,14.65549238163188,-135.98585009753162
loop,700,14.655492381515465,-3.587957648260499
loop,702,2.5486058634948088,64.68670326958494
loop,704,2.5486058634948088,-0.1871777068676579
loop,713,0.7212291370770008,-0.004291934783850593
loop,715,-17.790469027232522,-1.9088162536879736
loop,717,13.773327968991449,0.4717952499749458
loop,719,-4.830657231054718,-0.15062903412786
loop,733,22.46207034009339,-4.001038709428997
loop,742,45.45004764630055,-6.376836987454396
loop,744,62.36084587381324,-3.6088760910344604
loop,746,91.89190085995367,-7.413938627529575
loop,748,42.96186596101904,-8.527235302861868
loop,749,44.98939511617595,-21.84957303916491
loop,751,1.909796204618789,-3.663913208676263
loop,758,2.0275291551094,-4.129587175428014
loop,762,-15.451069897425088,-67.11165333555812
loop,764,-27.86177919544283,-20.062147754895932
loop,766,-27.86177919544283,-19.277329948821034
loop,767,-26.912778495556225,-1.1414930906489644
loop,768,-0.9490006999341007,-0.010328107502971307
loop,770,-15.345328994164609,-26.644227168292787
loop,771,4.434922396856956,-1.0914661052142947
loop,774,-1.9583318136634522,-0.020076557726724786
loop,776,-22.110544872426832,-4.837918821322205
loop,778,-21.68907454691716,-0.9027282170725925
loop,780,-21.41583324344701,-11.473744682307938
loop,782,-17.625829343910056,-0.6595521129087274
loop,784,-20.26339772598719,-10.871185589243225
loop,786,-27.632473121817306,-13.424798882297125
loop,788,-17.214834565525788,-3.2148105398766234
loop,790,-26.832500751896877,-9.7219317533972
loop,792,-34.106179697287445,-7.333011335299261
loop,808,-6.021115175588623,-2.444523111532021
loop,810,-6.021115175588623,-0.19082967140627716
loop,812,-28.592409497208635,-1.6816507369209148
loop,814,-28.592409497208635,211.60170538038955
loop,816,63.85385262161288,-32.78568585126078
loop,818,88.99350379743957,-49.950454330339824
loop,820,88.99350379743957,-65.52086708021267
loop,821,22.081921655695197,-29.044564940652037
loop,827,-16.956926167447854,-8.199414931396689
loop,828,7.273678945459492,-0.2899271016008811
loop,830,24.230605112859845,-9.65757346480234
loop,835,0.4712472703862483,-0.010607586199000707
loop,837,0.4712472703862483,-0.01326603393147252
loop,839,-13.06777993821149,-5.970522163690305
loop,841,-22.414538761533304,-17.262358374030782
loop,843,-17.746983255824237,-5.055664316483558
loop,845,-18.168453581333903,-0.9018132715273168
loop,847,-18.441694884804054,-11.59965803141705
loop,849,-22.23169878422459,-0.47052450615251473
loop,851,-19.59413040214747,-10.300840456984929
loop,853,-12.225055006433767,-17.579189138603454
loop,855,-12.489612814421756,-0.4550240792174236
loop,857,-12.489612814421756,-3.0527326809340707
loop,859,-9.794071142383894,-1.949651835442694
loop,861,-9.794071142383894,-1.666772462123106
loop,863,-9.794071142383894,-1.9642322575331264
loop,865,11.326684618930571,-2.5828104686826805
loop,866,-10.417638556222595,-0.43465140831784765
loop,867,9.617666186323595,-9.599041111745123
loop,868,-2.695541672085363,-1.5544108596745332
loop,870,0.27324130353907067,0.000663360459100204
loop,871,0.42147032546217433,0.0015783060043759178
loop,873,17.70675687213689,-4.3050699797336165
loop,875,10.082839920215285,-1.7291972075113904
loop,877,10.082839920215285,-0.925139313795853
loop,878,-0.5350797534655045,-34.13805232677487
loop,879,-8.494942192263316,35.82834420771303
loop,880,7.623916951874114,-0.9576528325462732
loop,887,22.09961787649798,-2.437081620333288
loop,895,22.09961787649798,-7.609164658275006
loop,897,23.942628248289253,-1.3694929299240926
loop,899,36.353337546423404,-35.06773127552799
loop,901,23.75431123068723,-10.26232942228063
loop,903,3.1569552333064768,-0.1360309342442747
loop,906,18.88172038301913,-69.03429150746382
loop,913,-6.3534108832889,-64.22543435182257
loop,915,7.769508074031627,-10.38771356825282
loop,917,12.916733289923714,-6.911262961730358
loop,919,8.399407039957207,-0.28523380615229144
loop,920,11.073722918132464,-1.737261515403702
loop,921,26.524792815510047,-33.939254374978646
loop,923,20.597355997333253,-8.691207503620888
loop,927,12.599026315688683,28.946727590399405
loop,928,1.4160971906738289,-0.10046709579705748
loop,930,132.68006578480927,-116.48566705152791
loop,932,-27.81863453726187,-31.377593630134243
loop,939,29.531054986209327,-11.419929616597614
loop,949,1.5560693364262796,-0.02674383040749717
loop,953,-2.9086769086000603,-0.15509607770627554
loop,954,-5.338042341220046,79.64989448877367
loop,956,-2.338323888067457,-39.551824697932034
loop,958,-2.338323888067457,-0.014850432372554678
loop,960,-2.429365432551067,-0.15506432418430904
loop,962,0.09104154443611207,3.175352196649328e-05
loop,964,46.346770994096595,-11.315786120559409
loop,965,32.72754084588073,-13.691768138873613
loop,966,13.619230148168361,-5.1469796945528685
loop,968,3.7113824671598974,-31.909213625083737
loop,990,15.259538317173012,-1.2143310528418283
loop,991,15.259538317173012,-66.48028382056907
loop,993,17.345467197055292,-67.41942787087197
loop,998,-31.56379699638789,-31.091696548117227
loop,999,6.0470708707815595,-0.3849411955903861
loop,1000,-17.81682623211155,-3.279465377154679
loop,1002,5.947151531190367,63.929379087008215
loop,1004,5.947151531190367,-0.23269009397256468
loop,1006,5.947151531190367,-0.43008231383288376
loop,1007,5.947151531190367,-0.13776074114957737
loop,1009,49.06355041080641,-9.669850859296503
loop,1011,77.37751464493535,-93.76678851911436
loop,1013,77.37751464493535,-6.107025368079746
loop,1014,5.858294951107475,-0.3387346467762882
loop,1016,1.3632991101232428,-0.005101814352769907
loop,1018,1.3632991101232428,-0.012978495309766913
loop,1020,1.3632991101232428,-0.029772664523420644
loop,1022,2.405505758066945,-0.2774780157666328
loop,1023,10.617919673749707,-0.3235644262288133
loop,1024,13.023425431864148,-0.820401685639979
loop,1026,1.0422066478962053,-0.00990392324649747
loop,1028,1.0422066478962053,-0.00413188462709968
loop,1030,1.0422066478962053,-0.01602245797425894
loop,1032,1.0422066478962053,-0.003963524449034139
loop,1033,1.0422066478962053,34.1302948818215
loop,1035,-12.410709298065237,-1.5008264722588933
loop,1043,2.674315878127752,65.99236222212488
loop,1050,4.517326249919007,-0.07331960755840328
loop,1052,11.698703890738026,-0.601771980963747
loop,1054,11.698703890738026,-0.8148624913937397
loop,1055,22.65805239744675,-3.047467241012157
loop,1058,-1.9583318136634522,-0.19609063143025196
loop,1059,-10.959348506756204,-0.6820894685339454
loop,1060,-9.346758823602135,39.81156559792447
loop,1068,94.9192156679215,-155.33550500945393
loop,1070,184.26216587963805,-504.02554202475716
loop,1073,9.60139931002833,-3.159797111924945
loop,1078,233.01852005280432,-100.34202151068325
loop,1080,403.99080170734095,-597.506566950617
loop,1085,75.68940680694728,-10.289079799806444
loop,1088,1.5560693364262796,-46.74845042346206
loop,1093,172.96649242100378,-219.62368846062108
loop,1094,3.8291154176505082,-14.686727927240298
loop,1096,6.969581758685842,-2.712674778063274
loop,1098,0.7999263152982785,-6.581846379662579
loop,1099,0.7999263152982785,-9.626526595618202
loop,1101,31.02495098153218,-10.55722189480224
loop,1102,18.51169816426202,-68.14005269941356
loop,1104,67.95959190996558,-306.3270377487754
loop,1105,9.766337237812385,-0.5737187784017124
loop,1138,17.442989366622776,-2.5588087543509914
loop,1140,17.442989366622776,-2.6865970631295113
loop,1142,35.94948959502853,-0.30152433738487616
loop,1143,44.03344509206971,-19.35295088028778
loop,1165,-5.732010429741413,-0.09787785588508768
loop,1166,28.046769407619422,-3.962292818135211
loop,1184,22.31475897792551,-5.274270175628885
loop,1185,42.63603161352101,-9.460782640325135
loop,1188,14.64037281933621,-5.948378008056693
loop,1192,5.7514971366008245,-0.06549784423839355
loop,1195,22.987977306159657,-67.86157159829457
loop,1197,24.230605112859845,2.4127862662518282
loop,1202,-5.267071903606201,-0.16728454001963655
loop,1204,12.728742699932777,-0.25372471486923587
loop,1206,31.205851659406953,-9.837379906023557
loop,1208,17.99581460349148,-5.020960217649417
loop,1210,18.477108959543056,-5.274684932518653
loop,1213,45.2673703406596,-57.56429529485138
loop,1216,36.472923563082034,-20.479570589105606
loop,1231,8.143573254910399,0.07193732436849132
loop,1246,5.858294951107475,-0.7941560006487407
loop,1248,0.3167900060265576,-0.0043071752119203666
loop,1249,5.858294951107475,-0.07135048942734556
loop,1262,0.007683584170520135,-1.0693456147237157e-06
loop,1263,0.015385190476698892,-2.3177306047728052e-06
loop,1268,0.007197012247555501,-5.7450702684036514e-06
loop,1269,0.007197012247555501,-1.5596590401401045e-06
loop,1281,-2.709223692140604,-0.21616718915697675
loop,1284,25.139651175779232,172.45369186231585
loop,1286,-10.417638556222595,-20.024178331812607
loop,1287,0.9090460628718832,-0.012626853294761986
loop,1293,-6.493161507724673,-2.0040457701863943
loop,1295,-30.56231048861107,5.757612665611759
loop,1297,-27.00982027777028,-3.2748619271627604
loop,1298,-37.05547199617183,-5.640727683961131
loop,1301,2.9322076547490057,-6.508589019481747
loop,1303,4.524528323747177,-0.2548683890772736
loop,1305,14.859370107500764,-1.7606662170537675
loop,1306,4.524528323747177,-0.9398457452122102
loop,1315,3.530117197738864,-38.75563583994938
loop,1317,15.911824837993446,-35.38732456313332
loop,1322,-1.8430103718387496,-0.013766773346048922
loop,1323,4.517326249919007,-66.20427642071877
loop,1333,57.13541589647542,-42.74151913034052
loop,1335,-13.06777993821149,-12.569807951975406
loop,1336,-13.539027208645233,10.419070859122826
loop,1342,-3.7900038994680365,-0.1265767095682122
loop,1343,15.627157007281678,21.02143683399197
loop,1344,-2.63756838212463,-0.062450897188000454
loop,1350,-7.369075395761193,-0.6327960294462969
loop,1359,-11.635483330041106,-1.1322203420427854
loop,1361,-22.470696367293836,-4.432294809738721
loop,1368,10.935810991811735,-0.024110355655523108
loop,1369,-22.57129432178392,-3.750159552701348
loop,1371,-6.021115175588623,-1.0906964141075264
loop,1472,0.0077016061422659834,-3.4295783279958414e-07
loop,1577,-10.375727883380888,-0.07535901037692838
loop,1582,3.3556017204856903,-0.10883976805450857
loop,1594,5.623036388633201,-3.1855563970726735
loop,1597,10.025591681453667,-2.0621142153632945
loop,1600,13.731329603819088,-5.348553189880931
loop,2059,5.685567255032161,-0.36890060323116813
loop,2060,-0.7213517013069567,-0.42931230522447095
loop,2063,4.964215553772702,-0.4615962009207806
loop,2087,-2.9997184530836702,-39.56664337678262
loop,2088,2.5486058634948088,-0.3737188653342969
loop,2090,-3.572139228111335,-0.03526913383007013
loop,2091,-1.2585180029908791,-1.1144171372641836
loop,2195,-59.959448573434905,37.954232999385226
loop,2210,73.60835086134878,-545.2107181648888
loop,2212,-10.222607537518153,-0.38811933187275827
loop,2216,13.648902287961374,-20.06594138626633
loop,2224,-63.922191655930376,7.432845307096045
loop,2231,21.873075427624613,-7.225271435661966
loop,2234,21.873075427624613,-7.969232307232232
loop,2245,-39.40199925174498,-7.200576373870035
loop,2254,85.7952670836239,-649.6225014225348
loop,2267,-8.613448141479278,1.4697855859543552
loop,2282,-51.68888344658648,-3.3797519500228077
loop,2284,-19.78025139095265,-13.39590321916694
loop,2288,24.398519196877647,-4.827783563293281
loop,2301,-22.470696367293836,-9.009505159508763
loop,2308,-15.29058415597543,224.54697064014837
loop,2310,27.980398504593,-3.443206070181418
loop,2316,27.980398504593,-2.6242898519949733
loop,2328,-7.180112211365912,-0.277309027147453
loop,2330,-7.180112211365912,-0.1810061339123763
loop,2331,-7.180112211365912,225.0052858012082
loop,2342,0.005999619340193062,-5.999718837301771e-07
loop,2353,0.007701606258681305,-1.3052169833827065e-06
loop,2359,0.001701986870990804,-1.7209066527357209e-07
loop,2367,0.001701986870990804,-2.1693836060876492e-08
loop,2369,0.001701986870990804,-1.2312386843404965e-07
loop,2370,0.001701986870990804,-7.017979442025535e-08
loop,2379,3.2813247620965598,-0.4825703050584593
loop,2382,-0.2487924356898002,-0.1035014853379721
loop,2383,3.2813247620965598,-0.1335227103020884
loop,2428,41.80665945213239,13.752468727223118
loop,2430,-22.107279000792868,-9.292257424761715
loop,2431,-9.882223994406594,-0.8304866175471375
loop,2461,22.081921655695197,-2.486817446442103
loop,2466,31.053773343432944,-1.2584595746890272
loop,2468,66.91158214169688,-55.38694419142615
loop,2469,66.91158214146405,-31.783357595359973
loop,2474,35.85780879810005,-2.0135353195205425
loop,2475,31.053773343432944,-0.7550757448315153
loop,2479,136.64169728283545,-34.72797339158137
loop,2480,66.91158214158047,-71.28086157091866
loop,2482,4.344611394795638,0.1100268006589431
loop,2504,-59.959448573434905,-4.07688362664328
loop,2505,20.55744932164243,13.423288654602857
loop,2530,11.912299417956895,-3.218924871464594
loop,2532,11.912299417956895,-3.6452011152434807
loop,2536,17.408140255207254,-1.602796263049754
loop,2542,17.408140255207254,-2.3507072438035266
loop,2549,17.408140255207254,-0.87428005644
loop,2558,0.6050570955914063,-0.0022551395892378423
loop,2561,0.6050570955914063,-0.20048813295329637
loop,2587,-23.816297433516244,-12.867295491775224
loop,2590,-23.816297433516244,-14.57064521017071
loop,2592,14.022226290968435,4.026245695424393
loop,2593,-23.816297433516244,-52.47769205678037
loop,2595,-23.816297433516244,350.0871697387447
loop,2596,64.46586361424994,-63.50135089299481
loop,2606,45.5348564108532,-182.98995995824862
loop,3000,40.26041067272318,-182.98995996084568
loop,3001,20.31346715326272,-38.47179318994364
loop,3002,66.62025850275974,-105.49297443866163
loop,3003,35.44685511227483,-2.3885676005034924
loop,3004,40.88045076667728,-3.290614960871963
loop,3005,25.73980773603497,-1.937922779192533
loop,3006,25.73980773603497,-1.1793170997505342
loop,3007,65.30208089028663,-1.1897569334398241
loop,3008,39.562273154204156,-100.23370819446835
loop,3009,43.67508823960337,-6.91664334450487
loop,3010,43.67508823960337,-85.82093235317669
loop,3011,20.695008082404193,-1.3936340519131392
loop,3012,20.695008082404193,-6.053357003607971
loop,3013,20.695008082404193,-18.758382864088404
loop,3014,39.606523219438024,-1.4965175541814233
loop,3015,53.01953529619895,-1.6079326823702331
loop,3016,88.28216104771867,-8.923832253347356
loop,3017,25.695557670801122,-0.7559996281954255
loop,3018,25.695557670801122,-0.9349994392860168
loop,3019,12.282545594156627,-0.028814436918054298
loop,3020,35.26262575147222,-1.0347904006619189
loop,3021,-13.413012076691992,-0.19448151330001906
loop,3022,35.26262575147222,-0.15791850241082273
loop,3023,20.76772718217655,-0.1919278290794182
loop,3024,-14.494898569343167,-0.2405668867932036
loop,3025,-14.494898569343167,-0.2538033181189405
loop,3026,-14.494898569343167,0.210101234255049
loop,3027,-22.980080157363094,3.9944510636498762
loop,3028,-22.980080157363094,-0.7387896335703346
loop,3029,-8.485181588067428,-0.16941201538857342
loop,3030,-8.485181588067428,-0.14651655389533857
loop,3031,-8.485181588067428,-0.12362109240211794
loop,3032,-8.485181588067428,-0.03664713805048336
loop,3033,43.67508823960337,-7.626238304283088
loop,3034,83.23736139373864,-8.376506123136348
loop,3035,5.433595654354942,-0.03380493618659841
loop,3036,5.433595654354942,-3.675851331857544
loop,3037,31.323036540406928,-1.9966048778572372
loop,3038,31.323036540406928,-1.8092085477979083
loop,3039,31.323036540406928,-8.36023103036058
loop,3040,9.557414226339228,-0.6451638395551669
loop,3041,25.889440886004504,-1.32108866754065
loop,3042,52.01804462262581,-2.2648190208445556
loop,3043,-9.568866220342843,-1.257162746198901
loop,3044,-9.568866220342843,7.273689106531947
loop,3045,61.58691084303755,-5.291161884127604
loop,3046,61.58691084303755,-11.993300270689275
loop,3047,61.58691084303755,-226.89970048747324
loop,3048,29.870881379649454,-8.265985151934615
loop,3049,16.727081194108663,-0.8242767925781038
loop,3050,7.158214973696908,-0.3811746695342606
loop,3051,8.34631482338665,-4.772194488306013
loop,3052,13.14380018549329,-0.8853923519953923
loop,3053,11.95570033591997,-5.099626515924712
loop,3054,-1.188099849620825,0.3200591101169721
loop,3055,1.671475196917792,-0.007372917501726306
loop,3056,6.674839626421357,-2.3414192466723875
loop,3057,-12.771070678985714,-6.963238814758569
loop,3058,13.627175532768836,-3.355411728013138
loop,3059,33.07308583829232,-19.835495210527114
loop,3060,-19.445910305454568,1.0213653988424767
loop,3061,17.378009033615935,-13.893621794611022
loop,3062,-30.14907971264915,-13.357270175501583
loop,3063,1.2740068480841662,-0.0035204896907998773
loop,3064,4.616441215579659,-0.11689373929050362
loop,3065,40.20879041871952,38.68475445207204
loop,3066,59.28726022062751,-9.493958885289146
loop,3067,197.16235745768068,-71.56518416001553
loop,3068,171.4954780768431,-39.70444365108672
loop,3069,50.451094871955775,-19.397830173170377
loop,3070,25.666879380790082,-3.4889449404231527
loop,3071,-50.02588037366209,38.902741453889405
loop,3072,17.477533529087292,-2.8179070444519176
loop,3073,7.565068617173791,-0.4106271383347817
loop,3074,7.565068617173791,-0.12258722371679198
loop,3075,17.477533529087292,-57.33806997289763
loop,3076,31.423086560685817,-47.33763523635625
loop,3077,3.3424343675644144,-0.04586051609355479
loop,3078,3.3424343675644144,-47.295295209953494
loop,3079,75.69275975440469,-36.21549871066357
loop,3080,-35.592349203303776,57.303440042718975
loop,3081,4.722600306946437,-40.12232224174184
loop,3082,5.867300251439546,-0.07986649239806098
loop,3083,8.080921639890343,-0.06993768646309917
loop,3084,52.436874451740614,-19.25837911908232
loop,3085,8.080921639890343,-0.19812412766484755
loop,3086,44.35595281180277,-13.443589607076355
loop,3087,94.3818331855338,-27.026660941191494
loop,3088,31.40719959523742,-2.4650440538512868
loop,3089,66.36654051789073,-39.87850325863238
loop,3090,-13.929666066197608,44.674173681070236
loop,3091,34.765520928297725,-22.43480250981007
loop,3092,-2.2136213884982925,55.19144387466904
loop,3093,-2.2136213884982925,-0.013117620307383504
loop,3094,-2.2136213884982925,-0.06034497350967172
loop,3095,-2.2136213884982925,-0.018365648454263805
loop,3096,-3.358321333107813,-27.486838830686466
loop,3097,-1.1446999445406052,55.052490554681924
loop,3098,-1.1446999445406052,-0.009589053213460375
loop,3099,-1.1446999445406052,-0.02315236146880295
loop,3100,63.512084289155034,-46.79593805358245
loop,3101,63.512084289155034,-18.71676170749268
loop,3102,63.512084289155034,-48.2359992453012
loop,3103,17.477533529087292,-18.315326664313552
loop,3104,83.8440740470255,-0.34446160888735156
loop,3105,83.8440740470255,-2.1933065708745656
loop,3106,137.8750972368893,-45.508844596767545
loop,3107,135.40484720052564,-48.38467331120452
loop,3108,83.22989277431114,-24.238325464230428
loop,3109,2.4702500364325464,-0.020228578328868707
loop,3110,2.4702500364325464,-0.0029961484040654796
loop,3111,2.4702500364325464,-0.007115089692746324
loop,3112,2.4702500364325464,-0.008237882577361688
loop,3113,2.4702500364325464,-0.007493422077772038
loop,3114,2.4702500364325464,-0.002245585769230729
loop,3115,2.4702500364325464,-52.180139531908594
loop,3116,52.17495442616708,-3.843782927554116
loop,3117,63.512084289155034,-21.25707663965605
loop,3118,63.97132929232006,-104.5194111561718
loop,3119,54.64520446264713,-4.031232800532081
loop,3120,54.64520446264713,-24.11172567265342
loop,3121,99.49605063939453,-194.3462790705752
loop,3122,-6.312693489168845,-0.11253667982504112
loop,3123,137.4158522338407,-74.17288139655994
loop,3124,152.52776120103835,-11.648049866926954
loop,3125,-15.11190896724511,-38.09573532808395
loop,3126,0.4592450032339333,-0.0007896319629026038
loop,3127,-54.18595945946072,-1.620737247803362
loop,3128,-54.18595945946072,-6.127678688705828
loop,3129,48.85942032512246,-322.55471904116644
loop,3130,105.80874412851587,-349.99341882318805
loop,3131,146.215067711917,-350.0673187764414
loop,3132,7.642477772506465,-0.18643663307841507
loop,3133,153.8575454843546,-179.64790311144668
loop,3134,128.58500792610835,-102.3626394945336
loop,3135,98.1662663560783,-201.14508264315555
loop,3136,11.700149074820766,-81.05189659590314
loop,3137,25.272537558315108,-5.108331834782348
loop,3138,25.272537558315108,-170.64561969114754
loop,3139,48.85942032512246,-52.500247055517775
loop,3140,193.6516795985653,-18.750486505672598
loop,3141,193.6516795985653,-7.237687791189728
loop,3142,107.23155256808515,-24.733501218114498
loop,3143,107.23155256750307,-85.99978145965588
loop,3144,300.8832321658832,-240.4495907226517
loop,3145,140.28515700097662,-58.7052170946946
loop,3146,122.16029716623908,-5.327560338736589
loop,3147,18.124859834690028,-18.173203295582425
loop,3148,124.4017290692348,-4.782019170383364
loop,3149,68.42611915790694,-6.475391021892506
loop,3150,22.70744102145228,-0.2624545897710959
loop,3151,22.70744102145228,-27.49379406906928
loop,3152,25.45711808714824,-0.6370477586608558
loop,3153,124.4017290692348,-14.640097524862767
loop,3154,63.307868163738675,-2.6973073933772866
loop,3155,63.307868163738675,-0.9498690226306508
loop,3156,106.27686923449728,-6.37025193495333
loop,3157,86.46611728121007,-147.9128886352189
loop,3158,23.158249117540308,-5.164612356090288
loop,3159,53.734178008284665,-3.6092023577825785
loop,3160,1.7700276725444837,-0.03216022407559649
loop,3161,0.24606545449861772,-0.009462341561402354
loop,3162,-0.6794716961371341,-0.0025808011829440147
loop,3163,1.0905559764548471,-0.19375681950964463
loop,3164,-2.7496770658598786,-0.22004731032143354
loop,3165,-2.7496770658598786,-0.5811928513060138
loop,3166,-2.7496770658598786,-0.25326157070639965
loop,3167,-2.7496770658598786,-0.004128155285684443
loop,3168,-2.7496770658598786,2.1393422778440936
loop,3169,144.79225927351186,-84.74510838090805
loop,3170,104.91464175097879,-12.085776095002302
loop,3171,127.62208277236212,-5.570289435877612
loop,3172,52.71148826817665,-4.348354057873166
loop,3173,1.0226897400604897,-5.749332240182525
loop,3174,26.295227298423082,-2.088837154579437
loop,3175,28.99371495008964,-11.335539591846896
loop,3176,2.698487651735464,-0.14754455300942482
loop,3177,0.7923643095042472,-0.019937651071245455
loop,3178,50.94146059570111,-1.2819460093659245
loop,3179,-3.0708731026081817,0.06901065449017096
loop,3180,1.9061233421837251,-0.014769389685170609
loop,3181,1.9061233421837251,-0.012553072905802765
loop,3182,1.9061233421837251,-2.1020129664126443
loop,3183,23.837720813629943,-0.852923637316394
loop,3184,4.97699644474441,-0.25174252656859153
loop,3185,4.97699644474441,-0.07299864467165662
loop,3186,54.0123336982618,-0.9189596403326732
loop,3187,57.04919179639714,-2.906366984167448
loop,3188,75.92092680084163,-9.718082294869646
loop,3189,252.0238118416445,-98.1322226808727
loop,3190,124.4017290692348,-8.171217223179383
loop,3191,18.860724368838035,-1.2297479752905929
loop,3192,-13.059547066623482,0.08713206398522289
loop,3193,10.022688968509568,-0.009543157945131497
loop,3194,0.35161578937016874,-3.3751990144992305e-05
loop,3195,0.35161578937016874,-0.0721397480209589
loop,3196,1.6673531425033727,-2.445107682279172
loop,3197,18.87173500439701,-0.3753740707193174
loop,3198,-3.036858098066417,-0.004168573212723459
loop,3199,9.671073179091904,-0.07173724648589541
loop,3200,1.3157373530857068,-0.00043625352520848537
loop,3201,5.801177302262046,-0.11162918389209153
loop,3202,8.355335826075112,-0.02862277107431055
loop,3203,-4.307656712699357,-0.07066089139777887
loop,3204,0.4674236702896352,-0.0014151266166209098
loop,3205,-1.9775012769577578,-0.010554469999647154
loop,3206,-1.8627317653355484,-0.005898608370330294
loop,3207,-1.8627317653355484,0.1546413037211778
loop,3208,-3.840233042245808,-0.8384628481453547
loop,3209,-3.840233042245808,2.8464892263482398
loop,3210,-1.4176914931341495,-0.002080193890606097
loop,3211,-2.4225415492755715,-0.006725538861473979
loop,3212,-1.8851151634712822,0.15465182037962677
loop,3213,-0.5598097838711056,0.15929716535049465
loop,3214,5.333753631924911,-0.16141921637165524
loop,3215,0.9058497538999938,0.00639569254133221
loop,3216,12.662992538726972,-0.07921358173769022
loop,3217,1.106080187864123,-0.0025777319958706357
loop,3218,0.49688601794608545,-0.00019159107466748537
loop,3219,0.49688601794608545,-0.0006146302305296558
loop,3220,0.200230433916631,-1.3350711469684029e-05
loop,3221,0.200230433916631,-0.9247448486412395
loop,3222,0.6091941698705388,-0.0006175395809577822
loop,3223,11.556912350931771,-0.2595113994582334
loop,3224,6.239603385872401,-0.2446917078456181
loop,3225,4.74074105401835,-0.06313122370715973
loop,3226,3.599428883008521,-0.049336022584839156
loop,3227,1.7577209695392626,0.00422491145479853
loop,3228,6.498462023605111,-0.010937572246120908
loop,3229,1.4988623318065555,-0.43999431653946885
loop,3230,0.6867638869450563,-0.0005056030502146314
loop,3231,0.8296261316986562,-0.0007378356436902322
loop,3232,0.8296261316986562,-0.0003565287904621073
loop,3233,7.957483467875755,-0.4284968824385942
loop,3234,1.0933144533044397,-0.002297436741059755
loop,3235,1.9491675249915104,-0.0036510831329223947
loop,3236,0.9504522085508395,0.007702988137452849
loop,3237,0.8296261316986562,-0.0021116415624646834
loop,3238,0.14286224470610237,0.00831451216708956
loop,3239,0.8120984449304165,-0.0010822458740449292
loop,3240,1.1195413931289409,-0.002594481966980311
loop,3241,0.1690891845306043,-3.488120580641407e-05
loop,3242,6.864169014523821,-0.10719075699137193
loop,3243,5.479599710633753,-0.06743842517278154
loop,3244,3.610827055212659,-0.01825330083170229
loop,3245,3.0186931797414545,-0.005585967718729989
loop,3246,3.0186931797414545,-0.005312592463269539
loop,3247,3.328782016918857,-6.209216815022955e-05
loop,3248,6.915044399801675,-0.0163537009555057
loop,3249,6.915044399801675,-0.009228842936863657
loop,3250,0.5921338754237079,-0.002456461420138112
loop,3251,0.5921338754237079,-0.0447949263409555
loop,3252,0.6430092603523148,-0.20590105186613528
loop,3253,3.5862623828353217,-0.003382516082069742
loop,3254,1.3845693039589788,-0.0028525438502811085
loop,3255,0.5887500429336959,-0.06886396258892091
loop,3256,1.86877265549002,-0.001732186373942568
loop,3257,1.86877265549002,-0.002545894892477918
loop,3258,0.3100888371299046,-3.3654280400696734e-05
loop,3259,2.943253122319094,0.0032867696335188157
loop,3260,0.7958192609777853,-0.0009607590252471709
loop,3261,0.7958192609777853,-0.0010342251075599052
loop,3262,0.7958192609777853,-0.0006649947109735876
loop,3263,0.7958192609777853,-0.09104410921202089
loop,3264,2.4575226984712133,-0.006516531820807359
loop,3265,2.4575226984712133,-0.005991102470943588
loop,3266,2.4575226984712133,-0.006166245587564845
loop,3267,2.4575226984712133,-0.006166245587564845
loop,3268,8.86421192472427,-0.7598130269586818
loop,3269,1.949167524875095,-0.3171921212938287
loop,3270,17.20438186184613,-0.571854139139532
loop,3271,8.340169937190783,-0.030883944954098297
loop,3272,8.340169937190783,-1.4194094160643544
loop,3273,0.8444905219087318,-0.003986588110478806
loop,3274,0.24606545449861772,-0.0002153699755353955
loop,3275,1.5239622179983685,-0.005691123426458944
loop,3276,17.477533529087292,-2.616911615156596
loop,3277,7.565068617173791,-0.20528495403580038
loop,3278,17.477533529087292,-2.725962326795546
loop,3279,9.91246491186601,-0.7384993160873741
loop,3280,20.695008082287778,-0.31864281948730877
loop,3281,23.032678464295525,-0.8435018008109978
loop,3282,40.88045076667728,-9.761544939793353
loop,3283,17.84777230233426,-0.15130791367408847
loop,3284,17.84777230233426,-0.5408859735128431
loop,3285,17.84777230233426,-0.15130791362406626
loop,3286,6.91504439968526,-0.08860645575896342
loop,3287,1.8417079135381753,-0.004514602979611482
loop,3288,1.8417079135381753,-0.005142102266859183
loop,3289,1.8417079135381753,0.002944044455148287
loop,3290,20.31346715326272,-83.95057439025297
loop,3291,48.85942032512246,-517.9242951950638
loop,3292,-0.29665558407695186,-0.00018868172423935903
node,3,27.82620325450214,-1.094082491223503
node,5,40.77527616435705,-1.2785571994890006
node,7,55.969659485649956,-11.299298238063216
node,11,29.077982794221406,-21.40879639120783
node,19,0.9879511684633716,-0.0041667468256036955
node,21,-4.763545968083161,-1.1895723908427271
node,23,-17.52889119025017,-0.8901380903638483
node,25,26.099455358188585,-4.6354183419373385
node,27,37.25544938711541,-80.1662851448965
node,29,37.25544938711545,-23.174910195372775
node,35,37.255449387115426,-119.72755155794744
node,39,-5.0990035664146784,-57.02478587794968
node,41,15.194383321293126,-4.388363360049539
node,44,33.373290726193225,-5.230294603170989
node,46,60.264967417621726,-27.02108525598169
node,50,-1.0966715634567736,-0.025359890092545356
node,52,3.172165183245865,-0.01230659887460206
node,54,-4.971408071618442,-0.03363697647000663
node,60,-0.6267966767618172,0.5765202296241796
node,68,26.891676691428493,11.42242559390013
node,74,45.15282920650936,-0.9704583210276496
node,76,27.8262032545019,-1.822696521118246
node,84,27.826203254502037,-2.1285440682048034
node,89,12.949072909854761,-3.194442898220416
node,90,3.414844840976128,-0.08463673765987778
node,91,11.779538480316385,-0.9650585989583647
node,92,16.363917750831565,-1.8508801823261365
node,97,11.15599402892691,-6.668626002310816
node,101,15.3240029040117,-1.9138242797675957
node,103,25.349594585430136,-6.751176040953396
node,105,10.70922176598089,-0.9161231974936754
node,107,4.982561200171721,-0.24535452894929222
node,109,4.982561200171781,-0.25391947000844084
node,115,4.9825612001719435,-14.344836370930466
node,121,4.982561200171987,1.268833501003769
node,123,30.217659191019916,-8.600554145268234
node,126,0.6050570955989985,-0.0039153762811565684
node,138,3.138310452180291,-0.16317810764496699
node,140,3.1383104521810137,-22.049162641716407
node,142,-23.87150982569259,22.731654267477893
node,144,10.334841783980712,-0.2816552135436723
node,146,10.334841783981787,-0.6271821819980232
node,148,14.85937010752072,-1.92979969113253
node,149,25.235097990848132,-3.2267171344692542
node,152,2.5332533565809974,-0.20665864882755614
node,154,5.726660565808948,-0.28528058411188795
node,158,5.726660565808103,-0.2708181473267359
node,160,5.726660565808785,-3.390900314518831
node,162,5.726660565808757,-2.2994946541850823
node,164,5.726660565808746,2.8848244361352045
node,166,6.53217117955267,-1.0569602473614168
node,168,6.532171179552803,-1.1493391959520523
node,170,-3.5134805388484156,0.15942980509203153
node,172,3.13831045218028,-0.2652530658555179
node,183,20.41058254826135,-11.779135405851775
node,185,7.457301604772743,-2.103443597421233
node,187,7.457301604772323,-0.3709276859876809
node,189,6.651790991028871,-1.729721520220096
node,190,6.651790991028172,-0.3289714143921856
node,191,10.045651718401096,-19.249960731764986
node,192,0.8055106137447537,-0.011823296390844007
node,194,29.05911575810706,-7.003268117137509
node,202,29.059115758107062,-139.61335478379272
node,207,18.66178486453221,-1.859023700093985
node,209,8.794446777555411,-0.4236037449129526
node,211,29.025473541919578,-23.406569450504662
node,213,27.039823680770606,-17.163063566466462
node,215,23.96058634726539,-1.3302121705087302
node,217,23.96058634726522,-11.5608469907354
node,219,53.01970210537254,-6.95463371926121
node,221,74.32648609879364,-22.429171735324417
node,226,-17.01689990334687,-40.33285833424992
node,228,1.6715709084397734,62.69782602136985
node,230,-28.584349417295577,-6.052000689135639
node,232,-44.21150642878528,41.014133434462906
node,234,11.912299419048368,-13.128570415832144
node,240,27.539456430538074,-13.838271357848953
node,242,26.590455703319652,70.0668459913428
node,245,0.2705585506061292,-34.150249763139925
node,247,0.036799025202044214,-6.184892674809817e-05
node,249,0.021413819686615237,-5.136695847340889e-06
node,251,0.01421676922592281,-6.44347488787389e-06
node,253,0.02960197475048888,-1.0085947224069969e-05
node,255,0.03679902519928565,-1.696772824288928e-05
node,257,0.036799025221524256,-9.143344072981563e-06
node,259,0.03679902520677824,-5.521214814052655e-05
node,261,0.11035677352035349,-4.546277898498374e-05
node,263,0.11035677347570141,34.14968178192146
node,265,1.252942330970297,-0.006434874522938117
node,266,0.07355774828416654,-0.0001648382651637803
node,270,0.015385205524248042,-7.01473931030705e-06
node,274,0.001702007974527174,-1.6510199429831118e-07
node,280,0.0017020085913659992,-4.778905804414535e-08
node,288,0.007683494041670904,-7.820509608791326e-07
node,290,0.007683493841592173,-3.967224415646342e-07
node,294,209.33069904487476,-572.9817102727659
node,300,16.241896798767062,-22.368854149470508
node,302,18.2275466599161,-19.797058643068
node,304,21.306783993421508,-4.507103950244982
node,305,3.0792373335052443,-5.096367715365432
node,306,1.9856498611491002,-2.4623726387638953
node,308,3.355601720503177,0.3732215425804952
node,310,21.30678399342149,-5.658394806189904
node,311,21.30678399342148,-4.583826408705022
node,313,30.21765919101993,-106.4618759379191
node,315,40.084997277996386,-113.73140674668127
node,317,40.08499727799638,-30.06978632482435
node,319,40.08499727799653,-12.859276475236243
node,320,40.084997277996244,-6.700234338758833
node,326,94.91921566808456,-53.886761525708266
node,328,169.24570176687837,-74.21688270496509
node,329,169.24570176687837,-64.44924202476705
node,331,-9.86733808697642,-1.9650075321418399
node,333,-9.86733808697646,118.10282504900738
node,337,16.241896798767087,-3.5000879397980498
node,339,-10.375727883327055,-0.4813287648456708
node,344,0.007197050433884428,-9.225296366821567e-06
node,358,60.45104967679066,-29.983772784646817
node,360,29.42609869968139,-5.58935406263123
node,362,33.13748116764721,-3.088934647337055
node,364,33.13748116764765,-3.1152888711324067
node,366,26.25080984210739,-6.465183272932336
node,368,26.25080984210745,-12.99583152251455
node,370,25.77956251122638,-6.175996241510234
node,372,43.59638871070777,-4.266948268840963
node,374,8.071865492379308,-0.09102155250030819
node,376,8.071865492378185,-9.578829321676153
node,378,-20.242098704912532,-13.77103769834838
node,380,-7.643072396915048,-3.2984908155951302
node,382,0.851869784786882,-0.006391808203090932
node,390,-0.7254166389055305,-0.0052964979045100335
node,393,-0.16020177710619035,-4.801848416491339e-05
node,395,-4.2688367467083985,-0.15597037600844033
node,400,15.306183144029019,-21.31308552236294
node,402,4.170400340158288,-0.8369612957134223
node,403,19.47658348418711,-3.611291136141176
node,404,15.3061831440292,-2.5744945951573754
node,408,8.143573254865641,-1.4542827151016127
node,409,8.14357325486465,-0.08608048539383617
node,424,14.640372819449556,-3.780752366883007
node,430,6.594610470721571,3.1959011559390547
node,432,5.873258769436172,0.3699660523999455
node,434,7.456735978572268,-0.21623972264512759
node,436,33.35988116737947,-12.96284570965156
node,438,1.5834772091382698,-0.5209424537298446
node,440,6.405588180533797,-4.111936747686286
node,442,15.379913919983922,-8.335021721782141
node,444,-8.974325739450128,-3.1338344481320064
node,455,12.95328094348861,-3.8507228312616917
node,459,12.267009293395866,-2.7248830939131494
node,474,-6.515512156840274,-0.7135739646756747
node,479,8.57056416793835,-1.8849177247923308
node,480,4.168008875086044,-0.1482899355811469
node,486,8.045762348726544,3.2563128578993883
node,488,-12.765345222167488,-0.4105005819296821
node,493,19.10878382238083,-4.304701704400827
node,495,19.108783822380797,-9.431835792303673
node,496,33.725332189470556,-33.01639005229015
node,499,-0.04094991348586787,2.8822478384427086e-05
node,517,5.7609646386279225,-0.20009475409858624
node,521,8.818035933567318,-5.262722800632048
node,525,7.947010695831605,-1.6364086608602406
node,526,2.088715743375183,-0.05207358653825622
node,527,0.8357734124022916,-0.005656592260322668
node,529,0.5652148618209077,-34.15020174465576
node,533,5.742127732729135,-66.23694047110263
node,535,10.980880421035963,-0.6560743371615558
node,541,-5.7320104282610185,-0.44394950924345267
node,545,-5.7320104282627495,-0.03811289451766697
node,547,-5.732010428261145,-0.1733808141117379
node,549,-5.7320104282610345,-2.496131743357296
node,551,3.6147484153803098,-0.4681170651712705
node,553,-8.083955486336214,-0.6309574970254062
node,555,-8.083955486336508,-0.445362541919053
node,557,-8.083955486336164,-0.7208795597811672
node,559,24.990141090877035,-2.36537777459597
node,561,47.648193493481024,-63.669705024482255
node,563,47.648193493481,53.744567039039
node,565,69.73011514656142,-128.9333163086389
node,567,130.59462641194153,-192.90861237964714
node,569,170.9722816544236,-68.08021262820444
node,573,170.97228165442345,-37.62096764813191
node,575,147.33555816590004,-304.2343503013033
node,577,14.65549238219944,-8.395026198922551
node,580,-3.7819730048422695,-0.3313221000639146
node,582,-3.781973004842451,-0.23617641669210343
node,584,13.04766199831992,-14.258915943761508
node,586,-4.850211130709292,-0.1458757222252416
node,588,14.616548367089681,-5.7816200226641286
node,593,-6.886671325539815,0.1257743936408815
node,597,8.964730793035535,-1.3621300829494203
node,599,-3.5485220167492675,0.08756482713226887
node,601,11.711016271627939,-0.8039610021942281
node,603,29.056483465148357,-15.550779162427915
node,605,17.29028752975331,-8.545900269240093
node,607,28.159760110811987,-3.176646190530903
node,608,-16.829635003162156,6.676804629681783
node,615,5.701177351159424,-0.20012357657697066
node,617,12.87823905367708,-0.7988948310926389
node,621,0.29806200703136365,-0.0007827776988165169
node,630,6.3868722761382,-0.9310805377915585
node,637,3.0552244877483528,-0.06869182509848315
node,639,-3.3316477883893034,0.06790904739966663
node,660,11.333878589058648,-1.0032476382365871
node,662,16.57263127736589,-1.4018243564530053
node,663,15.851402118575646,-66.78221453484935
node,670,5.2387526883077316,-0.3471733010750313
node,673,22.038675612423425,-2.287662179150743
node,675,22.038675612423447,-6.267514386361199
node,679,42.63603160390117,-28.741728959776196
node,687,120.01354624974779,-74.55122864308731
node,691,126.06061712868846,-185.5783583909306
node,692,85.68296188620631,-12.30447124892612
node,693,40.37765524248211,-6.945312482671966
node,697,14.65549238219942,-135.9858501080638
node,700,14.655492382199343,-3.5879576485953635
node,702,2.548605849002184,64.68670327714824
node,704,2.5486058490022896,-0.1871777047389287
node,713,0.7212291587928944,-0.004291935042317618
node,715,-17.790469008534295,-1.9088162496755672
node,717,13.77332798644102,0.4717952502255116
node,719,-4.830657213410574,-0.1506290330274851
node,733,22.462070317164137,-4.001038701260484
node,742,45.4500476405653,-6.3768369858450455
node,744,62.360845881267664,-3.608876091897258
node,746,91.89190086532088,-7.413938628395641
node,748,42.961865959632526,-8.527235301508455
node,749,44.98939511397421,-21.849573037026317
node,751,1.9097962044768046,-3.6639132083314507
node,758,2.0275291543416376,-4.129587172300518
node,762,-15.451069910677843,-67.11165416603103
node,764,-27.861779236074252,-20.062147813410036
node,766,-27.86177923607426,-19.27733000504611
node,767,-26.912778508855762,-1.1414930917771358
node,768,-0.9490007272188217,-0.010328108096871347
node,770,-15.345328994907089,-26.644227170871147
node,771,4.4349223967698155,-1.0914661051714347
node,774,-1.9583318088931165,-0.020076557284937735
node,776,-22.11054486705708,-4.837918818972355
node,778,-21.68907454120673,-0.9027282165972679
node,780,-21.415833238129817,-11.473744676610465
node,782,-17.625829339608988,-0.65955211258688
node,784,-20.26339772165621,-10.871185584596162
node,786,-27.632473118789335,-13.42479887935491
node,788,-17.21483456575572,-3.2148105399625138
node,790,-26.832500749872704,-9.721931751930356
node,792,-34.10617969466607,-7.333011334171999
node,808,-6.021115175229297,-2.4445231112403008
node,810,-6.021115175229304,-0.19082967153735808
node,812,-28.592409495809047,-1.6816507367562963
node,814,-28.59240949580944,211.60170544582112
node,816,63.85385261915219,-32.78568584873392
node,818,88.99350379740108,-49.950454330296594
node,820,88.99350379740115,-65.52086708015611
node,821,22.08192165308039,-29.044564933773472
node,827,-16.956926166147863,-8.199414930139483
node,828,7.273678944793149,-0.2899271015477325
node,830,24.230605110941127,-9.65757346327291
node,835,0.47124733088084814,-0.010607588922425748
node,837,0.47124733088088133,-0.013266037337416492
node,839,-13.067779899345089,-5.970522128175048
node,841,-22.414538742986277,-17.262358345463156
node,843,-17.74698325071042,-5.0556643135699915
node,845,-18.168453576560722,-0.9018132710534701
node,847,-18.4416948796377,-11.599658024917858
node,849,-22.23169877815831,-0.470524505895753
node,851,-19.594130396111314,-10.300840450638418
node,853,-12.225054998978127,-17.579189242547045
node,855,-12.489612812982632,-0.4550240791125475
node,857,-12.4896128129826,-3.0527326802305765
node,859,-9.794071140964789,-1.9496518348777272
node,861,-9.794071140964844,-1.6667724616401642
node,863,-9.794071140964856,-1.9642322569638964
node,865,11.3266846203415,-2.582810469326091
node,866,-10.417638553033827,-0.4346514080517636
node,867,9.617666184117057,-9.59904121383937
node,868,-2.695541672017775,-1.5544108595966009
node,870,0.273241303075989,0.0006633612942437139
node,871,0.4214703258477761,0.0015783068380414988
node,873,17.70675685495976,-4.3050699713810445
node,875,10.08283991099202,-1.7291972043478268
node,877,10.082839910991867,-0.9251393121032834
node,878,-0.5350797701450277,-34.13805322376339
node,879,-8.49494218170349,35.82834510276041
node,880,7.623916943968115,-0.9576528292510034
node,887,22.099617846909876,-2.437081613807493
node,895,22.09961784690986,-7.609164637899937
node,897,23.942628194890382,-1.3694929238153577
node,899,36.353337520286686,-35.06773122510316
node,901,23.754311212289192,-10.262329406384026
node,903,3.1569552208108798,-0.13603093316743298
node,906,18.88172039161203,-69.03429234698967
node,913,-6.353410866628922,-64.22543438761659
node,915,7.769507930518392,-10.387713184502843
node,917,12.916733225829594,-6.911262893141611
node,919,8.3994070023495,-0.28523380359808925
node,920,11.07372287784932,-1.7372615027643405
node,921,26.524792788527048,-33.93925430592759
node,923,20.597355991477762,-8.691207498679375
node,927,12.599026307997542,28.946727518540058
node,928,1.416097063889454,-0.10046707780725228
node,930,132.68006578370063,-116.48566704958125
node,932,-27.818634536811327,-31.377593629117882
node,939,29.531054984053473,-11.419929614930226
node,949,1.556069336377751,-0.026743830405848712
node,953,-2.9086769086346593,-0.15509607770997036
node,954,-5.3380423412185385,79.64989448911285
node,956,-2.3383238880964528,-39.551824698912924
node,958,-2.3383238880986195,-0.014850432372952582
node,960,-2.429365432583532,-0.15506432422580474
node,962,0.09104154447599291,3.175348416561974e-05
node,964,46.34677099490163,-11.31578612095251
node,965,32.727540845880085,-13.691768138873073
node,966,13.61923014902153,-5.146979694963619
node,968,3.7113824679660983,-31.909213638946596
node,990,15.25953828837694,-1.214331048258714
node,991,15.259538288376854,-66.48028381768006
node,993,17.345467193520406,-67.41942785836835
node,998,-31.563796994975473,-31.091696545334628
node,999,6.047070878940602,-0.38494150604458355
node,1000,-17.816826199481717,-3.2794653651426415
node,1002,5.947151591445959,63.92937987631984
node,1004,5.94715159144594,-0.23269009868772628
node,1006,5.947151591445743,-0.43008232254788936
node,1007,5.947151591446539,-0.13776074394115767
node,1009,49.063550448555894,-9.669850874176461
node,1011,77.37751464584663,-93.76678852132295
node,1013,77.37751464584653,-6.10702536822356
node,1014,5.858294952456418,-0.3387346469322665
node,1016,1.3632991044671765,-0.00510181431042156
node,1018,1.3632991044692004,-0.012978495202105478
node,1020,1.3632991044686265,-0.02977266427643599
node,1022,2.405505758029538,-0.2774780181680967
node,1023,10.617919681125818,-0.3235644266783879
node,1024,13.02342543915551,-0.8204016843886279
node,1026,1.042206653560357,-0.009903923354158906
node,1028,1.0422066535621557,-0.004131884672005981
node,1030,1.0422066535609311,-0.016022458148427177
node,1032,1.042206653565488,-0.003963524492178294
node,1033,1.0422066535602537,34.13029578136644
node,1035,-12.410709325396525,-1.5008264788692145
node,1043,2.6743158754983893,65.99236303910038
node,1050,4.5173262234806915,-0.07331960670018134
node,1052,11.698703901716536,-0.6017719820932257
node,1054,11.698703901716302,-0.8148624929231119
node,1055,22.65805240260397,-3.0474672423994207
node,1058,-1.9583318088918567,-0.19609063047465725
node,1059,-10.959348500887769,-0.6820894678034506
node,1060,-9.346758843641254,39.81156550399396
node,1068,94.91921566808463,-155.3355050099879
node,1070,184.26216587992778,-504.0255420263422
node,1073,9.601399310034362,-3.159797111928924
node,1078,233.0185200521064,-100.34202151008219
node,1080,403.99080170653,-597.5065669482182
node,1085,75.68940680551266,-10.289079799416413
node,1088,1.556069336376502,-46.7484504204711
node,1093,172.966492425041,-219.62368847087356
node,1094,3.829115417830933,-14.68672792862435
node,1096,6.969581634383699,-2.712674681302417
node,1098,0.7999262961343129,-6.581847467071441
node,1099,0.7999262961347252,-9.62652613437956
node,1101,31.024950977109285,-10.557221891792153
node,1102,18.511698167324845,-68.14005268275645
node,1104,67.95959191069507,-306.3270377553517
node,1105,9.766337236380656,-0.5737187782335127
node,1138,17.442989374781174,-2.558808756744611
node,1140,17.442989374781344,-2.6865970656427294
node,1142,35.949489591764426,-0.30152434409416173
node,1143,44.033445078100804,-19.352950812280767
node,1165,-5.732010428261553,-0.09787785583455388
node,1166,28.046769438355824,-3.96229307907862
node,1184,22.3147590100948,-5.274270190835807
node,1185,42.6360316039012,-9.460782807818475
node,1188,14.640372819449492,-5.948378008148779
node,1192,5.751497136555248,-0.06549784423737037
node,1195,22.987977323401147,-67.86157159926887
node,1197,24.230605110941095,2.412786161227814
node,1202,-5.267071903616259,-0.16728454002031867
node,1204,12.728742699930072,-0.2537247148691222
node,1206,31.205851659514558,-9.837379906091428
node,1208,17.99581460354611,-5.0209602176736325
node,1210,18.477108959585248,-5.274684932542755
node,1213,45.26737034068669,-57.56429529492027
node,1216,36.47292356313098,-20.479570589160517
node,1231,8.143573254864696,0.07193732441214706
node,1246,5.858294952456277,-0.7941560010144144
node,1248,0.31679001465478834,-0.00430717544657
node,1249,5.858294952456428,-0.07135048946020106
node,1262,0.007683493899485268,-1.0693204899325792e-06
node,1263,0.015385205516257007,-2.3173375325313827e-06
node,1268,0.007197050433634712,-5.744450220390718e-06
node,1269,0.007197050318329464,-1.5596755247315741e-06
node,1281,-2.7092236833840007,-0.21616718775959498
node,1284,25.139651178248975,172.45369203548157
node,1286,-10.417638553033331,-20.024178434015937
node,1287,0.9090460673072701,-0.012626853417998518
node,1293,-6.493161507675437,-2.00404577015604
node,1295,-30.562310488597817,5.757612665845386
node,1297,-27.009820277872198,-3.2748619271874304
node,1298,-37.055471996273575,-5.640727683992054
node,1301,2.932207655035284,-6.5085890194433205
node,1303,4.524528323539413,-0.2548683890538541
node,1305,14.859370107520657,-1.7606662170584286
node,1306,4.52452832354014,-0.9398457453261244
node,1315,3.5301171976449006,-38.75563583788619
node,1317,15.911824835031902,-35.38732454996057
node,1322,-1.843010347978129,-0.013766772989583842
node,1323,4.517326223480622,-66.20427723599829
node,1333,57.13541594093407,-42.74151919685721
node,1335,-13.06777989934502,-12.569807877204596
node,1336,-13.539027230226141,10.419070884091354
node,1342,-3.7900038985206463,-0.12657670960163614
node,1343,15.627157011489585,21.021437030664856
node,1344,-2.6375683820465166,-0.06245089708949081
node,1350,-7.369075397133179,-0.6327960310472349
node,1359,-11.635483329661295,-1.132220341968889
node,1361,-22.470696365004628,-4.432294808835593
node,1368,10.935810990918458,-0.0241103555463269
node,1369,-22.571294320579998,-3.750159552301284
node,1371,-6.021115175229279,-1.090696413977298
node,1472,0.007701711705189123,-3.4296721196369617e-07
node,1577,-10.375727883330558,-0.07535901037624626
node,1582,3.355601720503573,-0.10883976805564544
node,1594,5.6230363885648735,-3.185556397085861
node,1597,10.02559168141831,-2.0621142153487426
node,1600,13.731329603830208,-5.34855318999837
node,2059,5.685567255103995,-0.36890060324049045
node,2060,-0.7213517012870587,-0.4293123052008241
node,2063,4.96421555381685,-0.461596200928966
node,2087,-2.9997184531223002,-39.56664337780171
node,2088,2.548605849002324,-0.3737188610840576
node,2090,-3.5721392070790197,-0.035269133414772114
node,2091,-1.2585180063309322,-1.1144171431794234
node,2195,-59.959448573485076,37.95423299936158
node,2210,73.60835086146852,-545.2107181666626
node,2212,-10.222607537708,-0.3881193318871965
node,2216,13.648902287983287,-20.065941386330792
node,2224,-63.92219165597751,7.43284530694109
node,2231,21.87307542765945,-7.225271435684931
node,2234,21.87307542765946,-7.969232307257585
node,2245,-39.40199925179529,-7.2005763738884525
node,2254,85.79526708363696,-649.6225014227327
node,2267,-8.613448141561438,1.46978558602666
node,2282,-51.688883451063695,-3.379751950608295
node,2284,-19.7802513916769,-13.395903220147886
node,2288,24.398519197455087,-4.827783563521791
node,2301,-22.47069636500461,-9.009505157673061
node,2308,-15.290584154424245,224.54697070818497
node,2310,27.980398500428585,-3.443206075667831
node,2316,27.98039850042865,-2.624289851213831
node,2328,-7.180112210580298,-0.2773090270867442
node,2330,-7.180112210580291,-0.18100613387275644
node,2331,-7.180112210580071,225.00528586914447
node,2342,0.00599970384751065,-5.999887662255787e-07
node,2353,0.007701711631192242,-1.3051379141870711e-06
node,2359,0.0017020078946500695,-1.7209492852998665e-07
node,2367,0.0017020071587667569,-2.169434765164624e-08
node,2369,0.0017020081609782085,-1.2312693797866814e-07
node,2370,0.0017020076297231534,-7.018149972282117e-08
node,2379,3.2813247619395467,-0.48257030501230247
node,2382,-0.24879243570547674,-0.10350148515715318
node,2383,3.2813247619391386,-0.13352271028929863
node,2428,41.80665945294233,13.752468727889948
node,2430,-22.107278997099648,-9.292257421656984
node,2431,-9.882223998121484,-0.8304866181715056
node,2461,22.081921653080244,-2.4868174458531485
node,2466,31.053773344601897,-1.258459574813969
node,2468,66.91158214432073,-55.38694419577001
node,2469,66.91158214432069,-31.783357598073792
node,2474,35.85780879971886,-2.013535319702328
node,2475,31.05377334460143,-0.7550757448883587
node,2479,136.6416972908821,-34.727973395671484
node,2480,66.91158214432069,-71.28086157471938
node,2482,4.344611394854871,0.11002680066383164
node,2504,-59.95944857348523,-4.076883626650101
node,2505,20.557449321690285,13.42328865449349
node,2530,11.912299419048331,-3.2189248720544583
node,2532,11.912299419048356,-3.6452011159114477
node,2536,17.408140255487357,-1.602796263101311
node,2542,17.408140255487247,-2.3507072438791283
node,2549,17.408140255487503,-0.8742800565413518
node,2558,0.60505709558856,-0.0022551395877599134
node,2561,0.6050570955995327,-0.20048813295863965
node,2587,-23.816297433324067,-12.867295491567575
node,2590,-23.816297433324056,-14.570645209935549
node,2592,14.02222629235924,4.026245693885187
node,2593,-23.816297433324063,-52.47769205593346
node,2595,-23.81629743332407,350.0871699063451
node,2596,64.46586361453272,-63.50135089355193
node,2606,45.53485641103696,-182.98995995972564
node,3000,40.26041067259998,-182.98995995972564
node,3001,20.313467150851597,-38.471793180810764
node,3002,66.62025849384493,-105.49297441042847
node,3003,35.44685510188687,-2.3885675991035242
node,3004,40.880450755154286,-3.2906149590169065
node,3005,25.739807738690594,-1.9379227795924123
node,3006,25.739807738690562,-1.1793171103160773
node,3007,65.30208088975415,-1.1897569334204263
node,3008,39.562273151063266,-100.23370817855303
node,3009,43.67508823595592,-6.916643343349609
node,3010,43.67508823595592,-85.82093233884233
node,3011,20.69500807785307,-1.3936340513001824
node,3012,20.695008077853004,-6.053357000945496
node,3013,20.69500807785301,-18.758382855837823
node,3014,39.60652321916544,-1.4965175541608176
node,3015,53.01953529612793,-1.6079326823659272
node,3016,88.28216104785677,-8.92383225337528
node,3017,25.695557670588226,-0.7559996281828916
node,3018,25.695557670588283,-0.934999439285761
node,3019,12.282545593623528,-0.028814436915553188
node,3020,35.262625751729125,-1.034790400652284
node,3021,-13.41301207696171,-0.19448151330783503
node,3022,35.26262575172892,-0.15791850241312488
node,3023,20.767727182052393,-0.19192782907713024
node,3024,-14.494898569677186,-0.24056688680428806
node,3025,-14.494898569677549,-0.25380331813065027
node,3026,-14.4948985696773,0.21010123423535276
node,3027,-22.980080158102908,3.994451064551029
node,3028,-22.98008015810294,-0.7387896336178983
node,3029,-8.485181588425485,-0.16941201540286954
node,3030,-8.485181588425691,-0.14651655390771623
node,3031,-8.485181588425487,-0.1236210924125487
node,3032,-8.485181588426286,-0.03664713805358133
node,3033,43.675088235955926,-7.6262383030093055
node,3034,83.23736138701918,-8.376506121783937
node,3035,5.433595653267269,-0.03380493617306968
node,3036,5.433595653267448,-3.675851330386152
node,3037,31.323036539352028,-1.9966048777227599
node,3038,31.323036539351875,-1.809208547676036
node,3039,31.323036539351946,-8.360231038366365
node,3040,9.557414215802405,-0.6451638479359616
node,3041,25.889440886084476,-1.3210886674556974
node,3042,52.01804461720494,-2.264819020372528
node,3043,-9.568866227414299,-1.2571627480569987
node,3044,-9.568866227414292,7.2736891145593745
node,3045,61.586910844619275,-5.291161884399401
node,3046,61.58691084461922,-11.993300271305287
node,3047,61.58691084461924,-226.89970067378604
node,3048,29.870881366653936,-8.265985144742274
node,3049,16.7270811924312,-0.8242767924127747
node,3050,7.158214965016766,-0.3811746686098161
node,3051,8.346314815524517,-4.772194479315317
node,3052,13.143800174223063,-0.8853923504770194
node,3053,11.95570032371512,-5.0996265055129015
node,3054,-1.1880998505078406,0.32005911054557146
node,3055,1.671475201431589,-0.0073729156520130346
node,3056,6.674839614093726,-2.3414192380237466
node,3057,-12.771070728666675,-6.963238868934212
node,3058,13.627175525145969,-3.3554117242591985
node,3059,33.07308586790635,-19.835495246048993
node,3060,-19.445910342760225,1.021365401887465
node,3061,17.378008997526962,-13.893621779002245
node,3062,-30.14907972619365,-13.357270187503133
node,3063,1.2740068361726558,-0.0035204896249751982
node,3064,4.616441203897359,-0.11689373869887731
node,3065,40.20879041176463,38.68475445295819
node,3066,59.28726022711812,-9.493958887367896
node,3067,197.16235746422402,-71.56518416476568
node,3068,171.49547808293585,-39.70444365390789
node,3069,50.451094865433305,-19.39783016815477
node,3070,25.66687938128817,-3.48894494023137
node,3071,-50.02588037626513,38.902741456849945
node,3072,17.47753352997366,-2.817907044737737
node,3073,7.565068617519262,-0.41062713837228415
node,3074,7.565068617519327,-0.12258722374821573
node,3075,17.47753352997366,-57.33806997871338
node,3076,31.423086562366986,-47.3376352361516
node,3077,3.342434367723804,-0.045860516097931736
node,3078,3.3424343677238966,-47.29529520967864
node,3079,75.69275975755332,-36.21549871367652
node,3080,-35.592349207867464,57.303440044913444
node,3081,4.722600307168027,-40.12232224504961
node,3082,5.8673002516533845,-0.07986649240388033
node,3083,8.080921640269922,-0.06993768646967169
node,3084,52.43687445367362,-19.258379120502184
node,3085,8.080921640269741,-0.19812412768344956
node,3086,44.35595281340382,-13.443589608046864
node,3087,94.38183318966898,-27.026660943559747
node,3088,31.407199596989173,-2.465044054126267
node,3089,66.36654052068906,-39.87850326199532
node,3090,-13.929666067015441,44.67417368629617
node,3091,34.76552093009086,-22.43480251212435
node,3092,-2.2136213886160445,55.19144387863573
node,3093,-2.2136213886167795,-0.013117620308790379
node,3094,-2.2136213886162337,-0.060344973516095024
node,3095,-2.213621388616224,-0.018365648456210693
node,3096,-3.3583213331017667,-27.4868388305875
node,3097,-1.1446999444855892,55.05249055862988
node,3098,-1.1446999444857509,-0.00958905321255088
node,3099,-1.1446999444855375,-0.023152361466571847
node,3100,63.51208428896954,-46.795938053309115
node,3101,63.51208428896952,-18.71676170738334
node,3102,63.51208428896954,-48.23599924501943
node,3103,17.47753352997366,-18.315326666171263
node,3104,83.84407405066274,-0.34446160891723787
node,3105,83.84407405066273,-2.1933065710648605
node,3106,137.8750972371059,-45.508844596910535
node,3107,135.40484720066996,-48.384673311307665
node,3108,83.22989277439946,-24.23832546428187
node,3109,2.4702500364358824,-0.02022857832892555
node,3110,2.4702500364327262,-0.0029961484040654796
node,3111,2.470250036436987,-0.007115089692774745
node,3112,2.4702500364358246,-0.00823788257739011
node,3113,2.4702500364352833,-0.00749342207780046
node,3114,2.47025003642846,-0.002245585769230729
node,3115,2.4702500364358864,-52.18013953202686
node,3116,52.17495442627058,-3.8437829275693787
node,3117,63.512084288969525,-21.257076639835958
node,3118,63.97132929225657,-104.51941115622776
node,3119,54.64520446270641,-4.031232800540835
node,3120,54.64520446270647,-24.111725672668996
node,3121,99.49605063888282,-194.34627906857617
node,3122,-6.312693489428133,-0.1125366798343066
node,3123,137.41585223381884,-74.17288139653635
node,3124,152.5277612010773,-11.648049866741928
node,3125,-15.111908967258579,-38.09573532815182
node,3126,0.45924500328586915,-0.0007896319630731341
node,3127,-54.185959459418925,-1.6207372478008608
node,3128,-54.1859594594194,-6.127678688696477
node,3129,48.859420324998,-322.5547190395232
node,3130,105.8087441283103,-349.993418821828
node,3131,146.2150677116499,-350.0673187750694
node,3132,7.6424777724510315,-0.1864366330756866
node,3133,153.85754548410077,-179.64790311085392
node,3134,128.58500792583166,-102.36263949400484
node,3135,98.16626635585945,-201.14508264225867
node,3136,11.700149074804354,-81.05189659567577
node,3137,25.272537558269082,-5.108331834763703
node,3138,25.27253755826905,-170.64561969052568
node,3139,48.859420324997956,-52.500247055250156
node,3140,193.6516795976114,-18.75048650548797
node,3141,193.65167959761106,-7.237687791118333
node,3142,107.23155256734734,-24.73350121777412
node,3143,107.23155256734755,-85.99978146000512
node,3144,300.88323216495814,-240.4495907211733
node,3145,140.2851570006361,-58.70521709440959
node,3146,122.16029716601663,-5.327560338717149
node,3147,18.124859834618906,-18.173203295439862
node,3148,124.40172906849591,-4.782019170326521
node,3149,68.4261191576636,-6.47539102185965
node,3150,22.707441021316495,-0.2624545897679127
node,3151,22.70744102131619,-27.49379406879075
node,3152,25.45711808722541,-0.6370477586647212
node,3153,124.40172906849436,-14.6400975246886
node,3154,63.3078681634395,-2.697307393351821
node,3155,63.307868163443395,-0.9498690226217832
node,3156,106.27686923387594,-6.370251934863063
node,3157,86.46611728105506,-147.91288863468856
node,3158,23.158249117615345,-5.164612356123712
node,3159,53.73417800835443,-3.609202357791901
node,3160,1.770027672467568,-0.03216022407275432
node,3161,0.24606545448970094,-0.00946234157163417
node,3162,-0.6794716960817833,-0.0025808011824892674
node,3163,1.0905559763809132,-0.19375681948338297
node,3164,-2.749677065910758,-0.220047310329619
node,3165,-2.7496770659108454,-0.5811928513276143
node,3166,-2.749677065910595,-0.253261570715722
node,3167,-2.749677065924553,-0.0041281552859118165
node,3168,-2.7496770659088194,2.1393422779203775
node,3169,144.79225927261217,-84.74510838117294
node,3170,104.9146417501495,-12.085776094811308
node,3171,127.6220827714644,-5.570289435736868
node,3172,52.71148826828265,-4.348354057890674
node,3173,1.0226897400712238,-5.749332240365902
node,3174,26.295227298340347,-2.0888371545662494
node,3175,28.993714950057253,-11.335539591547672
node,3176,2.6984876517162593,-0.14754455305831016
node,3177,0.7923643094957077,-0.01993765108397838
node,3178,50.941460595813666,-1.2819460093716089
node,3179,-3.0708731025638603,0.06901065447698329
node,3180,1.906123342219428,-0.014769389685739043
node,3181,1.906123342222613,-0.012553072906371199
node,3182,1.9061233422217174,-2.1020129664964315
node,3183,23.837720813702408,-0.8529236373216236
node,3184,4.976996444787251,-0.25174252657291163
node,3185,4.976996444788543,-0.07299864467290718
node,3186,54.01233369838123,-0.9189596403367659
node,3187,57.049191796058146,-2.906366984133001
node,3188,75.92092680009195,-9.718082294747774
node,3189,252.02381183996022,-98.13222267956098
node,3190,124.4017290684948,-8.171217223082067
node,3191,18.860724368916134,-1.2297479753008247
node,3192,-13.05954706650825,0.0871320639704436
node,3193,10.022688968857565,-0.009543157945813618
node,3194,0.3516157890629132,-3.375199003130547e-05
node,3195,0.35161578938287896,-0.0721397480261885
node,3196,1.6673531424937855,-2.445107682265416
node,3197,18.871735004033884,-0.37537407069385154
node,3198,-3.036858097694324,-0.004168573211700277
node,3199,9.671073179443155,-0.071737246491125
node,3200,1.3157373530162533,-0.00043625352509479853
node,3201,5.801177302409687,-0.11162918389777587
node,3202,8.355335826331002,-0.02862277107601585
node,3203,-4.307656712695301,-0.07066089139766518
node,3204,0.4674236703987836,-0.0014151266173030308
node,3205,-1.9775012769636964,-0.01055446999976084
node,3206,-1.8627317653398343,-0.005898608370330294
node,3207,-1.86273176534688,0.154641303707308
node,3208,-3.840233042291524,-0.8384628481653635
node,3209,-3.840233042291815,2.8464892264169066
node,3210,-1.4176914930435471,-0.002080193890378723
node,3211,-2.42254154922214,-0.006725538861132918
node,3212,-1.885115163468749,0.15465182036598435
node,3213,-0.5598097838892913,0.15929716533673854
node,3214,5.333753632003826,-0.16141921637643009
node,3215,0.9058497539682561,0.006395692527576102
node,3216,12.662992539034159,-0.07921358174155557
node,3217,1.1060801878699407,-0.0025777319958706357
node,3218,0.4968860180405472,-0.0001915910747811722
node,3219,0.4968860179307095,-0.000614630230415969
node,3220,0.20023043383983308,-1.3350711469684029e-05
node,3221,0.2002304339243004,-0.9247448487120664
node,3222,0.6091941698943635,-0.0006175395809577822
node,3223,11.556912351146064,-0.2595113994678968
node,3224,6.239603385963386,-0.24469170785278038
node,3225,4.74074105410276,-0.06313122370943347
node,3226,3.599428883020663,-0.04933602258518022
node,3227,1.7577209694953946,0.004224911441610857
node,3228,6.498462023608471,-0.010937572246120908
node,3229,1.4988623318571679,-0.4399943165691411
node,3230,0.686763886932216,-0.0005056030502146314
node,3231,0.8296261316808637,-0.0007378356436902322
node,3232,0.8296261317521821,-0.0003565287905757941
node,3233,7.957483468126583,-0.42849688246565165
node,3234,1.093314453404964,-0.0022974367415145025
node,3235,1.9491675248753682,-0.0036510831324676474
node,3236,0.9504522085837045,0.007702988124037802
node,3237,0.8296261317252793,-0.00211164156257837
node,3238,0.14286224495436173,0.008314512153674514
node,3239,0.8120984449217472,-0.0010822458740449292
node,3240,1.119541393168741,-0.0025944819672076846
node,3241,0.16908918445701784,-3.488120580641407e-05
node,3242,6.864169014730925,-0.10719075699785208
node,3243,5.479599710785653,-0.0674384251765332
node,3244,3.610827055267327,-0.018253300832270725
node,3245,3.0186931796813727,-0.005585967718502616
node,3246,3.0186931796941243,-0.005312592463155852
node,3247,3.3287820168514837,-6.209218111052905e-05
node,3248,6.915044399534226,-0.016353700954255146
node,3249,6.9150443994947475,-0.00922884293606785
node,3250,0.5921338755618714,-0.0024564614212749802
node,3251,0.5921338755714338,-0.04479492636312443
node,3252,0.6430092603677132,-0.20590105187602603
node,3253,3.5862623826618383,-0.0033825160817286815
node,3254,1.384569303952309,-0.0028525438502811085
node,3255,0.5887500429502646,-0.06886396259278627
node,3256,1.8687726555192963,-0.0017321863740562549
node,3257,1.868772655506005,-0.002545894892477918
node,3258,0.31008883704373097,-3.3654280400696734e-05
node,3259,2.9432531223112672,0.0032867696202174557
node,3260,0.7958192609769129,-0.0009607590252471709
node,3261,0.7958192610053714,-0.001034225107673592
node,3262,0.7958192609916661,-0.0006649947109735876
node,3263,0.7958192609944651,-0.09104410921588624
node,3264,2.4575226984786664,-0.006516531820807359
node,3265,2.45752269848435,-0.005991102471057275
node,3266,2.457522698467245,-0.006166245587564845
node,3267,2.457522698467245,-0.006166245587564845
node,3268,8.864211924412528,-0.7598130269054764
node,3269,1.949167524886609,-0.31719212129758034
node,3270,17.204381861539574,-0.571854139119182
node,3271,8.34016993713427,-0.03088394495364355
node,3272,8.34016993712654,-1.4194094160425266
node,3273,0.8444905218814847,-0.003986588110251432
node,3274,0.24606545452352024,-0.0002153699755353955
node,3275,1.5239622179832224,-0.005691123436918133
node,3276,17.477533529973662,-2.616911615422026
node,3277,7.56506861751926,-0.20528495405454805
node,3278,17.477533529973652,-2.725962327072036
node,3279,9.912464912454404,-0.7384993161750479
node,3280,20.695008077852876,-0.31864281935074246
node,3281,23.032678458128146,-0.8435018003592774
node,3282,40.8804507551543,-9.761544934290384
node,3283,17.84777229702653,-0.15130791358409112
node,3284,17.84777229702595,-0.5408859731910951
node,3285,17.84777229702653,-0.15130791358409112
node,3286,6.915044399530789,-0.08860645575498438
node,3287,1.8417079135347358,-0.004514602979611482
node,3288,1.8417079135276384,-0.005142102266745496
node,3289,1.8417079135174972,0.002944044441846927
node,3290,20.313467150851594,-83.95057437032376
node,3291,48.859420324998,-517.9242951924255
node,3292,-0.2966555840691399,-0.00018868172423935903
dcp,3,27.82620325087364,-1.094082490938149
dcp,5,40.77527615909716,-1.2785571991591382
dcp,7,55.96965947861553,-11.29929823522292
dcp,11,29.077982787044018,-21.408796380639046
dcp,19,0.9879511676552998,-0.004166746818782485
dcp,21,-4.76354596733983,-1.189572390471426
dcp,23,-17.52889118692938,-0.8901380900265394
dcp,25,26.099455352907196,-4.635418340377214
dcp,27,37.25544937972867,-80.166285113107
dcp,29,37.25544937973807,-23.174910186194495
dcp,35,37.25544937973761,-119.7275515105274
dcp,39,-5.0990035654142165,-57.02478585625937
dcp,41,15.194383319429035,-4.388363358972811
dcp,44,33.37329071591848,-5.230294599950469
dcp,46,60.26496740749521,-27.02108524690084
dcp,50,-1.0966715633098836,-0.025359890085724146
dcp,52,3.1721651824490187,-0.01230659886846297
dcp,54,-4.971408070401985,-0.03363697645352204
dcp,60,-0.6267966766597595,0.5765202293067659
dcp,68,26.891676691529263,11.422425593048274
dcp,74,45.15282919529244,-0.9704583205455037
dcp,76,27.826203250508186,-1.8226965205950592
dcp,84,27.826203250738015,-2.1285440676289795
dcp,89,12.949072908248946,-3.1944428974281323
dcp,90,3.414844840060424,-0.08463673761445989
dcp,91,11.779538479368432,-0.9650585988030116
dcp,92,16.36391774821415,-1.8508801817340554
dcp,97,11.155994026653511,-6.668625999917481
dcp,101,15.324002900789779,-1.9138242789628066
dcp,103,25.349594580013697,-6.751176038068365
dcp,105,10.709221763743571,-0.9161231971108919
dcp,107,4.982561199059309,-0.2453545288396981
dcp,109,4.982561199085528,-0.25391946989770986
dcp,115,4.982561199080435,-14.344836364645516
dcp,121,4.982561199082525,1.2688335008272134
dcp,123,30.217659184799423,-8.60055414172723
dcp,126,0.6050570954505715,-0.003915376279223892
dcp,138,3.138310451492172,-0.16317810757345796
dcp,140,3.1383104515151703,-22.049162632806542
dcp,142,-23.871509820908045,22.7316542582995
dcp,144,10.334841781792713,-0.2816552134244148
dcp,146,10.334841781676628,-0.6271821817182399
dcp,148,14.859370104053575,-1.9297996902320165
dcp,149,25.235097985670457,-3.2267171331451436
dcp,152,2.533253355968559,-0.2066586487276254
dcp,154,5.726660564590537,-0.2852805839904704
dcp,158,5.726660564573191,-0.27081814720997954
dcp,160,5.726660564570475,-3.3909003130523843
dcp,162,5.7266605645695305,-2.2994946531898677
dcp,164,5.726660564565765,2.884824435271412
dcp,166,6.532171178179709,-1.0569602469171286
dcp,168,6.532171178181222,-1.149339195469338
dcp,170,-3.5134805381890044,0.15942980503223225
dcp,172,3.1383104514744664,-0.2652530657362604
dcp,183,20.41058254378043,-11.77913540067982
dcp,185,7.457301603138633,-2.1034435964993463
dcp,187,7.457301603128991,-0.3709276858241992
dcp,189,6.651790989618706,-1.7297215194867022
dcp,190,6.651790989619306,-0.3289714142528055
dcp,191,10.045651716318027,-19.24996072394663
dcp,192,0.805510613553406,-0.011823296385273352
dcp,194,29.059115754802797,-7.00326808284467
dcp,202,29.059115754800747,-139.6133547520226
dcp,207,18.661784860432377,-1.8590236992771452
dcp,209,8.794446775410222,-0.4236037447063836
dcp,211,29.025473535342716,-23.40656943989734
dcp,213,27.03982367461201,-17.163063558648332
dcp,215,23.96058634166173,-1.3302121698865221
dcp,217,23.96058634164393,-11.560846985310945
dcp,219,53.01970209666263,-6.954633716976218
dcp,221,74.32648608557125,-22.42917172734417
dcp,226,-17.01689990034875,-40.332858320037815
dcp,228,1.671570908304156,62.69782598929686
dcp,230,-28.584349412065247,-6.052000686920849
dcp,232,-44.211506420876916,41.014133410244824
dcp,234,11.912299416917094,-13.128570411134376
dcp,240,27.539456425505886,-13.83827134340919
dcp,242,26.590455699289308,70.06684595589991
dcp,245,0.2705585505365195,-34.15024975182098
dcp,247,0.036799025253688354,-6.184892691862842e-05
dcp,249,0.021413819574050932,-5.13669579049747e-06
dcp,251,0.014216769286226429,-6.443474944717309e-06
dcp,253,0.029601974861719095,-1.0085947280913388e-05
dcp,255,0.03679902531048576,-1.6967728356576117e-05
dcp,257,0.03679902503166747,-9.143343959294725e-06
dcp,259,0.03679902515323249,-5.5212148026839714e-05
dcp,261,0.11035677341337029,-4.5462778871296905e-05
dcp,263,0.11035677336708755,34.149681770602854
dcp,265,1.2529423308517034,-0.006434874521744405
dcp,266,0.07355774830593839,-0.00016483826527746714
dcp,270,0.015385205459696443,-7.014739253463631e-06
dcp,274,0.0017020079643781728,-1.6510199429831118e-07
dcp,280,0.001702007978850296,-4.778905804414535e-08
dcp,288,0.007683493674982789,-7.820509040357138e-07
dcp,290,0.007683493887898426,-3.967224415646342e-07
dcp,294,209.33069900317744,-572.9817100444976
dcp,300,16.241896795064754,-22.368854139272685
dcp,302,18.227546655912438,-19.797058634371183
dcp,304,21.30678398887028,-4.507103948319468
dcp,305,3.0792373328942038,-5.096367713342829
dcp,306,1.9856498606878594,-2.4623726376199784
dcp,308,3.3556017197832717,0.3732215425469576
dcp,310,21.30678398885758,-5.658394803765873
dcp,311,21.30678398886741,-4.583826406745516
dcp,313,30.2176591847994,-106.46187589408714
dcp,315,40.084997269695975,-113.73140669958048
dcp,317,40.08499726969597,-30.069786312371207
dcp,319,40.084997269695975,-12.859276469910583
dcp,320,40.08499726969598,-6.700234335978621
dcp,326,94.91921564789493,-53.88676150278445
dcp,328,169.24570173351927,-74.21688267570812
dcp,329,169.24570173354505,-64.4492419993802
dcp,331,-9.867338084964532,-1.965007531340575
dcp,333,-9.867338084950457,118.10282500052267
dcp,337,16.2418967951628,-3.500087938244633
dcp,339,-10.375727881617955,-0.48132876468707764
dcp,344,0.007197050432665434,-9.225296366821567e-06
dcp,358,60.451049663985,-29.983772771943535
dcp,360,29.42609869335634,-5.589354060228459
dcp,362,33.13748116056028,-3.0889346460158436
dcp,364,33.137481160511136,-3.115288869790561
dcp,366,26.250809835531797,-6.465183269693398
dcp,368,26.250809835534213,-12.995831516006206
dcp,370,25.77956250531991,-6.175996238680227
dcp,372,43.59638870182049,-4.26694826710127
dcp,374,8.071865490357029,-0.09102155245471977
dcp,376,8.071865490689987,-9.578829317669374
dcp,378,-20.24209870155876,-13.771037693785104
dcp,380,-7.643072395643752,-3.298490814497825
dcp,382,0.8518697844643743,-0.006391808198259241
dcp,390,-0.7254166389864868,-0.005296497905703745
dcp,393,-0.16020177723544696,-4.801848422175681e-05
dcp,395,-4.268836745852238,-0.15597037594591256
dcp,400,15.306183140582416,-21.313085512764474
dcp,402,4.1704003389159725,-0.8369612952434409
dcp,403,19.476583479566425,-3.611291134427688
dcp,404,15.306183140580423,-2.5744945939972013
dcp,408,8.143573253036944,-1.4542827144484818
dcp,409,8.143573253059259,-0.08608048535563739
dcp,424,14.640372816318385,-3.780752365265812
dcp,430,6.594610469343562,3.195901154940202
dcp,432,5.873258768264629,0.369966052220434
dcp,434,7.4567359769864145,-0.21623972255315493
dcp,436,33.359881160633485,-12.962845704408892
dcp,438,1.5834772087847646,-0.5209424534972413
dcp,440,6.405588179221071,-4.111936746000879
dcp,442,15.379913916898202,-8.335021718437588
dcp,444,-8.974325737624703,-3.133834446857122
dcp,455,12.953280940598423,-3.850722829543315
dcp,459,12.267009290805426,-2.7248830927622976
dcp,474,-6.515512155916083,-0.7135739644731984
dcp,479,8.570564166203017,-1.8849177240290373
dcp,480,4.168008874102858,-0.1482899355112295
dcp,486,8.04576234687764,3.2563128568973525
dcp,488,-12.765345219744194,-0.410500581797578
dcp,493,19.108783818546694,-4.304701702673356
dcp,495,19.10878381853091,-9.431835788451451
dcp,496,33.72533218274214,-33.016390039116175
dcp,499,-0.04095037674428877,2.8823130492128257e-05
dcp,517,5.760964633679553,-0.20009475375485408
dcp,521,8.818035931989693,-5.262722798748939
dcp,525,7.947010694365671,-1.6364086602565067
dcp,526,2.0887157431778203,-0.05207358652842231
dcp,527,0.8357734123400978,-0.005656592259470017
dcp,529,0.5652148617278353,-34.15020173333676
dcp,533,5.742127732208248,-66.23694044527087
dcp,535,10.98088041984342,-0.6560743370190494
dcp,541,-5.732010429722299,-0.44394950946980316
dcp,545,-5.73201042983521,-0.03811289453858535
dcp,547,-5.7320104299437835,-0.17338081421354445
dcp,549,-5.732010429934533,-2.496131744814818
dcp,551,3.6147484126903406,-0.4681170644745407
dcp,553,-8.083955485614624,-0.6309574969127425
dcp,555,-8.08395548568612,-0.44536254184737345
dcp,557,-8.083955485676368,-0.7208795596635014
dcp,559,24.990141085943886,-2.3653777734947425
dcp,561,47.6481934836352,-63.66970499816938
dcp,563,47.64819348363522,53.74456702471275
dcp,565,69.73011513281831,-128.933316257816
dcp,567,130.59462638596088,-192.90861230289215
dcp,569,170.9722816203399,-68.08021260106057
dcp,573,170.9722816203399,-37.62096763313218
dcp,575,147.33555813594927,-304.234350177612
dcp,577,14.655492379163622,-8.39502619544453
dcp,580,-3.781973003993541,-0.3313220999152122
dcp,582,-3.7819730039947084,-0.23617641658620414
dcp,584,13.047661995575961,-14.25891593776413
dcp,586,-4.850211129816309,-0.14587572217152456
dcp,588,14.616548364136492,-5.781620020327864
dcp,593,-6.886671324936819,0.12577439361882625
dcp,597,8.96473079110487,-1.3621300823627394
dcp,599,-3.5485220157217627,0.08756482708162139
dcp,601,11.711016268911774,-0.8039610018212784
dcp,603,29.05648345897563,-15.550779155820777
dcp,605,17.29028752606525,-8.545900265594327
dcp,607,28.159760104865004,-3.176646189189171
dcp,608,-16.82963499961194,6.67680462683461
dcp,615,5.701177355552144,-0.2001235768853462
dcp,617,12.878239051278003,-0.7988948307950068
dcp,621,0.2980620068420113,-0.0007827776978501788
dcp,630,6.38687227408499,-0.9310805371929973
dcp,637,3.055224486775369,-0.06869182505471372
dcp,639,-3.331647787340455,0.06790904735686354
dcp,660,11.333878587717917,-1.003247637999209
dcp,662,16.572631275349213,-1.401824356111831
dcp,663,15.851402116280857,-66.78221450883427
dcp,670,5.238752687592067,-0.34717330098015964
dcp,673,22.03867560818335,-2.287662178270466
dcp,675,22.03867560818411,-6.267514383949958
dcp,679,42.63603159563933,-28.741728948637274
dcp,687,120.01354622599453,-74.55122861357665
dcp,691,126.0606171036259,-185.57835831713965
dcp,692,85.68296186946526,-12.304471244117735
dcp,693,40.37765523433168,-6.945312479867994
dcp,697,14.655492379277604,-135.98585005384172
dcp,700,14.65549237915832,-3.58795764710635
dcp,702,2.5486058482943537,64.68670325249212
dcp,704,2.5486058482981466,-0.18717770463547367
dcp,713,0.7212291589389562,-0.004291935044079764
dcp,715,-17.79046900488831,-1.9088162488931744
dcp,717,13.773327983727526,0.47179525003963363
dcp,719,-4.830657212593878,-0.1506290329765534
dcp,733,22.46207031215073,-4.0010386994744636
dcp,742,45.45004763089523,-6.376836983131568
dcp,744,62.36084586788913,-3.608876090348815
dcp,746,91.8919008456276,-7.413938625217895
dcp,748,42.961865950493404,-8.527235297880537
dcp,749,44.989395104429306,-21.8495730277551
dcp,751,1.9097962040736545,-3.6639132067845708
dcp,758,2.027529153909338,-4.129587170539537
dcp,762,-15.451069907537414,-67.11165413957013
dcp,764,-27.861779229944656,-20.062147804582708
dcp,766,-27.861779229944652,-19.27732999656405
dcp,767,-26.912778503779506,-1.1414930913465469
dcp,768,-0.9490007262119247,-0.010328108074929787
dcp,770,-15.34532899213503,-26.644227161244828
dcp,771,4.4349223958691075,-1.091466104728056
dcp,774,-1.9583318086567774,-0.0200765572800492
dcp,776,-22.110544863355557,-4.837918817352545
dcp,778,-21.68907453757991,-0.9027282162953725
dcp,780,-21.41583323453872,-11.473744672762507
dcp,782,-17.625829336580694,-0.6595521123601884
dcp,784,-20.26339771817325,-10.871185580858992
dcp,786,-27.632473114416435,-13.424798875105921
dcp,788,-17.214834562723468,-3.2148105388299655
dcp,790,-26.832500745616304,-9.721931748846032
dcp,792,-34.106179689186106,-7.333011331815612
dcp,808,-6.021115174098471,-2.444523110322052
dcp,810,-6.02111517409342,-0.19082967142082907
dcp,812,-28.59240949027814,-1.6816507361057234
dcp,814,-28.592409490326652,211.60170537423951
dcp,816,63.85385260768339,-32.785685836956645
dcp,818,88.99350378055699,-49.95045431138803
dcp,820,88.99350378055605,-65.52086705535191
dcp,821,22.08192164901769,-29.044564923086057
dcp,827,-16.956926163321818,-8.199414927406451
dcp,828,7.273678943700412,-0.2899271014606484
dcp,830,24.2306051069522,-9.657573460093147
dcp,835,0.4712473302813137,-0.010607588895425124
dcp,837,0.4712473302771027,-0.013266037303424127
dcp,839,-13.067779896970409,-5.970522126005108
dcp,841,-22.41453873936246,-17.262358339881473
dcp,843,-17.746983247776022,-5.055664311898113
dcp,845,-18.16845357352762,-0.9018132707523705
dcp,847,-18.441694876542414,-11.599658021024084
dcp,849,-22.231698774356172,-0.4705245057348293
dcp,851,-19.59413039269709,-10.300840447048586
dcp,853,-12.225054996606808,-17.579189234922694
dcp,855,-12.489612810575187,-0.4550240789371287
dcp,857,-12.489612810582598,-3.0527326790573284
dcp,859,-9.794071138944233,-1.9496518340732791
dcp,861,-9.794071138940238,-1.6667724609510515
dcp,863,-9.794071138943304,-1.9642322561530818
dcp,865,11.326684617418353,-2.5828104679929993
dcp,866,-10.417638551492843,-0.43465140792312695
dcp,867,9.61766618283249,-9.599041208720394
dcp,868,-2.6955416716743743,-1.554410859200516
dcp,870,0.27324130305574235,0.0006633612941300271
dcp,871,0.42147032572740906,0.0015783068371320041
dcp,873,17.706756851800474,-4.305069969844794
dcp,875,10.082839909160324,-1.7291972037195364
dcp,877,10.082839909158578,-0.925139311766884
dcp,878,-0.5350797697495076,-34.13805321244365
dcp,879,-8.494942180165918,35.82834509082767
dcp,880,7.623916942587471,-0.9576528289041448
dcp,887,22.09961784475482,-2.437081613332168
dcp,895,22.099617844741676,-7.609164636406888
dcp,897,23.942628191374904,-1.3694929234131905
dcp,899,36.35333751384178,-35.06773121266917
dcp,901,23.754311207913737,-10.262329402603484
dcp,903,3.1569552203600497,-0.13603093312860892
dcp,906,18.881720387793987,-69.03429231997399
dcp,913,-6.353410864988614,-64.22543436317528
dcp,915,7.769507927220285,-10.387713175683814
dcp,917,12.916733223392125,-6.911262890533237
dcp,919,8.399407000726445,-0.28523380348786986
dcp,920,11.073722876344876,-1.7372615022923128
dcp,921,26.52479278383576,-33.93925429392232
dcp,923,20.59735598753147,-8.691207495349033
dcp,927,12.599026305870625,28.946727505089257
dcp,928,1.416097062144711,-0.10046707755969919
dcp,930,132.68006575674093,-116.48566700224302
dcp,932,-27.81863453138852,-31.377593616884724
dcp,939,29.531054977797556,-11.41992961009177
dcp,949,1.556069336051865,-0.02674383039465056
dcp,953,-2.9086769079730552,-0.15509607763942768
dcp,954,-5.338042340088892,79.64989445771653
dcp,956,-2.3383238876359513,-39.55182468333453
dcp,958,-2.3383238876652293,-0.01485043236743877
dcp,960,-2.429365432031045,-0.15506432415526206
dcp,962,0.09104154443814617,3.175348416561974e-05
dcp,964,46.346770985091915,-11.315786116162343
dcp,965,32.7275408389423,-13.691768133068138
dcp,966,13.619230146117653,-5.146979692768753
dcp,968,3.7113824671775597,-31.909213625387423
dcp,990,15.259538284675003,-1.214331047669532
dcp,991,15.259538284706235,-66.48028379211661
dcp,993,17.345467190018265,-67.41942783203905
dcp,998,-31.56379698882749,-31.091696533222546
dcp,999,6.047070877683563,-0.3849415058845125
dcp,1000,-17.816826196486215,-3.279465364039879
dcp,1002,5.947151592250662,63.92937984997019
dcp,1004,5.947151592239377,-0.2326900987497993
dcp,1006,5.947151592212483,-0.43008232265879087
dcp,1007,5.947151592268877,-0.13776074397924276
dcp,1009,49.063550438275335,-9.669850870124094
dcp,1011,77.37751463029153,-93.76678848362332
dcp,1013,77.37751463039162,-6.107025365784011
dcp,1014,5.858294951276226,-0.33873464679578547
dcp,1016,1.363299104254175,-0.005101814308829944
dcp,1018,1.3632991042557734,-0.012978495198069595
dcp,1020,1.363299104261139,-0.029772664267397886
dcp,1022,2.4055057575035725,-0.27747801804667915
dcp,1023,10.617919678943657,-0.3235644265453743
dcp,1024,13.023425436464352,-0.8204016840495569
dcp,1026,1.0422066537151853,-0.009903923357114763
dcp,1028,1.0422066534620675,-0.004131884671210173
dcp,1030,1.0422066531922178,-0.016022458137115336
dcp,1032,1.042206653485707,-0.0039635244915530166
dcp,1033,1.0422066531853993,34.130295770051475
dcp,1035,-12.410709322418457,-1.5008264781489515
dcp,1043,2.674315875562412,65.99236301327016
dcp,1050,4.51732622278348,-0.07331960667755766
dcp,1052,11.69870389842086,-0.6017719817541547
dcp,1054,11.698703898404046,-0.8148624924617138
dcp,1055,22.658052397820104,-3.0474672411125994
dcp,1058,-1.958331808660689,-0.1960906304283867
dcp,1059,-10.959348499396608,-0.6820894676178568
dcp,1060,-9.346758842677806,39.81156549449781
dcp,1068,94.91921564786229,-155.3355049438
dcp,1070,184.26216584185838,-504.02554181807426
dcp,1073,9.601399307528288,-3.1597971102794418
dcp,1078,233.01852000549997,-100.342021469943
dcp,1080,403.9908016255381,-597.5065667086423
dcp,1085,75.6894067893063,-10.28907979501028
dcp,1088,1.5560693360455276,-46.74845040058446
dcp,1093,172.96649238806197,-219.62368837696553
dcp,1094,3.8291154170131754,-14.686727922351281
dcp,1096,6.969581631098543,-2.7126746787451452
dcp,1098,0.799926296083531,-6.581847464863017
dcp,1099,0.7999262960742627,-9.626526132924312
dcp,1101,31.024950970495354,-10.55722188729095
dcp,1102,18.511698163799856,-68.14005265615293
dcp,1104,67.95959189632478,-306.32703762580394
dcp,1105,9.766337234336879,-0.5737187779934061
dcp,1138,17.442989371582836,-2.55880875580624
dcp,1140,17.44298937156489,-2.6865970646519486
dcp,1142,35.94948958525509,-0.30152434341010803
dcp,1143,44.03344507089845,-19.352950809347874
dcp,1165,-5.732010429703385,-0.09787785588378028
dcp,1166,28.046769437032957,-3.9622930678478383
dcp,1184,22.31475900737038,-5.274270189547906
dcp,1185,42.636031595521025,-9.460782803943175
dcp,1188,14.640372816200655,-5.948378005508744
dcp,1192,5.751497134940956,-0.06549784420064952
dcp,1195,22.98797731879561,-67.86157157275647
dcp,1197,24.230605106794247,2.412786163113367
dcp,1202,-5.2670719022725665,-0.16728453993493986
dcp,1204,12.728742697254559,-0.2537247147624839
dcp,1206,31.205851652644913,-9.837379901760187
dcp,1208,17.995814599512507,-5.020960215422747
dcp,1210,18.47710895545616,-5.274684930185231
dcp,1213,45.26737033055989,-57.564295269164745
dcp,1216,36.47292355498619,-20.479570580013956
dcp,1231,8.143573253040499,0.07193732436826394
dcp,1246,5.858294951271753,-0.7941560006932491
dcp,1248,0.31679001476359975,-0.004307175449525857
dcp,1249,5.858294951284567,-0.07135048943166566
dcp,1262,0.007683494184731442,-1.069320546775998e-06
dcp,1263,0.015385205682204616,-2.3173375893748016e-06
dcp,1268,0.007197050473143616,-5.744450277234137e-06
dcp,1269,0.00719705048102344,-1.559675581574993e-06
dcp,1281,-2.7092236830635312,-0.2161671877084359
dcp,1284,25.1396511728102,172.45369197544156
dcp,1286,-10.417638551493962,-20.024178424815204
dcp,1287,0.9090460658709322,-0.012626853378094438
dcp,1293,-6.493161506399103,-2.00404576936819
dcp,1295,-30.56231048243359,5.757612663460236
dcp,1297,-27.009820272418658,-3.274861925865025
dcp,1298,-37.05547198871873,-5.640727681691942
dcp,1301,2.9322076545125197,-6.508589016807605
dcp,1303,4.524528322570967,-0.25486838894471475
dcp,1305,14.859370104053376,-1.7606662162368139
dcp,1306,4.524528322583256,-0.9398457449408397
dcp,1315,3.530117196938412,-38.75563582237373
dcp,1317,15.91182483163003,-35.387324534829304
dcp,1322,-1.843010346658375,-0.013766772969859176
dcp,1323,4.517326222332326,-66.20427721008048
dcp,1333,57.135415929200285,-42.74151917930175
dcp,1335,-13.067779896967723,-12.569807872631202
dcp,1336,-13.539027227296732,10.419070879582648
dcp,1342,-3.790003897832269,-0.12657670955570666
dcp,1343,15.627157008658013,21.021437013601656
dcp,1344,-2.6375683816302202,-0.062450897069652456
dcp,1350,-7.3690753961602,-0.6327960308800584
dcp,1359,-11.635483327219207,-1.1322203414936212
dcp,1361,-22.47069636198207,-4.432294807643245
dcp,1368,10.935810989090477,-0.024110355557866114
dcp,1369,-22.571294316263078,-3.7501595508667833
dcp,1371,-6.0211151740940325,-1.090696413566036
dcp,1472,0.007701711592149599,-3.4296721196369617e-07
dcp,1577,-10.375727881572704,-0.07535901035066672
dcp,1582,3.35560171979118,-0.10883976800948858
dcp,1594,5.623036387197549,-3.1855563958531548
dcp,1597,10.025591679291916,-2.062114214474036
dcp,1600,13.731329600590591,-5.3485531876820005
dcp,2059,5.685567253685899,-0.36890060305643146
dcp,2060,-0.7213517011297823,-0.42931230501358186
dcp,2063,4.964215552607746,-0.46159620070409346
dcp,2087,-2.9997184525315594,-39.5666433622178
dcp,2088,2.5486058482947427,-0.3737188608765223
dcp,2090,-3.572139206376857,-0.03526913340090232
dcp,2091,-1.258518006212257,-1.1144171429692733
dcp,2195,-59.95944856114837,37.954232983854126
dcp,2210,73.60835084626798,-545.2107179414843
dcp,2212,-10.222607535627256,-0.3881193317291718
dcp,2216,13.648902285191378,-20.065941378121693
dcp,2224,-63.92219164311311,7.432845303976478
dcp,2231,21.873075423241726,-7.2252714327663625
dcp,2234,21.873075423241747,-7.969232304038542
dcp,2245,-39.40199924371568,-7.200576370935437
dcp,2254,85.79526706633781,-649.6225011607621
dcp,2267,-8.613448139922605,1.469785585423324
dcp,2282,-51.688883441802645,-3.379751949397246
dcp,2284,-19.78025138793651,-13.39590321508166
dcp,2288,24.39851919270646,-4.827783561642605
dcp,2301,-22.470696362007303,-9.00950515526955
dcp,2308,-15.290584152251117,224.54697063491713
dcp,2310,27.980398498931926,-3.4432060752994573
dcp,2316,27.98039849892343,-2.62428985093149
dcp,2328,-7.180112209520805,-0.2773090270048897
dcp,2330,-7.180112209637557,-0.18100613382523534
dcp,2331,-7.1801122095483665,225.00528579574726
dcp,2342,0.005999703916553466,-5.999887662255787e-07
dcp,2353,0.00770171164827917,-1.3051379141870711e-06
dcp,2359,0.0017020079798512086,-1.7209492852998665e-07
dcp,2367,0.0017020075929027186,-2.169434765164624e-08
dcp,2369,0.0017020081216743092,-1.2312693797866814e-07
dcp,2370,0.0017020079639568273,-7.018149972282117e-08
dcp,2379,3.2813247613073213,-0.48257030482636765
dcp,2382,-0.24879243567145912,-0.10350148510121926
dcp,2383,3.2813247613010716,-0.13352271023734374
dcp,2428,41.806659444889476,13.752468722598962
dcp,2430,-22.10727899347941,-9.292257418613644
dcp,2431,-9.882223996918105,-0.8304866179692567
dcp,2461,22.08192164898678,-2.486817444931148
dcp,2466,31.053773338471604,-1.2584595743171008
dcp,2468,66.91158213138836,-55.38694417436011
dcp,2469,66.91158213125038,-31.78335758565686
dcp,2474,35.85780879257093,-2.013535318899585
dcp,2475,31.053773338311142,-0.7550757445824843
dcp,2479,136.64169726378577,-34.72797338189821
dcp,2480,66.91158213127144,-71.28086154691664
dcp,2482,4.344611394011303,0.11002680062392756
dcp,2504,-59.95944856137408,-4.07688362500312
dcp,2505,20.557449317485556,13.423288649000142
dcp,2530,11.91229941691832,-3.2189248709033222
dcp,2532,11.912299416914422,-3.64520111460547
dcp,2536,17.408140252060768,-1.6027962624703491
dcp,2542,17.408140252141113,-2.3507072429754317
dcp,2549,17.408140252057088,-0.8742800561968238
dcp,2558,0.6050570954547417,-0.002255139586736732
dcp,2561,0.6050570954531561,-0.20048813286166478
dcp,2587,-23.816297428145475,-12.867295485971908
dcp,2590,-23.816297428149248,-14.570645203603704
dcp,2592,14.022226289036126,4.0262456919768965
dcp,2593,-23.816297428151003,-52.47769203313641
dcp,2595,-23.81629742814576,350.0871697688109
dcp,2596,64.46586359907289,-63.50135086309487
dcp,2606,45.5348564018264,-182.9899598856971
dcp,3000,40.26041066445631,-182.9899598856971
dcp,3001,20.313467145607685,-38.47179316094781
dcp,3002,66.62025847727648,-105.4929743579563
dcp,3003,35.44685509072649,-2.3885675975994474
dcp,3004,40.88045074291007,-3.2906149570457472
dcp,3005,25.739807734305334,-1.9379227789320908
dcp,3006,25.73980773430534,-1.1793171099142512
dcp,3007,65.30208087566798,-1.1897569329071445
dcp,3008,39.56227314131514,-100.23370812915795
dcp,3009,43.67508822520722,-6.9166433399451535
dcp,3010,43.6750882252072,-85.82093229660015
dcp,3011,20.69500807221871,-1.3936340505413227
dcp,3012,20.695008072218734,-6.053356997649416
dcp,3013,20.695008072218737,-18.7583828456238
dcp,3014,39.60652321058586,-1.4965175535124615
dcp,3015,53.01953528321836,-1.6079326815829091
dcp,3016,88.28216102714978,-8.923832249189033
dcp,3017,25.695557665419013,-0.7559996278787224
dcp,3018,25.695557665419013,-0.934999438817087
dcp,3019,12.282545592309623,-0.028814436909385677
dcp,3020,35.26262574233716,-1.0347904001428532
dcp,3021,-13.413012072668959,-0.19448151318334794
dcp,3022,35.26262574351016,-0.15791850233951266
dcp,3023,20.767727178302284,-0.1919278290078097
dcp,3024,-14.494898566829297,-0.24056688670975745
dcp,3025,-14.494898566525979,-0.25380331802028877
dcp,3026,-14.494898566422206,0.21010123417475768
dcp,3027,-22.98008015315347,3.994451062732395
dcp,3028,-22.980080153157022,-0.7387896332998878
dcp,3029,-8.4851815865223,-0.1694120153268699
dcp,3030,-8.48518158652235,-0.14651655384199103
dcp,3031,-8.485181586522419,-0.12362109235709795
dcp,3032,-8.485181586522671,-0.03664713803713937
dcp,3033,43.67508822520721,-7.626238299255574
dcp,3034,83.23736136645333,-8.37650611764469
dcp,3035,5.433595651856462,-0.03380493615551927
dcp,3036,5.433595651783977,-3.675851328379011
dcp,3037,31.323036532811873,-1.9966048768889948
dcp,3038,31.32303653282017,-1.8092085469214965
dcp,3039,31.323036532845112,-8.36023103489299
dcp,3040,9.55741420985342,-0.6451638471328067
dcp,3041,25.88944088098307,-1.3210886669350828
dcp,3042,52.018044604882334,-2.2648190192994946
dcp,3043,-9.568866228021035,-1.257162748216416
dcp,3044,-9.568866228021033,7.273689115481801
dcp,3045,61.586910832714516,-5.291161882353833
dcp,3046,61.586910832610684,-11.993300266628268
dcp,3047,61.58691083263564,-226.8997005905793
dcp,3048,29.8708813554895,-8.265985138563366
dcp,3049,16.727081188004618,-0.8242767919765015
dcp,3050,7.158214959998696,-0.3811746680754027
dcp,3051,8.346314810500566,-4.7721944735702095
dcp,3052,13.143800167318794,-0.8853923495468621
dcp,3053,11.955700316931882,-5.099626499726213
dcp,3054,-1.1880998504326328,0.3200591105050421
dcp,3055,1.6714752013114276,-0.007372915650961431
dcp,3056,6.674839609067637,-2.3414192344976072
dcp,3057,-12.77107073515226,-6.963238876006557
dcp,3058,13.62717551830936,-3.355411720892448
dcp,3059,33.07308586267465,-19.835495239773593
dcp,3060,-19.44591034426739,1.0213654020458023
dcp,3061,17.37800899782532,-13.893621765812838
dcp,3062,-30.149079733025346,-13.357270193556559
dcp,3063,1.2740068172721617,-0.003520489520525416
dcp,3064,4.616441183611503,-0.11689373767157463
dcp,3065,40.20879038015756,38.684754482285314
dcp,3066,59.28726021013754,-9.49395888192953
dcp,3067,197.16235738310857,-71.56518410587978
dcp,3068,171.49547801245302,-39.70444362127167
dcp,3069,50.45109486058642,-19.39783016442763
dcp,3070,25.666879370608022,-3.4889449373278083
dcp,3071,-50.02588035592118,38.9027414252089
dcp,3072,17.477533523053342,-2.8179070425062065
dcp,3073,7.565068614512403,-0.41062713804586437
dcp,3074,7.565068614541079,-0.12258722365169206
dcp,3075,17.4775335231432,-57.33806993389639
dcp,3076,31.423086550236597,-47.33763525723289
dcp,3077,3.3424343664042766,-0.04586051606172248
dcp,3078,3.342434366408252,-47.29529523069169
dcp,3079,75.69275972648173,-36.21549868394386
dcp,3080,-35.59234919671961,57.30344006072737
dcp,3081,4.722600305234411,-40.122322212194334
dcp,3082,5.867300249274119,-0.07986649233910725
dcp,3083,8.080921636841625,-0.06993768641032716
dcp,3084,52.43687443206566,-19.258379104630365
dcp,3085,8.080921636857827,-0.19812412751614517
dcp,3086,44.355952795136425,-13.443589596973744
dcp,3087,94.38183315112659,-27.02666092148617
dcp,3088,31.407199584830472,-2.465044052217678
dcp,3089,66.36654049374398,-39.878503229613656
dcp,3090,-13.929666061725648,44.67417365236613
dcp,3091,34.765520916674596,-22.43480249480885
dcp,3092,-2.2136213876764628,55.19144383918436
dcp,3093,-2.2136213877049444,-0.013117620297975918
dcp,3094,-2.2136213877570143,-0.06034497346925605
dcp,3095,-2.213621387762089,-0.01836564844204247
dcp,3096,-3.3583213319020038,-27.486838810948115
dcp,3097,-1.1446999440474326,55.05249051928929
dcp,3098,-1.1446999440280368,-0.009589053204877018
dcp,3099,-1.1446999440372263,-0.023152361448438796
dcp,3100,63.51208425959427,-46.79593801002149
dcp,3101,63.51208425959424,-18.716761690069774
dcp,3102,63.51208425959427,-48.235999200399704
dcp,3103,17.477533523054664,-18.315326651669945
dcp,3104,83.84407401684625,-0.34446160863937747
dcp,3105,83.84407401684622,-2.193306569295625
dcp,3106,137.8750971729758,-45.50884455457529
dcp,3107,135.4048471377962,-48.38467326637385
dcp,3108,83.22989273425449,-24.23832544089973
dcp,3109,2.470250035293319,-0.020228578310224066
dcp,3110,2.4702500352932955,-0.0029961484013085737
dcp,3111,2.4702500352935237,-0.007115089686180909
dcp,3112,2.47025003529316,-0.008237882569773092
dcp,3113,2.470250035293079,-0.007493422070865563
dcp,3114,2.4702500352934673,-0.0022455857671559443
dcp,3115,2.47025003529305,-52.18013948374562
dcp,3116,52.17495440324856,-3.843782924177276
dcp,3117,63.51208425959425,-21.25707661817998
dcp,3118,63.97132926656858,-104.51941104451032
dcp,3119,54.64520443715533,-4.031232796770979
dcp,3120,54.645204437155215,-24.111725648285017
dcp,3121,99.49605059025322,-194.34627887859912
dcp,3122,-6.3126934841851075,-0.11253667964734859
dcp,3123,137.41585216578625,-74.17288132309253
dcp,3124,152.52776112674636,-11.648049855234603
dcp,3125,-15.111908958050691,-38.09573528172734
dcp,3126,0.45924500704313287,-0.0007896319760050119
dcp,3127,-54.18595943186002,-1.6207372461522596
dcp,3128,-54.1859594306131,-6.127678682181283
dcp,3129,48.85942030855741,-322.55471882245183
dcp,3130,105.80874407459896,-349.99341846649617
dcp,3131,146.21506763740385,-350.06731841969565
dcp,3132,7.642477767761134,-0.18643663284683498
dcp,3133,153.8575454049592,-179.64790292603868
dcp,3134,128.5850078617621,-102.36263939199705
dcp,3135,98.16626630641032,-201.1450824396137
dcp,3136,11.700149068712124,-81.05189651126886
dcp,3137,25.2725375428838,-5.10833182854401
dcp,3138,25.27253754292031,-170.64561948324967
dcp,3139,48.85942030855741,-52.50024701991879
dcp,3140,193.65167968466096,-18.750486522345227
dcp,3141,193.6516796846611,-7.237687797625313
dcp,3142,107.23155262277149,-24.733501243341834
dcp,3143,107.23155262218737,-85.99978137718813
dcp,3144,300.88323230666526,-240.4495909476625
dcp,3145,140.2851569306695,-58.70521703585166
dcp,3146,122.160297095411,-5.327560332558733
dcp,3147,18.124859835199132,-18.173203296603447
dcp,3148,124.40172911524623,-4.782019173920617
dcp,3149,68.42611916789613,-6.4753910237963055
dcp,3150,22.7074410282084,-0.26245458992718795
dcp,3151,22.70744102837879,-27.493794085893228
dcp,3152,25.457118066562728,-0.6370477576306257
dcp,3153,124.40172911378069,-14.64009753534765
dcp,3154,63.307868174056395,-2.6973073942565406
dcp,3155,63.3078681763102,-0.9498690230078637
dcp,3156,106.27686927879796,-6.370251940248409
dcp,3157,86.466117237657,-147.91288848621116
dcp,3158,23.15824906413064,-5.164612332268007
dcp,3159,53.73417792713982,-3.6092023468819434
dcp,3160,1.7700276876878327,-0.03216022462584078
dcp,3161,0.2460654570240666,-0.00946234169782656
dcp,3162,-0.679471698566615,-0.0025808012013612824
dcp,3163,1.0905559879595557,-0.19375682359770963
dcp,3164,-2.74967704042153,-0.22004730624996682
dcp,3165,-2.749677040432257,-0.5811928405569233
dcp,3166,-2.7496770404366897,-0.2532615660230704
dcp,3167,-2.749677040160376,-0.004128155208604767
dcp,3168,-2.7496770405108206,2.139342238404879
dcp,3169,144.79225937617258,-84.74510830055942
dcp,3170,104.91464185364563,-12.085776118655986
dcp,3171,127.62208288196082,-5.570289445382741
dcp,3172,52.711488190209806,-4.348354045009728
dcp,3173,1.0226897368817038,-5.749332204504299
dcp,3174,26.295227279845776,-2.0888371516278994
dcp,3175,28.993714954824245,-11.33553963557722
dcp,3176,2.6984876754891545,-0.14754455565798708
dcp,3177,0.7923643439014878,-0.019937653021315782
dcp,3178,50.94146050250943,-1.2819460046755466
dcp,3179,-3.070873101477054,0.06901065442821164
dcp,3180,1.9061233313524018,-0.014769389517368836
dcp,3181,1.9061233315066262,-0.012553072765172146
dcp,3182,1.9061233315386954,-2.102012942934607
dcp,3183,23.837720762445176,-0.8529236336536314
dcp,3184,4.976996432966662,-0.25174252537715347
dcp,3185,4.97699643236048,-0.07299864430831349
dcp,3186,54.012333603916815,-0.9189596371223843
dcp,3187,57.04919180356232,-2.906366984897545
dcp,3188,75.92092689874808,-9.718082320004214
dcp,3189,252.02381199899185,-98.13222280340733
dcp,3190,124.40172911595647,-8.171217229317108
dcp,3191,18.860724329736716,-1.2297479701917382
dcp,3192,-13.059547067126601,0.08713206453410294
dcp,3193,10.022688867671691,-0.009543157753114428
dcp,3194,0.35161578749589106,-3.3751989690244955e-05
dcp,3195,0.35161578590607573,-0.07213974659953237
dcp,3196,1.6673531421663188,-2.445107680745423
dcp,3197,18.871735095180746,-0.3753740743200069
dcp,3198,-3.0368581989664842,-0.004168573489778282
dcp,3199,9.671073083223467,-0.07173724506367307
dcp,3200,1.3157373537895511,-0.0004362535255495459
dcp,3201,5.80117726133344,-0.1116291823169604
dcp,3202,8.355335727882341,-0.028622770401511843
dcp,3203,-4.307656693145564,-0.07066089075624404
dcp,3204,0.4674236672034759,-0.0014151265979762684
dcp,3205,-1.9775012699886858,-0.010554469925295962
dcp,3206,-1.862731758690707,-0.005898608328266164
dcp,3207,-1.8627317585486245,0.15464130292593836
dcp,3208,-3.8402330283175155,-0.8384628420633362
dcp,3209,-3.840233028315784,2.846489205632338
dcp,3210,-1.4176914884005618,-0.0020801938767363026
dcp,3211,-2.422541539297289,-0.006725538805994802
dcp,3212,-1.8851151548492944,0.15465181959370966
dcp,3213,-0.5598097805254332,0.15929716452296816
dcp,3214,5.333753594399627,-0.1614192141003059
dcp,3215,0.9058497461141829,0.006395693117383416
dcp,3216,12.662992421208301,-0.07921358026737835
dcp,3217,1.1060801768733346,-0.002577731944597872
dcp,3218,0.49688601316693326,-0.00019159107102950657
dcp,3219,0.49688601344113265,-0.0006146302208662746
dcp,3220,0.200230431580057,-1.3350711128623516e-05
dcp,3221,0.20023043186840253,-0.9247448297221581
dcp,3222,0.6091941646346013,-0.0006175395702712194
dcp,3223,11.55691224418407,-0.25951139466417317
dcp,3224,6.239603340679654,-0.24469170430108989
dcp,3225,4.740741032846812,-0.06313122314327302
dcp,3226,3.599428901787916,-0.04933602309961316
dcp,3227,1.757720985699181,0.004224911921937746
dcp,3228,6.4984620177563155,-0.010937572226453085
dcp,3229,1.4988623069587874,-0.43999430195117384
dcp,3230,0.6867638719911389,-0.0005056030281593848
dcp,3231,0.8296261287417014,-0.0007378356384606377
dcp,3232,0.8296261287606483,-0.0003565287880746837
dcp,3233,7.957483342362779,-0.42849686892134287
dcp,3234,1.0933144670884785,-0.0022974367990400424
dcp,3235,1.9491675175192897,-0.0036510831049554326
dcp,3236,0.9504522066319244,0.007702988682808609
dcp,3237,0.8296261286009161,-0.002111641546662213
dcp,3238,0.1428622553244181,0.008314512706647292
dcp,3239,0.8120984347979643,-0.0010822458471011487
dcp,3240,1.1195413893253978,-0.002594481949358851
dcp,3241,0.16908918225853597,-3.488120489691937e-05
dcp,3242,6.864168875605082,-0.10719075265262745
dcp,3243,5.479599594133411,-0.06743842230525843
dcp,3244,3.6108271312434717,-0.018253301600452687
dcp,3245,3.0186932173407124,-0.005585967857882679
dcp,3246,3.018693218596463,-0.0053125926000348045
dcp,3247,3.3287820719475913,-6.209190303252399e-05
dcp,3248,6.915044501175249,-0.016353701435036783
dcp,3249,6.915044501233272,-0.009228843207665705
dcp,3250,0.5921339118691437,-0.0024564617225451
dcp,3251,0.5921339118692185,-0.04479493180338068
dcp,3252,0.6430092509435051,-0.2059010458405055
dcp,3253,3.586262428103709,-0.003382516167448557
dcp,3254,1.3845692816040498,-0.00285254375819477
dcp,3255,0.5887500289057935,-0.06886395930735034
dcp,3256,1.868772655666383,-0.0017321863742836285
dcp,3257,1.868772469612096,-0.002545894386003056
dcp,3258,0.3100888543833883,-3.365428415236238e-05
dcp,3259,2.9432531794475723,0.0032867699802636707
dcp,3260,0.7958192537211711,-0.0009607590077393979
dcp,3261,0.7958192534664439,-0.001034225088119456
dcp,3262,0.7958192535027855,-0.0006649946984680355
dcp,3263,0.7958192536129977,-0.09104410752695458
dcp,3264,2.4575227751283704,-0.00651653222735149
dcp,3265,2.4575227751836994,-0.005991102844973284
dcp,3266,2.457522774958721,-0.006166245971371609
dcp,3267,2.45752277470685,-0.0061662459702347405
dcp,3268,8.864212017778572,-0.7598130429114462
dcp,3269,1.9491675170134195,-0.3171921187351927
dcp,3270,17.20438195300263,-0.5718541451993815
dcp,3271,8.3401699358908,-0.030883944944434916
dcp,3272,8.340169935209497,-1.4194094153899641
dcp,3273,0.8444905307804083,-0.003986588194266005
dcp,3274,0.24606545719499426,-0.00021536998019655584
dcp,3275,1.523962231293318,-0.00569112348375711
dcp,3276,17.477533523142842,-2.616911613376473
dcp,3277,7.5650686145119534,-0.20528495389133639
dcp,3278,17.47753352314485,-2.725962324941868
dcp,3279,9.912464908520594,-0.7384993155888928
dcp,3280,20.69500807210233,-0.3186428191736468
dcp,3281,23.032678451169627,-0.843501799849605
dcp,3282,40.88045074270305,-9.761544928344094
dcp,3283,17.84777229176173,-0.15130791349481854
dcp,3284,17.847772291589884,-0.5408859728616022
dcp,3285,17.84777229166442,-0.1513079134931843
dcp,3286,6.915044500548189,-0.08860645834374736
dcp,3287,1.8417079173707507,-0.00451460299836981
dcp,3288,1.8417079168287076,-0.005142102285162764
dcp,3289,1.8417079167410098,0.002944044979017235
dcp,3290,20.313467145607685,-83.95057432698019
dcp,3291,48.85942030855741,-517.9242948438753
dcp,3292,-0.29665558201133563,-0.00018868172162456176
