instance_id,a2_Pa_s2_m6,r_N_s2_m8,method,edge_id,q_m3_s,h_Pa
inst_01_01,-0.8,0.1,loop,1,-3287057.9969051257,0.0
inst_01_01,-0.8,0.1,loop,2,-3287057.9969051257,0.0
inst_01_01,-0.8,0.1,loop,3,3287069.996905126,0.0
inst_01_01,-0.8,0.1,loop,4,4.970562748486013,0.0
inst_01_01,-0.8,0.1,loop,5,4.970562748486013,0.0
inst_01_01,-0.8,0.1,loop,6,12.000000000185333,0.0
inst_01_01,-0.8,0.1,loop,7,7.029437251535407,0.0
inst_01_01,-0.8,0.1,node,1,35.7952776200113,-184.75171369070932
inst_01_01,-0.8,0.1,node,2,35.795277620011305,128.13018998936826
inst_01_01,-0.8,0.1,node,3,-23.7952776200113,-56.62152370134107
inst_01_01,-0.8,0.1,node,4,4.970562748469269,-2.4706494036470374
inst_01_01,-0.8,0.1,node,5,4.970562748478847,-2.4706494036565587
inst_01_01,-0.8,0.1,node,6,12.000000000000002,-14.399999999999999
inst_01_01,-0.8,0.1,node,7,7.0294372515185,-4.941298807303596
inst_01_01,-0.8,0.1,dcp,1,35.795277620026646,-184.75171369023582
inst_01_01,-0.8,0.1,dcp,2,35.79527761998262,128.1301899891625
inst_01_01,-0.8,0.1,dcp,3,-23.795277619955044,-56.621523701073336
inst_01_01,-0.8,0.1,dcp,4,4.970562748484928,-2.4706494036626054
inst_01_01,-0.8,0.1,dcp,5,4.970562748485091,-2.470649403662769
inst_01_01,-0.8,0.1,dcp,6,12.000000000185333,-14.400000000444805
inst_01_01,-0.8,0.1,dcp,7,7.029437251533989,-4.941298807325374
inst_01_02,-0.8,0.12584989506418265,loop,1,-4598644.044068726,0.0
inst_01_02,-0.8,0.12584989506418265,loop,2,-4598644.044068726,0.0
inst_01_02,-0.8,0.12584989506418265,loop,3,4598656.044068726,0.0
inst_01_02,-0.8,0.12584989506418265,loop,4,4.970562748486013,0.0
inst_01_02,-0.8,0.12584989506418265,loop,5,4.970562748486013,0.0
inst_01_02,-0.8,0.12584989506418265,loop,6,12.000000000185333,0.0
inst_01_02,-0.8,0.12584989506418265,loop,7,7.029437251535407,0.0
inst_01_02,-0.8,0.12584989506418265,node,1,34.72622039056517,-216.7627864949667
inst_01_02,-0.8,0.12584989506418265,node,2,34.72622039054951,151.76369510809997
inst_01_02,-0.8,0.12584989506418265,node,3,-22.72622039054951,-64.99909138686674
inst_01_02,-0.8,0.12584989506418265,node,4,4.970562748469267,-3.1093096818936488
inst_01_02,-0.8,0.12584989506418265,node,5,4.970562748478849,-3.1093096819056285
inst_01_02,-0.8,0.12584989506418265,node,6,11.999999999999998,-18.122384889242298
inst_01_02,-0.8,0.12584989506418265,node,7,7.0294372515185,-6.218619363799277
inst_01_02,-0.8,0.12584989506418265,dcp,1,34.7262203942061,-216.7627863892537
inst_01_02,-0.8,0.12584989506418265,dcp,2,34.72622039420886,151.7636949818995
inst_01_02,-0.8,0.12584989506418265,dcp,3,-22.726220394131122,-64.99909140735421
inst_01_02,-0.8,0.12584989506418265,dcp,4,4.970562748506442,-3.109309681940161
inst_01_02,-0.8,0.12584989506418265,dcp,5,4.970562748478599,-3.10930968190533
inst_01_02,-0.8,0.12584989506418265,dcp,6,12.000000000185333,-18.122384889802078
inst_01_02,-0.8,0.12584989506418265,dcp,7,7.0294372515446115,-6.218619363845491
inst_01_03,-0.8,0.15838196087665787,loop,1,-4456880.5777150635,0.0
inst_01_03,-0.8,0.15838196087665787,loop,2,-4456880.5777150635,0.0
inst_01_03,-0.8,0.15838196087665787,loop,3,4456892.5777150635,0.0
inst_01_03,-0.8,0.15838196087665787,loop,4,4.970562748486013,0.0
inst_01_03,-0.8,0.15838196087665787,loop,5,4.970562748486013,0.0
inst_01_03,-0.8,0.15838196087665787,loop,6,12.000000000185333,0.0
inst_01_03,-0.8,0.15838196087665787,loop,7,7.029437251535407,0.0
inst_01_03,-0.8,0.15838196087665787,node,1,33.502958458919,-251.0077620925257
inst_01_03,-0.8,0.15838196087665787,node,2,33.502958458790644,177.77555093136522
inst_01_03,-0.8,0.15838196087665787,node,3,-21.502958458790644,-73.23221116116049
inst_01_03,-0.8,0.15838196087665787,node,4,4.97056274846927,-3.913062971883633
inst_01_03,-0.8,0.15838196087665787,node,5,4.970562748478846,-3.913062971898711
inst_01_03,-0.8,0.15838196087665787,node,6,12.0,-22.807002366238734
inst_01_03,-0.8,0.15838196087665787,node,7,7.0294372515185,-7.826125943782344
inst_01_03,-0.8,0.15838196087665787,dcp,1,33.50295846068019,-251.00776204505263
inst_01_03,-0.8,0.15838196087665787,dcp,2,33.50295846069445,177.77555087075189
inst_01_03,-0.8,0.15838196087665787,dcp,3,-21.50295846071981,-73.23221117430076
inst_01_03,-0.8,0.15838196087665787,dcp,4,4.970562748494502,-3.9130629719233667
inst_01_03,-0.8,0.15838196087665787,dcp,5,4.970562748494605,-3.913062971923523
inst_01_03,-0.8,0.15838196087665787,dcp,6,12.00000000018533,-22.80700236694321
inst_01_03,-0.8,0.15838196087665787,dcp,7,7.029437251547486,-7.82612594384689
inst_01_04,-0.8,0.19932353156386884,loop,1,-5071753.4069378795,0.0
inst_01_04,-0.8,0.19932353156386884,loop,2,-5071753.4069378795,0.0
inst_01_04,-0.8,0.19932353156386884,loop,3,5071765.4069378795,0.0
inst_01_04,-0.8,0.19932353156386884,loop,4,4.970562748486013,0.0
inst_01_04,-0.8,0.19932353156386884,loop,5,4.970562748486013,0.0
inst_01_04,-0.8,0.19932353156386884,loop,6,12.000000000185333,0.0
inst_01_04,-0.8,0.19932353156386884,loop,7,7.029437251535407,0.0
inst_01_04,-0.8,0.19932353156386884,node,1,32.12725714321674,-286.4811604820867
inst_01_04,-0.8,0.19932353156386884,node,2,32.12725714321348,205.733906207345
inst_01_04,-0.8,0.19932353156386884,node,3,-20.127257143213484,-80.74725427474169
inst_01_04,-0.8,0.19932353156386884,node,4,4.9705627483902814,-4.924585643754426
inst_01_04,-0.8,0.19932353156386884,node,5,4.970562748495972,-4.924585643963852
inst_01_04,-0.8,0.19932353156386884,node,6,12.000000000000002,-28.702588545197116
inst_01_04,-0.8,0.19932353156386884,node,7,7.029437251474756,-9.849171287718278
inst_01_04,-0.8,0.19932353156386884,dcp,1,32.12725714388487,-286.48116046563985
inst_01_04,-0.8,0.19932353156386884,dcp,2,32.12725714388679,205.7339061857683
inst_01_04,-0.8,0.19932353156386884,dcp,3,-20.127257143852827,-80.74725427987156
inst_01_04,-0.8,0.19932353156386884,dcp,4,4.970562748489779,-4.924585643951573
inst_01_04,-0.8,0.19932353156386884,dcp,5,4.97056274848986,-4.924585643951744
inst_01_04,-0.8,0.19932353156386884,dcp,6,12.000000000185336,-28.702588546083717
inst_01_04,-0.8,0.19932353156386884,dcp,7,7.029437251540789,-9.849171287903317
inst_01_05,-0.8,0.2508484553113519,loop,1,-4219065.295376077,0.0
inst_01_05,-0.8,0.2508484553113519,loop,2,-4219065.295376077,0.0
inst_01_05,-0.8,0.2508484553113519,loop,3,4219077.295376077,0.0
inst_01_05,-0.8,0.2508484553113519,loop,4,4.970562748486014,0.0
inst_01_05,-0.8,0.2508484553113519,loop,5,4.970562748486014,0.0
inst_01_05,-0.8,0.2508484553113519,loop,6,12.000000000185333,0.0
inst_01_05,-0.8,0.2508484553113519,loop,7,7.029437251535407,0.0
inst_01_05,-0.8,0.2508484553113519,node,1,30.609119155711543,-321.8931255060811
inst_01_05,-0.8,0.2508484553113519,node,2,30.609119155711873,235.02447707444358
inst_01_05,-0.8,0.2508484553113519,node,3,-18.609119155711873,-86.86864843163752
inst_01_05,-0.8,0.2508484553113519,node,4,4.970562748390277,-6.197585865010737
inst_01_05,-0.8,0.2508484553113519,node,5,4.970562748495976,-6.19758586527432
inst_01_05,-0.8,0.2508484553113519,node,6,12.0,-36.12217756483466
inst_01_05,-0.8,0.2508484553113519,node,7,7.029437251474756,-12.395171730285057
inst_01_05,-0.8,0.2508484553113519,dcp,1,30.60911915585747,-321.8931255028655
inst_01_05,-0.8,0.2508484553113519,dcp,2,30.60911915583823,235.02447707003822
inst_01_05,-0.8,0.2508484553113519,dcp,3,-18.609119155839306,-86.86864843282726
inst_01_05,-0.8,0.2508484553113519,dcp,4,4.970562748482872,-6.197585865241649
inst_01_05,-0.8,0.2508484553113519,dcp,5,4.970562748482937,-6.197585865241805
inst_01_05,-0.8,0.2508484553113519,dcp,6,12.000000000185333,-36.12217756595045
inst_01_05,-0.8,0.2508484553113519,dcp,7,7.029437251531011,-12.395171730483455
inst_01_06,-0.8,0.31569251777945956,loop,1,-58233297.48555804,0.0
inst_01_06,-0.8,0.31569251777945956,loop,2,-58233297.48555804,0.0
inst_01_06,-0.8,0.31569251777945956,loop,3,58233309.48555804,0.0
inst_01_06,-0.8,0.31569251777945956,loop,4,4.970562748486013,0.0
inst_01_06,-0.8,0.31569251777945956,loop,5,4.970562748486013,0.0
inst_01_06,-0.8,0.31569251777945956,loop,6,12.000000000185333,0.0
inst_01_06,-0.8,0.31569251777945956,loop,7,7.029437251535407,0.0
inst_01_06,-0.8,0.31569251777945956,node,1,-39.885147223604434,0.0
inst_01_06,-0.8,0.31569251777945956,node,2,28.974716735560204,0.0
inst_01_06,-0.8,0.31569251777945956,node,3,-16.94185832441077,0.0
inst_01_06,-0.8,0.31569251777945956,node,4,4.881850665422111,0.0
inst_01_06,-0.8,0.31569251777945956,node,5,4.992761909573888,0.0
inst_01_06,-0.8,0.31569251777945956,node,6,12.0,0.0
inst_01_06,-0.8,0.31569251777945956,node,7,6.982845938811353,0.0
inst_01_06,-0.8,0.31569251777945956,dcp,1,28.96723181406162,-355.78151329770236
inst_01_06,-0.8,0.31569251777945956,dcp,2,28.967231814034612,264.89775550242337
inst_01_06,-0.8,0.31569251777945956,dcp,3,-16.967231813973385,-90.88375779527897
inst_01_06,-0.8,0.31569251777945956,dcp,4,4.97056274849354,-7.799655307952705
inst_01_06,-0.8,0.31569251777945956,dcp,5,4.970562748493591,-7.799655307952861
inst_01_06,-0.8,0.31569251777945956,dcp,6,12.000000000185333,-45.45972256164636
inst_01_06,-0.8,0.31569251777945956,dcp,7,7.029437251546088,-15.599310615905566
inst_01_07,-0.8,0.3972987023509261,loop,1,27.228145541471314,-386.6782430607269
inst_01_07,-0.8,0.3972987023509261,loop,2,27.228145541471314,294.54609765317525
inst_01_07,-0.8,0.3972987023509261,loop,3,-15.228145541449486,-92.13214540755163
inst_01_07,-0.8,0.3972987023509261,loop,4,4.970562748486013,-9.815858020396703
inst_01_07,-0.8,0.3972987023509261,loop,5,4.970562748486013,-9.815858020396703
inst_01_07,-0.8,0.3972987023509261,loop,6,12.000000000185333,-57.21101314030054
inst_01_07,-0.8,0.3972987023509261,loop,7,7.029437251535406,-19.631716040793407
inst_01_07,-0.8,0.3972987023509261,node,1,27.228145541440515,-386.67824306122844
inst_01_07,-0.8,0.3972987023509261,node,2,27.228145541440522,294.5460976537853
inst_01_07,-0.8,0.3972987023509261,node,3,-15.228145541440522,-92.13214540744318
inst_01_07,-0.8,0.3972987023509261,node,4,4.970562156686872,-9.81585568302917
inst_01_07,-0.8,0.3972987023509261,node,5,4.970562876854586,-9.81585852740075
inst_01_07,-0.8,0.3972987023509261,node,6,12.0,-57.21101313853336
inst_01_07,-0.8,0.3972987023509261,node,7,7.029436923840528,-19.63171421042992
inst_01_07,-0.8,0.3972987023509261,dcp,1,27.22814554145855,-386.6782430609347
inst_01_07,-0.8,0.3972987023509261,dcp,2,27.228145541459053,294.54609765416467
inst_01_07,-0.8,0.3972987023509261,dcp,3,-15.228145541384889,-92.13214540677
inst_01_07,-0.8,0.3972987023509261,dcp,4,4.97056274853537,-9.815858020591648
inst_01_07,-0.8,0.3972987023509261,dcp,5,4.970562748463955,-9.815858020309577
inst_01_07,-0.8,0.3972987023509261,dcp,6,12.000000000185333,-57.21101314030054
inst_01_07,-0.8,0.3972987023509261,dcp,7,7.029437251554709,-19.631716040901225
inst_01_08,-0.8,0.5,loop,1,25.4241039851177,-413.2958156243649
inst_01_08,-0.8,0.5,loop,2,25.4241039851177,323.1925317230259
inst_01_08,-0.8,0.5,loop,3,-13.42410398509628,-90.10328390133893
inst_01_08,-0.8,0.5,loop,4,4.970562748486013,-12.353247018318413
inst_01_08,-0.8,0.5,loop,5,4.970562748486013,-12.353247018318413
inst_01_08,-0.8,0.5,loop,6,12.000000000185333,-72.000000002224
inst_01_08,-0.8,0.5,loop,7,7.029437251535406,-24.706494036636826
inst_01_08,-0.8,0.5,node,1,25.424103985022295,-413.2958156256263
inst_01_08,-0.8,0.5,node,2,25.424103985122528,323.192531723935
inst_01_08,-0.8,0.5,node,3,-13.424103985122528,-90.10328390169127
inst_01_08,-0.8,0.5,node,4,4.970562710166502,-12.353246827848878
inst_01_08,-0.8,0.5,node,5,4.970562756785862,-12.353247059573334
inst_01_08,-0.8,0.5,node,6,12.0,-71.99999999999999
inst_01_08,-0.8,0.5,node,7,7.0294372303083,-24.706493887422212
inst_01_08,-0.8,0.5,dcp,1,25.424103985118208,-413.2958156243581
inst_01_08,-0.8,0.5,dcp,2,25.42410398512493,323.19253172322254
inst_01_08,-0.8,0.5,dcp,3,-13.424103985081134,-90.10328390113558
inst_01_08,-0.8,0.5,dcp,4,4.970562748479268,-12.35324701828489
inst_01_08,-0.8,0.5,dcp,5,4.970562748479268,-12.35324701828489
inst_01_08,-0.8,0.5,dcp,6,12.000000000185333,-72.00000000222398
inst_01_08,-0.8,0.5,dcp,7,7.029437251525869,-24.70649403656978
inst_02_01,-0.75,0.1,loop,1,-3509163.1191993463,0.0
inst_02_01,-0.75,0.1,loop,2,-3509163.1191993463,0.0
inst_02_01,-0.75,0.1,loop,3,3509175.1191993463,0.0
inst_02_01,-0.75,0.1,loop,4,4.970562748486013,0.0
inst_02_01,-0.75,0.1,loop,5,4.970562748486013,0.0
inst_02_01,-0.75,0.1,loop,6,12.000000000185333,0.0
inst_02_01,-0.75,0.1,loop,7,7.029437251535407,0.0
inst_02_01,-0.75,0.1,node,1,37.36695537860859,-203.9771779447175
inst_02_01,-0.75,0.1,node,2,37.366955378608445,139.62893542668633
inst_02_01,-0.75,0.1,node,3,-25.36695537860844,-64.34824251803117
inst_02_01,-0.75,0.1,node,4,4.970562748469276,-2.4706494036470446
inst_02_01,-0.75,0.1,node,5,4.970562748478847,-2.470649403656566
inst_02_01,-0.75,0.1,node,6,12.000000000000002,-14.400000000000006
inst_02_01,-0.75,0.1,node,7,7.029437251518505,-4.94129880730361
inst_02_01,-0.75,0.1,dcp,1,37.36695538664515,-203.9771777053312
inst_02_01,-0.75,0.1,dcp,2,37.366955386621804,139.62893514690379
inst_02_01,-0.75,0.1,dcp,3,-25.366955386570815,-64.34824255842742
inst_02_01,-0.75,0.1,dcp,4,4.970562748474687,-2.4706494036524305
inst_02_01,-0.75,0.1,dcp,5,4.970562748510051,-2.470649403687574
inst_02_01,-0.75,0.1,dcp,6,12.000000000185334,-14.400000000444805
inst_02_01,-0.75,0.1,dcp,7,7.029437251544396,-4.941298807340004
inst_02_02,-0.75,0.12584989506418265,loop,1,-2611048.5485826596,0.0
inst_02_02,-0.75,0.12584989506418265,loop,2,-2611048.5485826596,0.0
inst_02_02,-0.75,0.12584989506418265,loop,3,2611060.5485826596,0.0
inst_02_02,-0.75,0.12584989506418265,loop,4,4.970562748486014,0.0
inst_02_02,-0.75,0.12584989506418265,loop,5,4.970562748486014,0.0
inst_02_02,-0.75,0.12584989506418265,loop,6,12.000000000185333,0.0
inst_02_02,-0.75,0.12584989506418265,loop,7,7.029437251535406,0.0
inst_02_02,-0.75,0.12584989506418265,node,1,36.177413141735016,-238.27821694982535
inst_02_02,-0.75,0.12584989506418265,node,2,36.17741314173311,164.71299980122643
inst_02_02,-0.75,0.12584989506418265,node,3,-24.177413141733112,-73.5652171485989
inst_02_02,-0.75,0.12584989506418265,node,4,4.970562748469279,-3.109309681893663
inst_02_02,-0.75,0.12584989506418265,node,5,4.970562748478843,-3.1093096819056285
inst_02_02,-0.75,0.12584989506418265,node,6,12.000000000000002,-18.122384889242312
inst_02_02,-0.75,0.12584989506418265,node,7,7.0294372515185035,-6.2186193637992915
inst_02_02,-0.75,0.12584989506418265,dcp,1,36.17741314698208,-238.27821680351676
inst_02_02,-0.75,0.12584989506418265,dcp,2,36.17741314700695,164.71299962344952
inst_02_02,-0.75,0.12584989506418265,dcp,3,-24.17741314690419,-73.56521718006724
inst_02_02,-0.75,0.12584989506418265,dcp,4,4.970562748514839,-3.1093096819506627
inst_02_02,-0.75,0.12584989506418265,dcp,5,4.970562748458509,-3.109309681880191
inst_02_02,-0.75,0.12584989506418265,dcp,6,12.000000000185333,-18.122384889802078
inst_02_02,-0.75,0.12584989506418265,dcp,7,7.029437251536341,-6.218619363830854
inst_02_03,-0.75,0.15838196087665787,loop,1,-5281127.641034485,0.0
inst_02_03,-0.75,0.15838196087665787,loop,2,-5281127.641034485,0.0
inst_02_03,-0.75,0.15838196087665787,loop,3,5281139.641034485,0.0
inst_02_03,-0.75,0.15838196087665787,loop,4,4.970562748486013,0.0
inst_02_03,-0.75,0.15838196087665787,loop,5,4.970562748486013,0.0
inst_02_03,-0.75,0.15838196087665787,loop,6,12.000000000185333,0.0
inst_02_03,-0.75,0.15838196087665787,loop,7,7.029437251535407,0.0
inst_02_03,-0.75,0.15838196087665787,node,1,34.823385469480414,-274.5670236395967
inst_02_03,-0.75,0.15838196087665787,node,2,34.82338546946694,192.0647635366543
inst_02_03,-0.75,0.15838196087665787,node,3,-22.823385469466945,-82.50226010294239
inst_02_03,-0.75,0.15838196087665787,node,4,4.97056274846927,-3.913062971883633
inst_02_03,-0.75,0.15838196087665787,node,5,4.970562748478846,-3.913062971898711
inst_02_03,-0.75,0.15838196087665787,node,6,12.0,-22.807002366238734
inst_02_03,-0.75,0.15838196087665787,node,7,7.0294372515185,-7.826125943782344
inst_02_03,-0.75,0.15838196087665787,dcp,1,34.82338547184954,-274.567023578669
inst_02_03,-0.75,0.15838196087665787,dcp,2,34.82338547181321,192.06476345819104
inst_02_03,-0.75,0.15838196087665787,dcp,3,-22.823385471892465,-82.50226012047798
inst_02_03,-0.75,0.15838196087665787,dcp,4,4.970562748481364,-3.9130629719026757
inst_02_03,-0.75,0.15838196087665787,dcp,5,4.97056274852633,-3.913062971973474
inst_02_03,-0.75,0.15838196087665787,dcp,6,12.00000000018533,-22.80700236694321
inst_02_03,-0.75,0.15838196087665787,dcp,7,7.029437251560627,-7.82612594387615
inst_02_04,-0.75,0.19932353156386884,loop,1,-3394579.8113563433,0.0
inst_02_04,-0.75,0.19932353156386884,loop,2,-3394579.8113563433,0.0
inst_02_04,-0.75,0.19932353156386884,loop,3,3394591.8113563433,0.0
inst_02_04,-0.75,0.19932353156386884,loop,4,4.970562748486013,0.0
inst_02_04,-0.75,0.19932353156386884,loop,5,4.970562748486013,0.0
inst_02_04,-0.75,0.19932353156386884,loop,6,12.000000000185333,0.0
inst_02_04,-0.75,0.19932353156386884,loop,7,7.029437251535407,0.0
inst_02_04,-0.75,0.19932353156386884,node,1,33.309521958351354,-311.6662562754278
inst_02_04,-0.75,0.19932353156386884,node,2,33.309521958351006,221.15429248242341
inst_02_04,-0.75,0.19932353156386884,node,3,-21.309521958351,-90.51196379300441
inst_02_04,-0.75,0.19932353156386884,node,4,4.970562748390274,-4.924585643754412
inst_02_04,-0.75,0.19932353156386884,node,5,4.970562748495979,-4.924585643963866
inst_02_04,-0.75,0.19932353156386884,node,6,11.999999999999998,-28.702588545197116
inst_02_04,-0.75,0.19932353156386884,node,7,7.029437251474756,-9.849171287718278
inst_02_04,-0.75,0.19932353156386884,dcp,1,33.30952195903712,-311.6662562594526
inst_02_04,-0.75,0.19932353156386884,dcp,2,33.30952195908065,221.1542924608966
inst_02_04,-0.75,0.19932353156386884,dcp,3,-21.309521959004513,-90.51196379855598
inst_02_04,-0.75,0.19932353156386884,dcp,4,4.970562748525426,-4.9245856440222155
inst_02_04,-0.75,0.19932353156386884,dcp,5,4.9705627484542125,-4.924585643881102
inst_02_04,-0.75,0.19932353156386884,dcp,6,12.000000000185333,-28.702588546083703
inst_02_04,-0.75,0.19932353156386884,dcp,7,7.029437251540789,-9.849171287903317
inst_02_05,-0.75,0.2508484553113519,loop,1,-16423385.06828769,0.0
inst_02_05,-0.75,0.2508484553113519,loop,2,-16423385.06828769,0.0
inst_02_05,-0.75,0.2508484553113519,loop,3,16423397.06828769,0.0
inst_02_05,-0.75,0.2508484553113519,loop,4,4.970562748486014,0.0
inst_02_05,-0.75,0.2508484553113519,loop,5,4.970562748486014,0.0
inst_02_05,-0.75,0.2508484553113519,loop,6,12.000000000185333,0.0
inst_02_05,-0.75,0.2508484553113519,loop,7,7.029437251535407,0.0
inst_02_05,-0.75,0.2508484553113519,node,1,31.64963829886129,-348.1294654068407
inst_02_05,-0.75,0.2508484553113519,node,2,31.64963829888284,251.27479846223656
inst_02_05,-0.75,0.2508484553113519,node,3,-19.649638298880117,-96.85466694460416
inst_02_05,-0.75,0.2508484553113519,node,4,4.970562716359966,-6.197585785136241
inst_02_05,-0.75,0.2508484553113519,node,5,4.970562741048594,-6.197585846702665
inst_02_05,-0.75,0.2508484553113519,node,6,11.999999999999973,-36.122177564834516
inst_02_05,-0.75,0.2508484553113519,node,7,7.029437223559812,-12.395171631838906
inst_02_05,-0.75,0.2508484553113519,dcp,1,31.649638298993132,-348.12946540411957
inst_02_05,-0.75,0.2508484553113519,dcp,2,31.649638298977052,251.27479845857857
inst_02_05,-0.75,0.2508484553113519,dcp,3,-19.649638298975148,-96.854666945541
inst_02_05,-0.75,0.2508484553113519,dcp,4,4.970562748494672,-6.197585865271066
inst_02_05,-0.75,0.2508484553113519,dcp,5,4.970562748494672,-6.197585865271066
inst_02_05,-0.75,0.2508484553113519,dcp,6,12.00000000018533,-36.12217756595044
inst_02_05,-0.75,0.2508484553113519,dcp,7,7.029437251547652,-12.395171730542131
inst_02_06,-0.75,0.31569251777945956,loop,1,-1126553017.5983644,0.0
inst_02_06,-0.75,0.31569251777945956,loop,2,-1126553017.5983644,0.0
inst_02_06,-0.75,0.31569251777945956,loop,3,1126553029.5983644,0.0
inst_02_06,-0.75,0.31569251777945956,loop,4,4.970562748486013,0.0
inst_02_06,-0.75,0.31569251777945956,loop,5,4.970562748486013,0.0
inst_02_06,-0.75,0.31569251777945956,loop,6,12.000000000185333,0.0
inst_02_06,-0.75,0.31569251777945956,loop,7,7.029437251535407,0.0
inst_02_06,-0.75,0.31569251777945956,node,1,29.866828912267547,-382.3828919482979
inst_02_06,-0.75,0.31569251777945956,node,2,29.866828912265323,281.60639770345415
inst_02_06,-0.75,0.31569251777945956,node,3,-17.86682891213412,-100.77649424484376
inst_02_06,-0.75,0.31569251777945956,node,4,4.970562719088964,-7.79965521567118
inst_02_06,-0.75,0.31569251777945956,node,5,4.970562754850336,-7.799655327902485
inst_02_06,-0.75,0.31569251777945956,node,6,12.000000000000002,-45.459722560242184
inst_02_06,-0.75,0.31569251777945956,node,7,7.02943723524881,-15.599310543573665
inst_02_06,-0.75,0.31569251777945956,dcp,1,29.866828912281246,-382.3828919480543
inst_02_06,-0.75,0.31569251777945956,dcp,2,29.866828912225923,281.6063977025866
inst_02_06,-0.75,0.31569251777945956,dcp,3,-17.86682891218943,-100.77649424546769
inst_02_06,-0.75,0.31569251777945956,dcp,4,4.970562748493489,-7.799655307952548
inst_02_06,-0.75,0.31569251777945956,dcp,5,4.97056274849359,-7.799655307952861
inst_02_06,-0.75,0.31569251777945956,dcp,6,12.000000000185333,-45.45972256164637
inst_02_06,-0.75,0.31569251777945956,dcp,7,7.029437251546051,-15.59931061590541
inst_02_07,-0.75,0.3972987023509261,loop,1,27.992147692590816,-412.91616482267057
inst_02_07,-0.75,0.3972987023509261,loop,2,27.992147692590816,311.30750329358335
inst_02_07,-0.75,0.3972987023509261,loop,3,-15.992147692569425,-101.6086615290872
inst_02_07,-0.75,0.3972987023509261,loop,4,4.970562748486013,-9.815858020396703
inst_02_07,-0.75,0.3972987023509261,loop,5,4.970562748486013,-9.815858020396703
inst_02_07,-0.75,0.3972987023509261,loop,6,12.000000000185333,-57.21101314030055
inst_02_07,-0.75,0.3972987023509261,loop,7,7.029437251535406,-19.631716040793407
inst_02_07,-0.75,0.3972987023509261,node,1,27.992147692585245,-412.916164822753
inst_02_07,-0.75,0.3972987023509261,node,2,27.99214769258524,311.30750329346483
inst_02_07,-0.75,0.3972987023509261,node,3,-15.99214769258524,-101.60866152928817
inst_02_07,-0.75,0.3972987023509261,node,4,4.970562734779907,-9.815857966263124
inst_02_07,-0.75,0.3972987023509261,node,5,4.970562751447566,-9.815858032093644
inst_02_07,-0.75,0.3972987023509261,node,6,12.0,-57.21101313853336
inst_02_07,-0.75,0.3972987023509261,node,7,7.029437243937861,-19.631715998356768
inst_02_07,-0.75,0.3972987023509261,dcp,1,27.99214769260533,-412.916164822456
inst_02_07,-0.75,0.3972987023509261,dcp,2,27.992147692604433,311.307503293884
inst_02_07,-0.75,0.3972987023509261,dcp,3,-15.992147692528878,-101.60866152857196
inst_02_07,-0.75,0.3972987023509261,dcp,4,4.970562748535411,-9.815858020591804
inst_02_07,-0.75,0.3972987023509261,dcp,5,4.970562748463914,-9.81585802030942
inst_02_07,-0.75,0.3972987023509261,dcp,6,12.000000000185333,-57.21101314030052
inst_02_07,-0.75,0.3972987023509261,dcp,7,7.029437251554709,-19.631716040901225
inst_02_08,-0.75,0.5,loop,1,26.061881921133935,-438.47910621711577
inst_02_08,-0.75,0.5,loop,2,26.061881921133935,339.61084463546007
inst_02_08,-0.75,0.5,loop,3,-14.061881921112528,-98.86826158165569
inst_02_08,-0.75,0.5,loop,4,4.970562748486013,-12.353247018318413
inst_02_08,-0.75,0.5,loop,5,4.970562748486013,-12.353247018318413
inst_02_08,-0.75,0.5,loop,6,12.000000000185333,-72.00000000222398
inst_02_08,-0.75,0.5,loop,7,7.029437251535406,-24.706494036636826
inst_02_08,-0.75,0.5,node,1,26.06188192112613,-438.47910621720706
inst_02_08,-0.75,0.5,node,2,26.061881921126123,339.6108446353602
inst_02_08,-0.75,0.5,node,3,-14.061881921126123,-98.86826158184685
inst_02_08,-0.75,0.5,node,4,4.970562747330032,-12.353247012572538
inst_02_08,-0.75,0.5,node,5,4.9705627487258885,-12.353247019510732
inst_02_08,-0.75,0.5,node,6,12.0,-71.99999999999999
inst_02_08,-0.75,0.5,node,7,7.029437250887623,-24.70649403208327
inst_02_08,-0.75,0.5,dcp,1,26.061881921148526,-438.479106216945
inst_02_08,-0.75,0.5,dcp,2,26.06188192112443,339.6108446353163
inst_02_08,-0.75,0.5,dcp,3,-14.06188192111061,-98.8682615816287
inst_02_08,-0.75,0.5,dcp,4,4.970562748439073,-12.3532470180851
inst_02_08,-0.75,0.5,dcp,5,4.970562748495981,-12.353247018367952
inst_02_08,-0.75,0.5,dcp,6,12.000000000185333,-72.000000002224
inst_02_08,-0.75,0.5,dcp,7,7.029437251509263,-24.70649403645305
inst_03_01,-0.7000000000000001,0.1,loop,1,-3947250.597102294,0.0
inst_03_01,-0.7000000000000001,0.1,loop,2,-3947250.597102294,0.0
inst_03_01,-0.7000000000000001,0.1,loop,3,3947262.597102294,0.0
inst_03_01,-0.7000000000000001,0.1,loop,4,4.970562748486013,0.0
inst_03_01,-0.7000000000000001,0.1,loop,5,4.970562748486013,0.0
inst_03_01,-0.7000000000000001,0.1,loop,6,12.000000000185333,0.0
inst_03_01,-0.7000000000000001,0.1,loop,7,7.029437251535407,0.0
inst_03_01,-0.7000000000000001,0.1,node,1,39.101682915001376,-226.3442823610585
inst_03_01,-0.7000000000000001,0.1,node,2,39.10168291500136,152.8941606785308
inst_03_01,-0.7000000000000001,0.1,node,3,-27.101682915001366,-73.4501216825277
inst_03_01,-0.7000000000000001,0.1,node,4,4.970562748469276,-2.4706494036470446
inst_03_01,-0.7000000000000001,0.1,node,5,4.97056274847884,-2.4706494036565516
inst_03_01,-0.7000000000000001,0.1,node,6,12.000000000000002,-14.400000000000006
inst_03_01,-0.7000000000000001,0.1,node,7,7.0294372515185,-4.941298807303596
inst_03_01,-0.7000000000000001,0.1,dcp,1,39.10168292782149,-226.34428199372957
inst_03_01,-0.7000000000000001,0.1,dcp,2,39.10168292778365,152.8941602421322
inst_03_01,-0.7000000000000001,0.1,dcp,3,-27.101682927744058,-73.45012175159738
inst_03_01,-0.7000000000000001,0.1,dcp,4,4.97056274849981,-2.470649403677399
inst_03_01,-0.7000000000000001,0.1,dcp,5,4.97056274849981,-2.470649403677399
inst_03_01,-0.7000000000000001,0.1,dcp,6,12.00000000018533,-14.400000000444791
inst_03_01,-0.7000000000000001,0.1,dcp,7,7.029437251554918,-4.941298807354798
inst_03_02,-0.7000000000000001,0.12584989506418265,loop,1,-4219587.8437642865,0.0
inst_03_02,-0.7000000000000001,0.12584989506418265,loop,2,-4219587.8437642865,0.0
inst_03_02,-0.7000000000000001,0.12584989506418265,loop,3,4219599.8437642865,0.0
inst_03_02,-0.7000000000000001,0.12584989506418265,loop,4,4.970562748486013,0.0
inst_03_02,-0.7000000000000001,0.12584989506418265,loop,5,4.970562748486013,0.0
inst_03_02,-0.7000000000000001,0.12584989506418265,loop,6,12.000000000185333,0.0
inst_03_02,-0.7000000000000001,0.12584989506418265,loop,7,7.029437251535407,0.0
inst_03_02,-0.7000000000000001,0.12584989506418265,node,1,37.77141276143912,-263.1326663469189
inst_03_02,-0.7000000000000001,0.12584989506418265,node,2,37.771412761438945,179.54748071827143
inst_03_02,-0.7000000000000001,0.12584989506418265,node,3,-25.77141276143895,-83.58518562864745
inst_03_02,-0.7000000000000001,0.12584989506418265,node,4,4.970562748469267,-3.1093096818936488
inst_03_02,-0.7000000000000001,0.12584989506418265,node,5,4.970562748478843,-3.1093096819056285
inst_03_02,-0.7000000000000001,0.12584989506418265,node,6,12.000000000000002,-18.122384889242312
inst_03_02,-0.7000000000000001,0.12584989506418265,node,7,7.0294372515184955,-6.218619363799277
inst_03_02,-0.7000000000000001,0.12584989506418265,dcp,1,37.77141276873328,-263.13266615247767
inst_03_02,-0.7000000000000001,0.12584989506418265,dcp,2,37.77141276871983,179.54748047704103
inst_03_02,-0.7000000000000001,0.12584989506418265,dcp,3,-25.77141276865209,-83.58518567543663
inst_03_02,-0.7000000000000001,0.12584989506418265,dcp,4,4.970562748514839,-3.1093096819506627
inst_03_02,-0.7000000000000001,0.12584989506418265,dcp,5,4.970562748458509,-3.109309681880191
inst_03_02,-0.7000000000000001,0.12584989506418265,dcp,6,12.000000000185333,-18.122384889802078
inst_03_02,-0.7000000000000001,0.12584989506418265,dcp,7,7.029437251536341,-6.218619363830854
inst_03_03,-0.7000000000000001,0.15838196087665787,loop,1,-4245117.304056429,0.0
inst_03_03,-0.7000000000000001,0.15838196087665787,loop,2,-4245117.304056429,0.0
inst_03_03,-0.7000000000000001,0.15838196087665787,loop,3,4245129.304056429,0.0
inst_03_03,-0.7000000000000001,0.15838196087665787,loop,4,4.970562748486014,0.0
inst_03_03,-0.7000000000000001,0.15838196087665787,loop,5,4.970562748486014,0.0
inst_03_03,-0.7000000000000001,0.15838196087665787,loop,6,12.000000000185333,0.0
inst_03_03,-0.7000000000000001,0.15838196087665787,loop,7,7.029437251535406,0.0
inst_03_03,-0.7000000000000001,0.15838196087665787,node,1,36.26586085714258,-301.5663279320577
inst_03_03,-0.7000000000000001,0.15838196087665787,node,2,36.2658608571418,208.30596064810445
inst_03_03,-0.7000000000000001,0.15838196087665787,node,3,-24.265860857141806,-93.26036728395323
inst_03_03,-0.7000000000000001,0.15838196087665787,node,4,4.97056274846927,-3.913062971883633
inst_03_03,-0.7000000000000001,0.15838196087665787,node,5,4.970562748478846,-3.913062971898711
inst_03_03,-0.7000000000000001,0.15838196087665787,node,6,12.0,-22.807002366238734
inst_03_03,-0.7000000000000001,0.15838196087665787,node,7,7.0294372515185,-7.826125943782344
inst_03_03,-0.7000000000000001,0.15838196087665787,dcp,1,36.2658608599411,-301.56632786377713
inst_03_03,-0.7000000000000001,0.15838196087665787,dcp,2,36.26586085996324,208.30596055794825
inst_03_03,-0.7000000000000001,0.15838196087665787,dcp,3,-24.26586085998777,-93.2603673058289
inst_03_03,-0.7000000000000001,0.15838196087665787,dcp,4,4.970562748494502,-3.9130629719233667
inst_03_03,-0.7000000000000001,0.15838196087665787,dcp,5,4.970562748494605,-3.913062971923523
inst_03_03,-0.7000000000000001,0.15838196087665787,dcp,6,12.00000000018533,-22.80700236694321
inst_03_03,-0.7000000000000001,0.15838196087665787,dcp,7,7.029437251547486,-7.82612594384689
inst_03_04,-0.7000000000000001,0.19932353156386884,loop,1,-4544402.574473888,0.0
inst_03_04,-0.7000000000000001,0.19932353156386884,loop,2,-4544402.574473888,0.0
inst_03_04,-0.7000000000000001,0.19932353156386884,loop,3,4544414.574473888,0.0
inst_03_04,-0.7000000000000001,0.19932353156386884,loop,4,4.970562748486013,0.0
inst_03_04,-0.7000000000000001,0.19932353156386884,loop,5,4.970562748486013,0.0
inst_03_04,-0.7000000000000001,0.19932353156386884,loop,6,12.000000000185333,0.0
inst_03_04,-0.7000000000000001,0.19932353156386884,loop,7,7.029437251535407,0.0
inst_03_04,-0.7000000000000001,0.19932353156386884,node,1,34.593318123946055,-340.2762995999807
inst_03_04,-0.7000000000000001,0.19932353156386884,node,2,34.593318123946034,238.53000357111932
inst_03_04,-0.7000000000000001,0.19932353156386884,node,3,-22.593318123946034,-101.74629602886138
inst_03_04,-0.7000000000000001,0.19932353156386884,node,4,4.9705627483902814,-4.924585643754426
inst_03_04,-0.7000000000000001,0.19932353156386884,node,5,4.970562748495972,-4.924585643963852
inst_03_04,-0.7000000000000001,0.19932353156386884,node,6,12.000000000000002,-28.70258854519713
inst_03_04,-0.7000000000000001,0.19932353156386884,node,7,7.029437251474756,-9.849171287718278
inst_03_04,-0.7000000000000001,0.19932353156386884,dcp,1,34.593318124626734,-340.27629958508055
inst_03_04,-0.7000000000000001,0.19932353156386884,dcp,2,34.59331812461621,238.5300035503879
inst_03_04,-0.7000000000000001,0.19932353156386884,dcp,3,-22.59331812459347,-101.74629603469266
inst_03_04,-0.7000000000000001,0.19932353156386884,dcp,4,4.970562748479501,-4.924585643931209
inst_03_04,-0.7000000000000001,0.19932353156386884,dcp,5,4.970562748515149,-4.924585644001851
inst_03_04,-0.7000000000000001,0.19932353156386884,dcp,6,12.000000000185333,-28.70258854608369
inst_03_04,-0.7000000000000001,0.19932353156386884,dcp,7,7.029437251551403,-9.84917128793306
inst_03_05,-0.7000000000000001,0.2508484553113519,loop,1,-24060923.03091198,0.0
inst_03_05,-0.7000000000000001,0.2508484553113519,loop,2,-24060923.03091198,0.0
inst_03_05,-0.7000000000000001,0.2508484553113519,loop,3,24060935.03091198,0.0
inst_03_05,-0.7000000000000001,0.2508484553113519,loop,4,4.970562748486014,0.0
inst_03_05,-0.7000000000000001,0.2508484553113519,loop,5,4.970562748486014,0.0
inst_03_05,-0.7000000000000001,0.2508484553113519,loop,6,12.000000000185333,0.0
inst_03_05,-0.7000000000000001,0.2508484553113519,loop,7,7.029437251535407,0.0
inst_03_05,-0.7000000000000001,0.2508484553113519,node,1,32.77221050165229,-377.6529791761122
inst_03_05,-0.7000000000000001,0.2508484553113519,node,2,32.77221050171466,269.41570138403046
inst_03_05,-0.7000000000000001,0.2508484553113519,node,3,-20.772210501714664,-108.23727779208174
inst_03_05,-0.7000000000000001,0.2508484553113519,node,4,4.970562748390277,-6.197585865010737
inst_03_05,-0.7000000000000001,0.2508484553113519,node,5,4.970562748495976,-6.19758586527432
inst_03_05,-0.7000000000000001,0.2508484553113519,node,6,12.0,-36.12217756483467
inst_03_05,-0.7000000000000001,0.2508484553113519,node,7,7.029437251474756,-12.395171730285057
inst_03_05,-0.7000000000000001,0.2508484553113519,dcp,1,32.772210501795655,-377.6529791733655
inst_03_05,-0.7000000000000001,0.2508484553113519,dcp,2,32.77221050179952,269.41570138062497
inst_03_05,-0.7000000000000001,0.2508484553113519,dcp,3,-20.772210501777877,-108.23727779274053
inst_03_05,-0.7000000000000001,0.2508484553113519,dcp,4,4.970562748511134,-6.197585865312121
inst_03_05,-0.7000000000000001,0.2508484553113519,dcp,5,4.970562748454611,-6.197585865171163
inst_03_05,-0.7000000000000001,0.2508484553113519,dcp,6,12.000000000185333,-36.12217756595044
inst_03_05,-0.7000000000000001,0.2508484553113519,dcp,7,7.029437251530965,-12.395171730483284
inst_03_06,-0.7000000000000001,0.31569251777945956,loop,1,-3.3906170427178337e+18,0.0
inst_03_06,-0.7000000000000001,0.31569251777945956,loop,2,-3.3906170427178337e+18,0.0
inst_03_06,-0.7000000000000001,0.31569251777945956,loop,3,3.3906170427178337e+18,0.0
inst_03_06,-0.7000000000000001,0.31569251777945956,loop,4,4.970562748486013,0.0
inst_03_06,-0.7000000000000001,0.31569251777945956,loop,5,4.970562748486013,0.0
inst_03_06,-0.7000000000000001,0.31569251777945956,loop,6,12.000000000185333,0.0
inst_03_06,-0.7000000000000001,0.31569251777945956,loop,7,7.029437251535407,0.0
inst_03_06,-0.7000000000000001,0.31569251777945956,node,1,-46.128424414379154,0.0
inst_03_06,-0.7000000000000001,0.31569251777945956,node,2,30.83076348287945,0.0
inst_03_06,-0.7000000000000001,0.31569251777945956,node,3,-18.830763482879423,0.0
inst_03_06,-0.7000000000000001,0.31569251777945956,node,4,4.970562719088969,0.0
inst_03_06,-0.7000000000000001,0.31569251777945956,node,5,4.970562754850336,0.0
inst_03_06,-0.7000000000000001,0.31569251777945956,node,6,12.0,0.0
inst_03_06,-0.7000000000000001,0.31569251777945956,node,7,7.029437235248813,0.0
inst_03_06,-0.7000000000000001,0.31569251777945956,dcp,1,30.830763482919036,-412.0209217828005
inst_03_06,-0.7000000000000001,0.31569251777945956,dcp,2,30.83076348289079,300.07709579930554
inst_03_06,-0.7000000000000001,0.31569251777945956,dcp,3,-18.830763482823155,-111.94382598349496
inst_03_06,-0.7000000000000001,0.31569251777945956,dcp,4,4.970562748493489,-7.799655307952548
inst_03_06,-0.7000000000000001,0.31569251777945956,dcp,5,4.97056274849359,-7.799655307952861
inst_03_06,-0.7000000000000001,0.31569251777945956,dcp,6,12.000000000185333,-45.45972256164636
inst_03_06,-0.7000000000000001,0.31569251777945956,dcp,7,7.029437251546051,-15.59931061590541
inst_03_07,-0.7000000000000001,0.3972987023509261,loop,1,28.805076275191215,-441.85297384104865
inst_03_07,-0.7000000000000001,0.3972987023509261,loop,2,28.805076275191215,329.65161345443533
inst_03_07,-0.7000000000000001,0.3972987023509261,loop,3,-16.80507627516985,-112.2013603866133
inst_03_07,-0.7000000000000001,0.3972987023509261,loop,4,4.970562748486013,-9.815858020396703
inst_03_07,-0.7000000000000001,0.3972987023509261,loop,5,4.970562748486013,-9.815858020396718
inst_03_07,-0.7000000000000001,0.3972987023509261,loop,6,12.000000000185333,-57.21101314030054
inst_03_07,-0.7000000000000001,0.3972987023509261,loop,7,7.029437251535406,-19.63171604079342
inst_03_07,-0.7000000000000001,0.3972987023509261,node,1,-46.87881387652676,0.0
inst_03_07,-0.7000000000000001,0.3972987023509261,node,2,28.805076350610328,0.0
inst_03_07,-0.7000000000000001,0.3972987023509261,node,3,-16.805076349267928,0.0
inst_03_07,-0.7000000000000001,0.3972987023509261,node,4,4.970145964170925,0.0
inst_03_07,-0.7000000000000001,0.3972987023509261,node,5,4.970652290047147,0.0
inst_03_07,-0.7000000000000001,0.3972987023509261,node,6,12.0,0.0
inst_03_07,-0.7000000000000001,0.3972987023509261,node,7,7.029205865082874,0.0
inst_03_07,-0.7000000000000001,0.3972987023509261,dcp,1,28.80507627519947,-441.85297384093957
inst_03_07,-0.7000000000000001,0.3972987023509261,dcp,2,28.8050762752157,329.65161345499376
inst_03_07,-0.7000000000000001,0.3972987023509261,dcp,3,-16.805076275119863,-112.20136038594582
inst_03_07,-0.7000000000000001,0.3972987023509261,dcp,4,4.9705627485249355,-9.815858020550436
inst_03_07,-0.7000000000000001,0.3972987023509261,dcp,5,4.970562748489208,-9.815858020409308
inst_03_07,-0.7000000000000001,0.3972987023509261,dcp,6,12.000000000185329,-57.21101314030051
inst_03_07,-0.7000000000000001,0.3972987023509261,dcp,7,7.029437251565188,-19.631716040959745
inst_03_08,-0.7000000000000001,0.5,loop,1,26.73576795226627,-465.972072569917
inst_03_08,-0.7000000000000001,0.5,loop,2,26.73576795226627,357.4006439987139
inst_03_08,-0.7000000000000001,0.5,loop,3,-14.735767952244839,-108.57142857120303
inst_03_08,-0.7000000000000001,0.5,loop,4,4.970562748486013,-12.353247018318413
inst_03_08,-0.7000000000000001,0.5,loop,5,4.970562748486013,-12.353247018318413
inst_03_08,-0.7000000000000001,0.5,loop,6,12.000000000185333,-72.000000002224
inst_03_08,-0.7000000000000001,0.5,loop,7,7.029437251535406,-24.706494036636826
inst_03_08,-0.7000000000000001,0.5,node,1,26.73576795179675,-465.97207257466084
inst_03_08,-0.7000000000000001,0.5,node,2,26.735767952479016,357.4006440000692
inst_03_08,-0.7000000000000001,0.5,node,3,-14.735767952474797,-108.57142857459164
inst_03_08,-0.7000000000000001,0.5,node,4,4.970562748477138,-12.353247018274303
inst_03_08,-0.7000000000000001,0.5,node,5,4.970562748477142,-12.353247018274303
inst_03_08,-0.7000000000000001,0.5,node,6,12.000000000000002,-72.00000000000003
inst_03_08,-0.7000000000000001,0.5,node,7,7.029437251522858,-24.706494036548605
inst_03_08,-0.7000000000000001,0.5,dcp,1,26.735767952271843,-465.97207256986064
inst_03_08,-0.7000000000000001,0.5,dcp,2,26.73576795227069,357.40064399883227
inst_03_08,-0.7000000000000001,0.5,dcp,3,-14.735767952232989,-108.5714285710284
inst_03_08,-0.7000000000000001,0.5,dcp,4,4.9705627484224255,-12.35324701800235
inst_03_08,-0.7000000000000001,0.5,dcp,5,4.970562748536112,-12.35324701856743
inst_03_08,-0.7000000000000001,0.5,dcp,6,12.000000000185333,-72.000000002224
inst_03_08,-0.7000000000000001,0.5,dcp,7,7.029437251525868,-24.70649403656978
inst_04_01,-0.65,0.1,loop,1,-2319216.5004780935,0.0
inst_04_01,-0.65,0.1,loop,2,-2319216.5004780935,0.0
inst_04_01,-0.65,0.1,loop,3,2319228.5004780935,0.0
inst_04_01,-0.65,0.1,loop,4,4.970562748486013,0.0
inst_04_01,-0.65,0.1,loop,5,4.970562748486013,0.0
inst_04_01,-0.65,0.1,loop,6,12.000000000185333,0.0
inst_04_01,-0.65,0.1,loop,7,7.029437251535407,0.0
inst_04_01,-0.65,0.1,node,1,41.026554714125275,-252.57190722597795
inst_04_01,-0.65,0.1,node,2,41.026554718894054,168.3178193410829
inst_04_01,-0.65,0.1,node,3,-29.026554718894054,-84.25408788489507
inst_04_01,-0.65,0.1,node,4,4.970562748469276,-2.4706494036470446
inst_04_01,-0.65,0.1,node,5,4.97056274847884,-2.4706494036565516
inst_04_01,-0.65,0.1,node,6,12.000000000000002,-14.400000000000006
inst_04_01,-0.65,0.1,node,7,7.0294372515185,-4.941298807303596
inst_04_01,-0.65,0.1,dcp,1,41.02655473863506,-252.5719065534986
inst_04_01,-0.65,0.1,dcp,2,41.026554738590505,168.31781855447076
inst_04_01,-0.65,0.1,dcp,3,-29.02655473855411,-84.25408799902782
inst_04_01,-0.65,0.1,dcp,4,4.97056274848509,-2.4706494036627618
inst_04_01,-0.65,0.1,dcp,5,4.97056274848509,-2.470649403662776
inst_04_01,-0.65,0.1,dcp,6,12.000000000185333,-14.400000000444805
inst_04_01,-0.65,0.1,dcp,7,7.029437251534103,-4.941298807325538
inst_04_02,-0.65,0.12584989506418265,loop,1,-3207993.3130609095,0.0
inst_04_02,-0.65,0.12584989506418265,loop,2,-3207993.3130609095,0.0
inst_04_02,-0.65,0.12584989506418265,loop,3,3208005.3130609095,0.0
inst_04_02,-0.65,0.12584989506418265,loop,4,4.970562748486013,0.0
inst_04_02,-0.65,0.12584989506418265,loop,5,4.970562748486013,0.0
inst_04_02,-0.65,0.12584989506418265,loop,6,12.000000000185333,0.0
inst_04_02,-0.65,0.12584989506418265,loop,7,7.029437251535407,0.0
inst_04_02,-0.65,0.12584989506418265,node,1,39.53066186444152,-292.04859672467785
inst_04_02,-0.65,0.12584989506418265,node,2,39.53066186440581,196.66226169081796
inst_04_02,-0.65,0.12584989506418265,node,3,-27.53066186308031,-95.38633503385991
inst_04_02,-0.65,0.12584989506418265,node,4,4.970562748477151,-3.109309681903511
inst_04_02,-0.65,0.12584989506418265,node,5,4.970562748477139,-3.109309681903497
inst_04_02,-0.65,0.12584989506418265,node,6,11.999999999999998,-18.122384889242298
inst_04_02,-0.65,0.12584989506418265,node,7,7.029437251522865,-6.218619363807008
inst_04_02,-0.65,0.12584989506418265,dcp,1,39.53066187380058,-292.0485964874918
inst_04_02,-0.65,0.12584989506418265,dcp,2,39.5306618738004,196.6622613799348
inst_04_02,-0.65,0.12584989506418265,dcp,3,-27.53066187371564,-95.38633510755702
inst_04_02,-0.65,0.12584989506418265,dcp,4,4.9705627485149675,-3.109309681950819
inst_04_02,-0.65,0.12584989506418265,dcp,5,4.970562748458637,-3.1093096818803616
inst_04_02,-0.65,0.12584989506418265,dcp,6,12.000000000185334,-18.122384889802078
inst_04_02,-0.65,0.12584989506418265,dcp,7,7.029437251536524,-6.218619363831181
inst_04_03,-0.65,0.15838196087665787,loop,1,-6336847.727441932,0.0
inst_04_03,-0.65,0.15838196087665787,loop,2,-6336847.727441932,0.0
inst_04_03,-0.65,0.15838196087665787,loop,3,6336859.727441932,0.0
inst_04_03,-0.65,0.15838196087665787,loop,4,4.970562748486014,0.0
inst_04_03,-0.65,0.15838196087665787,loop,5,4.970562748486014,0.0
inst_04_03,-0.65,0.15838196087665787,loop,6,12.000000000185333,0.0
inst_04_03,-0.65,0.15838196087665787,loop,7,7.029437251535406,0.0
inst_04_03,-0.65,0.15838196087665787,node,1,37.8483389471657,-332.7024356732928
inst_04_03,-0.65,0.15838196087665787,node,2,37.84833896328886,226.881646530005
inst_04_03,-0.65,0.15838196087665787,node,3,-25.848338963288857,-105.82078914328783
inst_04_03,-0.65,0.15838196087665787,node,4,4.97056274846927,-3.913062971883633
inst_04_03,-0.65,0.15838196087665787,node,5,4.970562748478846,-3.913062971898711
inst_04_03,-0.65,0.15838196087665787,node,6,12.0,-22.80700236623875
inst_04_03,-0.65,0.15838196087665787,node,7,7.0294372515185,-7.826125943782344
inst_04_03,-0.65,0.15838196087665787,dcp,1,37.84833896637487,-332.70243523171894
inst_04_03,-0.65,0.15838196087665787,dcp,2,37.84833896639906,226.88164606274626
inst_04_03,-0.65,0.15838196087665787,dcp,3,-25.848338966425814,-105.82078916897267
inst_04_03,-0.65,0.15838196087665787,dcp,4,4.970562748494502,-3.9130629719233667
inst_04_03,-0.65,0.15838196087665787,dcp,5,4.970562748494605,-3.913062971923523
inst_04_03,-0.65,0.15838196087665787,dcp,6,12.000000000185333,-22.80700236694321
inst_04_03,-0.65,0.15838196087665787,dcp,7,7.029437251547486,-7.82612594384689
inst_04_04,-0.65,0.19932353156386884,loop,1,-4303610.265084633,0.0
inst_04_04,-0.65,0.19932353156386884,loop,2,-4303610.265084633,0.0
inst_04_04,-0.65,0.19932353156386884,loop,3,4303622.265084633,0.0
inst_04_04,-0.65,0.19932353156386884,loop,4,4.970562748486013,0.0
inst_04_04,-0.65,0.19932353156386884,loop,5,4.970562748486013,0.0
inst_04_04,-0.65,0.19932353156386884,loop,6,12.000000000185333,0.0
inst_04_04,-0.65,0.19932353156386884,loop,7,7.029437251535407,0.0
inst_04_04,-0.65,0.19932353156386884,node,1,35.992470160452974,-372.9535690378207
inst_04_04,-0.65,0.19932353156386884,node,2,35.99247016353361,258.21524548833537
inst_04_04,-0.65,0.19932353156386884,node,3,-23.992470163533607,-114.73832354948536
inst_04_04,-0.65,0.19932353156386884,node,4,4.970562748390274,-4.924585643754412
inst_04_04,-0.65,0.19932353156386884,node,5,4.970562748495972,-4.924585643963852
inst_04_04,-0.65,0.19932353156386884,node,6,12.000000000000002,-28.70258854519713
inst_04_04,-0.65,0.19932353156386884,node,7,7.029437251474752,-9.849171287718264
inst_04_04,-0.65,0.19932353156386884,dcp,1,35.99247016675112,-372.9535689094051
inst_04_04,-0.65,0.19932353156386884,dcp,2,35.99247016676846,258.2152453294709
inst_04_04,-0.65,0.19932353156386884,dcp,3,-23.992470166717123,-114.73832357993419
inst_04_04,-0.65,0.19932353156386884,dcp,4,4.970562748515068,-4.924585644001695
inst_04_04,-0.65,0.19932353156386884,dcp,5,4.970562748479338,-4.924585643930882
inst_04_04,-0.65,0.19932353156386884,dcp,6,12.000000000185333,-28.702588546083703
inst_04_04,-0.65,0.19932353156386884,dcp,7,7.029437251551231,-9.849171287932577
inst_04_05,-0.65,0.2508484553113519,loop,1,-83138336.85635205,0.0
inst_04_05,-0.65,0.2508484553113519,loop,2,-83138336.85635205,0.0
inst_04_05,-0.65,0.2508484553113519,loop,3,83138348.85635205,0.0
inst_04_05,-0.65,0.2508484553113519,loop,4,4.970562748486014,0.0
inst_04_05,-0.65,0.2508484553113519,loop,5,4.970562748486014,0.0
inst_04_05,-0.65,0.2508484553113519,loop,6,12.000000000185333,0.0
inst_04_05,-0.65,0.2508484553113519,loop,7,7.029437251535406,0.0
inst_04_05,-0.65,0.2508484553113519,node,1,-49.00878387442939,0.0
inst_04_05,-0.65,0.2508484553113519,node,2,33.987566337069495,0.0
inst_04_05,-0.65,0.2508484553113519,node,3,-21.987284530689784,0.0
inst_04_05,-0.65,0.2508484553113519,node,4,4.949903313255265,0.0
inst_04_05,-0.65,0.2508484553113519,node,5,4.975610459897963,0.0
inst_04_05,-0.65,0.2508484553113519,node,6,12.0,0.0
inst_04_05,-0.65,0.2508484553113519,node,7,7.018421635896597,0.0
inst_04_05,-0.65,0.2508484553113519,dcp,1,33.987051803719794,-411.02777089548084
inst_04_05,-0.65,0.2508484553113519,dcp,2,33.98705180367057,289.7599900103673
inst_04_05,-0.65,0.2508484553113519,dcp,3,-21.987051803702226,-121.26778088511355
inst_04_05,-0.65,0.2508484553113519,dcp,4,4.970562748511198,-6.197585865312277
inst_04_05,-0.65,0.2508484553113519,dcp,5,4.9705627484545465,-6.197585865171021
inst_04_05,-0.65,0.2508484553113519,dcp,6,12.000000000185333,-36.12217756595044
inst_04_05,-0.65,0.2508484553113519,dcp,7,7.029437251530965,-12.395171730483298
inst_04_06,-0.65,0.31569251777945956,loop,1,31.86627928626004,-445.1665497028532
inst_04_06,-0.65,0.31569251777945956,loop,2,31.86627928626004,320.57248277313454
inst_04_06,-0.65,0.31569251777945956,loop,3,-19.86627928623093,-124.59406692971871
inst_04_06,-0.65,0.31569251777945956,loop,4,4.970562748486013,-7.799655307929072
inst_04_06,-0.65,0.31569251777945956,loop,5,4.970562748486013,-7.7996553079291004
inst_04_06,-0.65,0.31569251777945956,loop,6,12.000000000185333,-45.45972256164637
inst_04_06,-0.65,0.31569251777945956,loop,7,7.029437251535407,-15.599310615858172
inst_04_06,-0.65,0.31569251777945956,node,1,-49.22250929925752,0.0
inst_04_06,-0.65,0.31569251777945956,node,2,32.96120985294213,0.0
inst_04_06,-0.65,0.31569251777945956,node,3,-15.55069965797567,0.0
inst_04_06,-0.65,0.31569251777945956,node,4,1.8210860782621672,0.0
inst_04_06,-0.65,0.31569251777945956,node,5,4.170941170539105,0.0
inst_04_06,-0.65,0.31569251777945956,node,6,11.999999999999998,0.0
inst_04_06,-0.65,0.31569251777945956,node,7,4.551165208222878,0.0
inst_04_06,-0.65,0.31569251777945956,dcp,1,31.866267352937744,-445.16672408189805
inst_04_06,-0.65,0.31569251777945956,dcp,2,31.866267352930105,320.5728068359307
inst_04_06,-0.65,0.31569251777945956,dcp,3,-19.86626735283725,-124.59391724596739
inst_04_06,-0.65,0.31569251777945956,dcp,4,4.970562748525321,-7.799655308052451
inst_04_06,-0.65,0.31569251777945956,dcp,5,4.9705627484805115,-7.79965530791182
inst_04_06,-0.65,0.31569251777945956,dcp,6,12.000000000185333,-45.45972256164637
inst_04_06,-0.65,0.31569251777945956,dcp,7,7.029437251559311,-15.59931061596427
inst_04_07,-0.65,0.3972987023509261,loop,1,29.671831877336615,-473.8626314502479
inst_04_07,-0.65,0.3972987023509261,loop,2,29.671831877336615,349.7887727708951
inst_04_07,-0.65,0.3972987023509261,loop,3,-17.671831877315256,-124.07385867935281
inst_04_07,-0.65,0.3972987023509261,loop,4,4.970562748486013,-9.815858020396718
inst_04_07,-0.65,0.3972987023509261,loop,5,4.970562748486013,-9.81585802039669
inst_04_07,-0.65,0.3972987023509261,loop,6,12.000000000185333,-57.21101314030054
inst_04_07,-0.65,0.3972987023509261,loop,7,7.029437251535406,-19.631716040793407
inst_04_07,-0.65,0.3972987023509261,node,1,29.671831877164564,-473.8626314522335
inst_04_07,-0.65,0.3972987023509261,node,2,29.671831877427042,349.78877277133984
inst_04_07,-0.65,0.3972987023509261,node,3,-17.671831877424985,-124.07385868089364
inst_04_07,-0.65,0.3972987023509261,node,4,4.97056274614912,-9.815858011166938
inst_04_07,-0.65,0.3972987023509261,node,5,4.970562748978884,-9.81585802234332
inst_04_07,-0.65,0.3972987023509261,node,6,11.999999999999998,-57.21101313853336
inst_04_07,-0.65,0.3972987023509261,node,7,7.029437250231487,-19.63171603351026
inst_04_07,-0.65,0.3972987023509261,dcp,1,29.67183187737656,-473.86263144978693
inst_04_07,-0.65,0.3972987023509261,dcp,2,29.671831877330085,349.78877277074156
inst_04_07,-0.65,0.3972987023509261,dcp,3,-17.67183187729336,-124.07385867904536
inst_04_07,-0.65,0.3972987023509261,dcp,4,4.970562748535329,-9.815858020591477
inst_04_07,-0.65,0.3972987023509261,dcp,5,4.970562748463914,-9.815858020309435
inst_04_07,-0.65,0.3972987023509261,dcp,6,12.000000000185333,-57.21101314030054
inst_04_07,-0.65,0.3972987023509261,dcp,7,7.029437251554652,-19.631716040900912
inst_04_08,-0.65,0.5,loop,1,27.448943076199015,-496.0571590856807
inst_04_08,-0.65,0.5,loop,2,27.448943076199015,376.72223800019265
inst_04_08,-0.65,0.5,loop,3,-15.448943076177612,-119.33492108548808
inst_04_08,-0.65,0.5,loop,4,4.970562748486013,-12.353247018318427
inst_04_08,-0.65,0.5,loop,5,4.970562748486013,-12.353247018318399
inst_04_08,-0.65,0.5,loop,6,12.000000000185333,-72.000000002224
inst_04_08,-0.65,0.5,loop,7,7.029437251535406,-24.706494036636826
inst_04_08,-0.65,0.5,node,1,42.85714285714289,0.0
inst_04_08,-0.65,0.5,node,2,21.7828161147903,0.0
inst_04_08,-0.65,0.5,node,3,8.630821391430262,0.0
inst_04_08,-0.65,0.5,node,4,0.2884808693522824,0.0
inst_04_08,-0.65,0.5,node,5,10.802662971076733,0.0
inst_04_08,-0.65,0.5,node,6,11.811451461037427,0.0
inst_04_08,-0.65,0.5,node,7,10.806514168715768,0.0
inst_04_08,-0.65,0.5,dcp,1,27.44894307572857,-496.05715908964595
inst_04_08,-0.65,0.5,dcp,2,27.448943075731933,376.72223801171174
inst_04_08,-0.65,0.5,dcp,3,-15.448943075688655,-119.33492107793423
inst_04_08,-0.65,0.5,dcp,4,4.970562748479269,-12.353247018284904
inst_04_08,-0.65,0.5,dcp,5,4.970562748479204,-12.353247018284549
inst_04_08,-0.65,0.5,dcp,6,12.000000000185333,-72.000000002224
inst_04_08,-0.65,0.5,dcp,7,7.029437251525823,-24.706494036569453
inst_05_01,-0.6000000000000001,0.1,loop,1,-12.865826027895642,-78.38061923981924
inst_05_01,-0.6000000000000001,0.1,loop,2,-12.865826027895642,16.549688834755543
inst_05_01,-0.6000000000000001,0.1,loop,3,24.86582602791705,-61.8309304050637
inst_05_01,-0.6000000000000001,0.1,loop,4,4.970562748486013,-2.4706494036636855
inst_05_01,-0.6000000000000001,0.1,loop,5,4.970562748486013,-2.4706494036636855
inst_05_01,-0.6000000000000001,0.1,loop,6,12.000000000185333,-14.400000000444805
inst_05_01,-0.6000000000000001,0.1,loop,7,7.029437251535407,-4.941298807327371
inst_05_01,-0.6000000000000001,0.1,node,1,43.17503583453239,-283.59665748242026
inst_05_01,-0.6000000000000001,0.1,node,2,43.17503583161363,186.4083715721809
inst_05_01,-0.6000000000000001,0.1,node,3,-31.175035831613627,-97.18828591023936
inst_05_01,-0.6000000000000001,0.1,node,4,4.970562748469262,-2.4706494036470303
inst_05_01,-0.6000000000000001,0.1,node,5,4.970562748478854,-2.470649403656566
inst_05_01,-0.6000000000000001,0.1,node,6,11.999999999999996,-14.399999999999991
inst_05_01,-0.6000000000000001,0.1,node,7,7.0294372515185,-4.941298807303596
inst_05_01,-0.6000000000000001,0.1,dcp,1,43.175035825349255,-283.59665772235303
inst_05_01,-0.6000000000000001,0.1,dcp,2,43.17503582531326,186.4083718517021
inst_05_01,-0.6000000000000001,0.1,dcp,3,-31.17503582526425,-97.18828587065094
inst_05_01,-0.6000000000000001,0.1,dcp,4,4.970562748485253,-2.4706494036629323
inst_05_01,-0.6000000000000001,0.1,dcp,5,4.970562748484928,-2.4706494036626054
inst_05_01,-0.6000000000000001,0.1,dcp,6,12.000000000185333,-14.400000000444805
inst_05_01,-0.6000000000000001,0.1,dcp,7,7.0294372515341035,-4.941298807325538
inst_05_02,-0.6000000000000001,0.12584989506418265,loop,1,-4619245.993071841,0.0
inst_05_02,-0.6000000000000001,0.12584989506418265,loop,2,-4619245.993071841,0.0
inst_05_02,-0.6000000000000001,0.12584989506418265,loop,3,4619257.993071841,0.0
inst_05_02,-0.6000000000000001,0.12584989506418265,loop,4,4.970562748486013,0.0
inst_05_02,-0.6000000000000001,0.12584989506418265,loop,5,4.970562748486013,0.0
inst_05_02,-0.6000000000000001,0.12584989506418265,loop,6,12.000000000185333,0.0
inst_05_02,-0.6000000000000001,0.12584989506418265,loop,7,7.029437251535407,0.0
inst_05_02,-0.6000000000000001,0.12584989506418265,node,1,41.482577361857786,-325.9545748770979
inst_05_02,-0.6000000000000001,0.12584989506418265,node,2,41.482577361857786,216.56303108970954
inst_05_02,-0.6000000000000001,0.12584989506418265,node,3,-29.482577361856926,-109.39154378738837
inst_05_02,-0.6000000000000001,0.12584989506418265,node,4,4.970562748477139,-3.109309681903497
inst_05_02,-0.6000000000000001,0.12584989506418265,node,5,4.970562748477139,-3.109309681903497
inst_05_02,-0.6000000000000001,0.12584989506418265,node,6,11.999999999999998,-18.122384889242284
inst_05_02,-0.6000000000000001,0.12584989506418265,node,7,7.029437251522857,-6.218619363806994
inst_05_02,-0.6000000000000001,0.12584989506418265,dcp,1,41.48257737376685,-325.95457459214555
inst_05_02,-0.6000000000000001,0.12584989506418265,dcp,2,41.48257737373584,216.56303071703897
inst_05_02,-0.6000000000000001,0.12584989506418265,dcp,3,-29.48257737367758,-109.39154387510658
inst_05_02,-0.6000000000000001,0.12584989506418265,dcp,4,4.970562748498434,-3.1093096819301422
inst_05_02,-0.6000000000000001,0.12584989506418265,dcp,5,4.970562748498433,-3.109309681930128
inst_05_02,-0.6000000000000001,0.12584989506418265,dcp,6,12.000000000185333,-18.122384889802092
inst_05_02,-0.6000000000000001,0.12584989506418265,dcp,7,7.029437251552971,-6.21861936386027
inst_05_03,-0.6000000000000001,0.15838196087665787,loop,1,-3499249.4990233416,0.0
inst_05_03,-0.6000000000000001,0.15838196087665787,loop,2,-3499249.4990233416,0.0
inst_05_03,-0.6000000000000001,0.15838196087665787,loop,3,3499261.4990233416,0.0
inst_05_03,-0.6000000000000001,0.15838196087665787,loop,4,4.970562748486014,0.0
inst_05_03,-0.6000000000000001,0.15838196087665787,loop,5,4.970562748486014,0.0
inst_05_03,-0.6000000000000001,0.15838196087665787,loop,6,12.000000000185333,0.0
inst_05_03,-0.6000000000000001,0.15838196087665787,loop,7,7.029437251535406,0.0
inst_05_03,-0.6000000000000001,0.15838196087665787,node,1,39.592485880207676,-368.85736659284134
inst_05_03,-0.6000000000000001,0.15838196087665787,node,2,39.59248588020768,248.2740087095655
inst_05_03,-0.6000000000000001,0.15838196087665787,node,3,-27.59248588020768,-120.58335788327585
inst_05_03,-0.6000000000000001,0.15838196087665787,node,4,4.97056274846927,-3.913062971883633
inst_05_03,-0.6000000000000001,0.15838196087665787,node,5,4.970562748478846,-3.9130629718986967
inst_05_03,-0.6000000000000001,0.15838196087665787,node,6,12.0,-22.80700236623875
inst_05_03,-0.6000000000000001,0.15838196087665787,node,7,7.0294372515185,-7.82612594378233
inst_05_03,-0.6000000000000001,0.15838196087665787,dcp,1,39.59248588331782,-368.8573665260658
inst_05_03,-0.6000000000000001,0.15838196087665787,dcp,2,39.5924858833011,248.2740086151182
inst_05_03,-0.6000000000000001,0.15838196087665787,dcp,3,-27.592485883373673,-120.5833579109476
inst_05_03,-0.6000000000000001,0.15838196087665787,dcp,4,4.970562748507641,-3.9130629719440435
inst_05_03,-0.6000000000000001,0.15838196087665787,dcp,5,4.970562748462882,-3.913062971873586
inst_05_03,-0.6000000000000001,0.15838196087665787,dcp,6,12.000000000185333,-22.80700236694321
inst_05_03,-0.6000000000000001,0.15838196087665787,dcp,7,7.029437251534343,-7.82612594381763
inst_05_04,-0.6000000000000001,0.19932353156386884,loop,1,-22364056.012885556,0.0
inst_05_04,-0.6000000000000001,0.19932353156386884,loop,2,-22364056.012885556,0.0
inst_05_04,-0.6000000000000001,0.19932353156386884,loop,3,22364068.012885556,0.0
inst_05_04,-0.6000000000000001,0.19932353156386884,loop,4,4.970562748486013,0.0
inst_05_04,-0.6000000000000001,0.19932353156386884,loop,5,4.970562748486013,0.0
inst_05_04,-0.6000000000000001,0.19932353156386884,loop,6,12.000000000185333,0.0
inst_05_04,-0.6000000000000001,0.19932353156386884,loop,7,7.029437251535407,0.0
inst_05_04,-0.6000000000000001,0.19932353156386884,node,1,37.52343751982784,-410.4976894469596
inst_05_04,-0.6000000000000001,0.19932353156386884,node,2,37.52343751982784,280.6491994453003
inst_05_04,-0.6000000000000001,0.19932353156386884,node,3,-25.523437519827834,-129.8484900016593
inst_05_04,-0.6000000000000001,0.19932353156386884,node,4,4.970562748390274,-4.924585643754426
inst_05_04,-0.6000000000000001,0.19932353156386884,node,5,4.970562748495979,-4.924585643963837
inst_05_04,-0.6000000000000001,0.19932353156386884,node,6,11.999999999999998,-28.702588545197102
inst_05_04,-0.6000000000000001,0.19932353156386884,node,7,7.029437251474756,-9.849171287718264
inst_05_04,-0.6000000000000001,0.19932353156386884,dcp,1,37.52343752027672,-410.4976894385294
inst_05_04,-0.6000000000000001,0.19932353156386884,dcp,2,37.5234375203109,280.6491994326576
inst_05_04,-0.6000000000000001,0.19932353156386884,dcp,3,-25.523437520241846,-129.8484900058718
inst_05_04,-0.6000000000000001,0.19932353156386884,dcp,4,4.970562748464732,-4.924585643901963
inst_05_04,-0.6000000000000001,0.19932353156386884,dcp,5,4.970562748500379,-4.924585643972563
inst_05_04,-0.6000000000000001,0.19932353156386884,dcp,6,12.000000000185333,-28.70258854608369
inst_05_04,-0.6000000000000001,0.19932353156386884,dcp,7,7.029437251530518,-9.849171287874526
inst_05_05,-0.6000000000000001,0.2508484553113519,loop,1,-9229287359.746706,0.0
inst_05_05,-0.6000000000000001,0.2508484553113519,loop,2,-9229287359.746706,0.0
inst_05_05,-0.6000000000000001,0.2508484553113519,loop,3,9229287371.746706,0.0
inst_05_05,-0.6000000000000001,0.2508484553113519,loop,4,4.970562748486014,0.0
inst_05_05,-0.6000000000000001,0.2508484553113519,loop,5,4.970562748486014,0.0
inst_05_05,-0.6000000000000001,0.2508484553113519,loop,6,12.000000000185333,0.0
inst_05_05,-0.6000000000000001,0.2508484553113519,loop,7,7.029437251535406,0.0
inst_05_05,-0.6000000000000001,0.2508484553113519,node,1,35.30615125443568,-448.9437319723616
inst_05_05,-0.6000000000000001,0.2508484553113519,node,2,35.30615125429984,312.68869925580225
inst_05_05,-0.6000000000000001,0.2508484553113519,node,3,-23.30615125429984,-136.25503271655936
inst_05_05,-0.6000000000000001,0.2508484553113519,node,4,4.970562738746111,-6.197585840960926
inst_05_05,-0.6000000000000001,0.2508484553113519,node,5,4.970562750587403,-6.197585870489746
inst_05_05,-0.6000000000000001,0.2508484553113519,node,6,12.0,-36.122177564834686
inst_05_05,-0.6000000000000001,0.2508484553113519,node,7,7.029437246134163,-12.395171711450672
inst_05_05,-0.6000000000000001,0.2508484553113519,dcp,1,35.30615125397657,-448.9437319796605
inst_05_05,-0.6000000000000001,0.2508484553113519,dcp,2,35.30615125393373,312.6886992670833
inst_05_05,-0.6000000000000001,0.2508484553113519,dcp,3,-23.30615125395928,-136.25503271257728
inst_05_05,-0.6000000000000001,0.2508484553113519,dcp,4,4.970562748511198,-6.197585865312277
inst_05_05,-0.6000000000000001,0.2508484553113519,dcp,5,4.9705627484545465,-6.197585865171021
inst_05_05,-0.6000000000000001,0.2508484553113519,dcp,6,12.000000000185333,-36.12217756595044
inst_05_05,-0.6000000000000001,0.2508484553113519,dcp,7,7.029437251530965,-12.395171730483298
inst_05_06,-0.6000000000000001,0.31569251777945956,loop,1,32.98170049771819,-482.3858459127758
inst_05_06,-0.6000000000000001,0.31569251777945956,loop,2,32.98170049771819,343.40797452568387
inst_05_06,-0.6000000000000001,0.31569251777945956,loop,3,-20.981700497696362,-138.9778713870919
inst_05_06,-0.6000000000000001,0.31569251777945956,loop,4,4.970562748486013,-7.799655307929072
inst_05_06,-0.6000000000000001,0.31569251777945956,loop,5,4.970562748486013,-7.7996553079291004
inst_05_06,-0.6000000000000001,0.31569251777945956,loop,6,12.000000000185333,-45.45972256164637
inst_05_06,-0.6000000000000001,0.31569251777945956,loop,7,7.029437251535407,-15.599310615858172
inst_05_06,-0.6000000000000001,0.31569251777945956,node,1,32.981700497649136,-482.38584591366504
inst_05_06,-0.6000000000000001,0.31569251777945956,node,2,32.98170049775558,343.4079745257992
inst_05_06,-0.6000000000000001,0.31569251777945956,node,3,-20.98170049775478,-138.9778713878658
inst_05_06,-0.6000000000000001,0.31569251777945956,node,4,4.970562107525298,-7.799653296377244
inst_05_06,-0.6000000000000001,0.31569251777945956,node,5,4.970562887552585,-7.799655744367129
inst_05_06,-0.6000000000000001,0.31569251777945956,node,6,12.000000000000002,-45.4597225602422
inst_05_06,-0.6000000000000001,0.31569251777945956,node,7,7.029436896642677,-15.599309040744373
inst_05_06,-0.6000000000000001,0.31569251777945956,dcp,1,32.98170049775829,-482.38584591225947
inst_05_06,-0.6000000000000001,0.31569251777945956,dcp,2,32.98170049772232,343.4079745257491
inst_05_06,-0.6000000000000001,0.31569251777945956,dcp,3,-20.98170049765246,-138.97787138651034
inst_05_06,-0.6000000000000001,0.31569251777945956,dcp,4,4.9705627485253725,-7.799655308052593
inst_05_06,-0.6000000000000001,0.31569251777945956,dcp,5,4.97056274848046,-7.799655307911678
inst_05_06,-0.6000000000000001,0.31569251777945956,dcp,6,12.000000000185333,-45.45972256164637
inst_05_06,-0.6000000000000001,0.31569251777945956,dcp,7,7.029437251559311,-15.59931061596427
inst_05_07,-0.6000000000000001,0.3972987023509261,loop,1,30.597993259610345,-509.3856233034562
inst_05_07,-0.6000000000000001,0.3972987023509261,loop,2,30.597993259610345,371.9658212816439
inst_05_07,-0.6000000000000001,0.3972987023509261,loop,3,-18.597993259588968,-137.4198020218123
inst_05_07,-0.6000000000000001,0.3972987023509261,loop,4,4.970562748486013,-9.815858020396718
inst_05_07,-0.6000000000000001,0.3972987023509261,loop,5,4.970562748486013,-9.81585802039669
inst_05_07,-0.6000000000000001,0.3972987023509261,loop,6,12.000000000185333,-57.21101314030054
inst_05_07,-0.6000000000000001,0.3972987023509261,loop,7,7.029437251535406,-19.631716040793407
inst_05_07,-0.6000000000000001,0.3972987023509261,node,1,46.153846153846175,0.0
inst_05_07,-0.6000000000000001,0.3972987023509261,node,2,24.35788884388416,0.0
inst_05_07,-0.6000000000000001,0.3972987023509261,node,3,9.481939077756635,0.0
inst_05_07,-0.6000000000000001,0.3972987023509261,node,4,0.2827233206325626,0.0
inst_05_07,-0.6000000000000001,0.3972987023509261,node,5,11.255722872232214,0.0
inst_05_07,-0.6000000000000001,0.3972987023509261,node,6,12.000000000231186,0.0
inst_05_07,-0.6000000000000001,0.3972987023509261,node,7,11.259273060571934,0.0
inst_05_07,-0.6000000000000001,0.3972987023509261,dcp,1,30.597993172139546,-509.3856241586925
inst_05_07,-0.6000000000000001,0.3972987023509261,dcp,2,30.597993172082603,371.96582343049147
inst_05_07,-0.6000000000000001,0.3972987023509261,dcp,3,-18.59799317205219,-137.419800728201
inst_05_07,-0.6000000000000001,0.3972987023509261,dcp,4,4.970562758345901,-9.815858059339291
inst_05_07,-0.6000000000000001,0.3972987023509261,dcp,5,4.970562758381751,-9.815857926564576
inst_05_07,-0.6000000000000001,0.3972987023509261,dcp,6,12.000000000185333,-57.21101314030054
inst_05_07,-0.6000000000000001,0.3972987023509261,dcp,7,7.029437241708385,-19.631715985903867
inst_05_08,-0.6000000000000001,0.5,loop,1,28.204973740354355,-529.0608588094794
inst_05_08,-0.6000000000000001,0.5,loop,2,28.204973740354355,397.76027184703935
inst_05_08,-0.6000000000000001,0.5,loop,3,-16.204973740332942,-131.30058696244012
inst_05_08,-0.6000000000000001,0.5,loop,4,4.970562748486013,-12.353247018318399
inst_05_08,-0.6000000000000001,0.5,loop,5,4.970562748486013,-12.353247018318427
inst_05_08,-0.6000000000000001,0.5,loop,6,12.000000000185333,-72.000000002224
inst_05_08,-0.6000000000000001,0.5,loop,7,7.029437251535406,-24.706494036636826
inst_05_08,-0.6000000000000001,0.5,node,1,46.15384615384618,0.0
inst_05_08,-0.6000000000000001,0.5,node,2,22.926620320068565,0.0
inst_05_08,-0.6000000000000001,0.5,node,3,11.208475333451158,0.0
inst_05_08,-0.6000000000000001,0.5,node,4,0.07589003958315221,0.0
inst_05_08,-0.6000000000000001,0.5,node,5,11.698325470676243,0.0
inst_05_08,-0.6000000000000001,0.5,node,6,11.948825552467254,0.0
inst_05_08,-0.6000000000000001,0.5,node,7,11.698571627168015,0.0
inst_05_08,-0.6000000000000001,0.5,dcp,1,28.204973737627572,-529.0608588276573
inst_05_08,-0.6000000000000001,0.5,dcp,2,28.20497373763126,397.7602719096826
inst_05_08,-0.6000000000000001,0.5,dcp,3,-16.204973737589004,-131.30058691797467
inst_05_08,-0.6000000000000001,0.5,dcp,4,4.9705627484775174,-12.353247018276193
inst_05_08,-0.6000000000000001,0.5,dcp,5,4.9705627484775174,-12.353247018264682
inst_05_08,-0.6000000000000001,0.5,dcp,6,12.000000000185333,-72.000000002224
inst_05_08,-0.6000000000000001,0.5,dcp,7,7.029437251521756,-24.706494036540875
inst_06_01,-0.55,0.1,loop,1,-11.812623592572626,-70.6558620932967
inst_06_01,-0.55,0.1,loop,2,-11.812623592572626,13.951757857040057
inst_06_01,-0.55,0.1,loop,3,23.812623592594043,-56.70410423625665
inst_06_01,-0.55,0.1,loop,4,4.970562748486013,-2.4706494036636855
inst_06_01,-0.55,0.1,loop,5,4.970562748486013,-2.4706494036636784
inst_06_01,-0.55,0.1,loop,6,12.000000000185333,-14.400000000444805
inst_06_01,-0.55,0.1,loop,7,7.029437251535407,-4.941298807327364
inst_06_01,-0.55,0.1,node,1,45.58895222695614,-320.6570277176705
inst_06_01,-0.55,0.1,node,2,45.58895222727817,207.8352565450329
inst_06_01,-0.55,0.1,node,3,-33.58895222727818,-112.82177117263757
inst_06_01,-0.55,0.1,node,4,4.970562748469262,-2.4706494036470303
inst_06_01,-0.55,0.1,node,5,4.970562748478854,-2.470649403656566
inst_06_01,-0.55,0.1,node,6,12.000000000000002,-14.399999999999991
inst_06_01,-0.55,0.1,node,7,7.0294372515185,-4.941298807303596
inst_06_01,-0.55,0.1,dcp,1,45.58895222776498,-320.65702769768694
inst_06_01,-0.55,0.1,dcp,2,45.588952227748536,207.83525652238194
inst_06_01,-0.55,0.1,dcp,3,-33.58895222767525,-112.82177117530502
inst_06_01,-0.55,0.1,dcp,4,4.970562748535174,-2.4706494037125566
inst_06_01,-0.55,0.1,dcp,5,4.970562748464283,-2.470649403642085
inst_06_01,-0.55,0.1,dcp,6,12.000000000185333,-14.400000000444805
inst_06_01,-0.55,0.1,dcp,7,7.029437251554803,-4.9412988073546416
inst_06_02,-0.55,0.12584989506418265,loop,1,-4721369.189900715,0.0
inst_06_02,-0.55,0.12584989506418265,loop,2,-4721369.189900715,0.0
inst_06_02,-0.55,0.12584989506418265,loop,3,4721381.189900715,0.0
inst_06_02,-0.55,0.12584989506418265,loop,4,4.970562748486013,0.0
inst_06_02,-0.55,0.12584989506418265,loop,5,4.970562748486013,0.0
inst_06_02,-0.55,0.12584989506418265,loop,6,12.000000000185333,0.0
inst_06_02,-0.55,0.12584989506418265,loop,7,7.029437251535407,0.0
inst_06_02,-0.55,0.12584989506418265,node,1,43.661010301680854,-366.06001671233633
inst_06_02,-0.55,0.12584989506418265,node,2,43.66101030015137,239.90561861152486
inst_06_02,-0.55,0.12584989506418265,node,3,-31.661010300151368,-126.15439810081148
inst_06_02,-0.55,0.12584989506418265,node,4,4.970562748469267,-3.1093096818936488
inst_06_02,-0.55,0.12584989506418265,node,5,4.970562748478843,-3.1093096819056143
inst_06_02,-0.55,0.12584989506418265,node,6,12.000000000000004,-18.122384889242312
inst_06_02,-0.55,0.12584989506418265,node,7,7.0294372515184955,-6.218619363799263
inst_06_02,-0.55,0.12584989506418265,dcp,1,43.661010310708036,-366.06001651018914
inst_06_02,-0.55,0.12584989506418265,dcp,2,43.66101031072165,239.9056183260023
inst_06_02,-0.55,0.12584989506418265,dcp,3,-31.661010310613737,-126.15439818418683
inst_06_02,-0.55,0.12584989506418265,dcp,4,4.970562748538358,-3.1093096819800934
inst_06_02,-0.55,0.12584989506418265,dcp,5,4.970562748481899,-3.1093096819094512
inst_06_02,-0.55,0.12584989506418265,dcp,6,12.000000000185333,-18.122384889802078
inst_06_02,-0.55,0.12584989506418265,dcp,7,7.029437251569511,-6.218619363889545
inst_06_03,-0.55,0.15838196087665787,loop,1,-4842286.315070073,0.0
inst_06_03,-0.55,0.15838196087665787,loop,2,-4842286.315070073,0.0
inst_06_03,-0.55,0.15838196087665787,loop,3,4842298.315070073,0.0
inst_06_03,-0.55,0.15838196087665787,loop,4,4.970562748486013,0.0
inst_06_03,-0.55,0.15838196087665787,loop,5,4.970562748486013,0.0
inst_06_03,-0.55,0.15838196087665787,loop,6,12.000000000185333,0.0
inst_06_03,-0.55,0.15838196087665787,loop,7,7.029437251535407,0.0
inst_06_03,-0.55,0.15838196087665787,node,1,41.52469145467142,-411.16074339674566
inst_06_03,-0.55,0.15838196087665787,node,2,41.5246914546728,273.09801520396087
inst_06_03,-0.55,0.15838196087665787,node,3,-29.524691454672787,-138.0627281927848
inst_06_03,-0.55,0.15838196087665787,node,4,4.970562748476897,-3.9130629718956413
inst_06_03,-0.55,0.15838196087665787,node,5,4.970562748477204,-3.9130629718961245
inst_06_03,-0.55,0.15838196087665787,node,6,11.999999999999996,-22.80700236623872
inst_06_03,-0.55,0.15838196087665787,node,7,7.029437251522731,-7.826125943791766
inst_06_03,-0.55,0.15838196087665787,dcp,1,41.52469145740972,-411.160743342446
inst_06_03,-0.55,0.15838196087665787,dcp,2,41.524691457431345,273.0980151234884
inst_06_03,-0.55,0.15838196087665787,dcp,3,-29.524691457471317,-138.06272821895763
inst_06_03,-0.55,0.15838196087665787,dcp,4,4.970562748494707,-3.9130629719236936
inst_06_03,-0.55,0.15838196087665787,dcp,5,4.970562748494605,-3.913062971923523
inst_06_03,-0.55,0.15838196087665787,dcp,6,12.000000000185333,-22.80700236694321
inst_06_03,-0.55,0.15838196087665787,dcp,7,7.02943725154763,-7.826125943847217
inst_06_04,-0.55,0.19932353156386884,loop,1,-45295294.10982982,0.0
inst_06_04,-0.55,0.19932353156386884,loop,2,-45295294.10982982,0.0
inst_06_04,-0.55,0.19932353156386884,loop,3,45295306.10982982,0.0
inst_06_04,-0.55,0.19932353156386884,loop,4,4.970562748486013,0.0
inst_06_04,-0.55,0.19932353156386884,loop,5,4.970562748486013,0.0
inst_06_04,-0.55,0.19932353156386884,loop,6,12.000000000185333,0.0
inst_06_04,-0.55,0.19932353156386884,loop,7,7.029437251535407,0.0
inst_06_04,-0.55,0.19932353156386884,node,1,-57.375650960329395,0.0
inst_06_04,-0.55,0.19932353156386884,node,2,39.20539423721565,0.0
inst_06_04,-0.55,0.19932353156386884,node,3,-27.206393553246475,0.0
inst_06_04,-0.55,0.19932353156386884,node,4,4.460387452847961,0.0
inst_06_04,-0.55,0.19932353156386884,node,5,5.083951530487349,0.0
inst_06_04,-0.55,0.19932353156386884,node,6,12.000000000000002,0.0
inst_06_04,-0.55,0.19932353156386884,node,7,6.7632550886291565,0.0
inst_06_04,-0.55,0.19932353156386884,dcp,1,39.20597403475451,-453.9141810343284
inst_06_04,-0.55,0.19932353156386884,dcp,2,39.20597403474013,306.3818746744794
inst_06_04,-0.55,0.19932353156386884,dcp,3,-27.205974034718654,-147.53230635984906
inst_06_04,-0.55,0.19932353156386884,dcp,4,4.970562748489778,-4.924585643951588
inst_06_04,-0.55,0.19932353156386884,dcp,5,4.97056274848986,-4.92458564395173
inst_06_04,-0.55,0.19932353156386884,dcp,6,12.000000000185333,-28.70258854608369
inst_06_04,-0.55,0.19932353156386884,dcp,7,7.029437251540789,-9.849171287903317
inst_06_05,-0.55,0.2508484553113519,loop,1,36.74367318480171,-492.2516840771415
inst_06_05,-0.55,0.2508484553113519,loop,2,36.74367318480171,338.6698771847091
inst_06_05,-0.55,0.2508484553113519,loop,3,-24.743673184779887,-153.5818068924324
inst_06_05,-0.55,0.2508484553113519,loop,4,4.970562748486014,-6.197585865249465
inst_06_05,-0.55,0.2508484553113519,loop,5,4.970562748486014,-6.1975858652494935
inst_06_05,-0.55,0.2508484553113519,loop,6,12.000000000185333,-36.12217756595044
inst_06_05,-0.55,0.2508484553113519,loop,7,7.029437251535406,-12.395171730498959
inst_06_05,-0.55,0.2508484553113519,node,1,36.7436731847035,-492.2516840785254
inst_06_05,-0.55,0.2508484553113519,node,2,36.743673184704456,338.66987718702933
inst_06_05,-0.55,0.2508484553113519,node,3,-24.74367318470446,-153.58180689149606
inst_06_05,-0.55,0.2508484553113519,node,4,4.970562472218224,-6.197585176316096
inst_06_05,-0.55,0.2508484553113519,node,5,4.970562808409306,-6.19758601468115
inst_06_05,-0.55,0.2508484553113519,node,6,12.0,-36.12217756483466
inst_06_05,-0.55,0.2508484553113519,node,7,7.029437098556751,-12.395171190997246
inst_06_05,-0.55,0.2508484553113519,dcp,1,36.743673184724756,-492.25168407822594
inst_06_05,-0.55,0.2508484553113519,dcp,2,36.74367318471305,338.66987718668895
inst_06_05,-0.55,0.2508484553113519,dcp,3,-24.743673184707756,-153.58180689153698
inst_06_05,-0.55,0.2508484553113519,dcp,4,4.970562748494607,-6.197585865270895
inst_06_05,-0.55,0.2508484553113519,dcp,5,4.970562748494672,-6.197585865271066
inst_06_05,-0.55,0.2508484553113519,dcp,6,12.00000000018533,-36.12217756595044
inst_06_05,-0.55,0.2508484553113519,dcp,7,7.0294372515476065,-12.39517173054196
inst_06_06,-0.55,0.31569251777945956,loop,1,34.18678005081141,-524.3618433788081
inst_06_06,-0.55,0.31569251777945956,loop,2,34.18678005081141,368.9611884375912
inst_06_06,-0.55,0.31569251777945956,loop,3,-22.18678005079008,-155.4006549412169
inst_06_06,-0.55,0.31569251777945956,loop,4,4.970562748486013,-7.799655307929072
inst_06_06,-0.55,0.31569251777945956,loop,5,4.970562748486013,-7.7996553079291004
inst_06_06,-0.55,0.31569251777945956,loop,6,12.000000000185333,-45.45972256164637
inst_06_06,-0.55,0.31569251777945956,loop,7,7.029437251535407,-15.599310615858172
inst_06_06,-0.55,0.31569251777945956,node,1,50.00000000000003,0.0
inst_06_06,-0.55,0.31569251777945956,node,2,26.85015759407038,0.0
inst_06_06,-0.55,0.31569251777945956,node,3,9.348963542542398,0.0
inst_06_06,-0.55,0.31569251777945956,node,4,0.2736791283381267,0.0
inst_06_06,-0.55,0.31569251777945956,node,5,11.299129688075329,0.0
inst_06_06,-0.55,0.31569251777945956,node,6,12.000000000221933,0.0
inst_06_06,-0.55,0.31569251777945956,node,7,11.302443628403248,0.0
inst_06_06,-0.55,0.31569251777945956,dcp,1,34.186780050831096,-524.361843378591
inst_06_06,-0.55,0.31569251777945956,dcp,2,34.18678005084756,368.96118843836894
inst_06_06,-0.55,0.31569251777945956,dcp,3,-22.18678005071906,-155.40065494022204
inst_06_06,-0.55,0.31569251777945956,dcp,4,4.970562748525372,-7.799655308052593
inst_06_06,-0.55,0.31569251777945956,dcp,5,4.9705627484804085,-7.799655307911507
inst_06_06,-0.55,0.31569251777945956,dcp,6,12.000000000185333,-45.45972256164637
inst_06_06,-0.55,0.31569251777945956,dcp,7,7.029437251559275,-15.5993106159641
inst_06_07,-0.55,0.3972987023509261,loop,1,31.589938913477553,-548.9436230699806
inst_06_07,-0.55,0.3972987023509261,loop,2,31.589938913477553,396.47400581792624
inst_06_07,-0.55,0.3972987023509261,loop,3,-19.589938913456134,-152.4696172520544
inst_06_07,-0.55,0.3972987023509261,loop,4,4.970562748486013,-9.815858020396718
inst_06_07,-0.55,0.3972987023509261,loop,5,4.970562748486013,-9.81585802039669
inst_06_07,-0.55,0.3972987023509261,loop,6,12.000000000185333,-57.21101314030054
inst_06_07,-0.55,0.3972987023509261,loop,7,7.029437251535407,-19.631716040793407
inst_06_07,-0.55,0.3972987023509261,node,1,50.000000000000036,0.0
inst_06_07,-0.55,0.3972987023509261,node,2,25.316390174472414,0.0
inst_06_07,-0.55,0.3972987023509261,node,3,11.726893502091473,0.0
inst_06_07,-0.55,0.3972987023509261,node,4,0.04645686980668849,0.0
inst_06_07,-0.55,0.3972987023509261,node,5,11.906212186265849,0.0
inst_06_07,-0.55,0.3972987023509261,node,6,12.000000000218165,0.0
inst_06_07,-0.55,0.3972987023509261,node,7,11.906302820990975,0.0
inst_06_07,-0.55,0.3972987023509261,dcp,1,31.589938910238963,-548.9436230955911
inst_06_07,-0.55,0.3972987023509261,dcp,2,31.589938910247803,396.47400589505014
inst_06_07,-0.55,0.3972987023509261,dcp,3,-19.5899389101468,-152.46961720054094
inst_06_07,-0.55,0.3972987023509261,dcp,4,4.970562748565007,-9.815858020708703
inst_06_07,-0.55,0.3972987023509261,dcp,5,4.970562748493592,-9.815858020426646
inst_06_07,-0.55,0.3972987023509261,dcp,6,12.000000000185333,-57.21101314030054
inst_06_07,-0.55,0.3972987023509261,dcp,7,7.029437251596622,-19.63171604113535
inst_06_08,-0.55,0.5,loop,1,29.007872063963358,-565.3621769113413
inst_06_08,-0.55,0.5,loop,2,29.007872063963358,420.7283208396331
inst_06_08,-0.55,0.5,loop,3,-17.00787206394193,-144.63385607170818
inst_06_08,-0.55,0.5,loop,4,4.970562748486013,-12.353247018318427
inst_06_08,-0.55,0.5,loop,5,4.970562748486013,-12.353247018318399
inst_06_08,-0.55,0.5,loop,6,12.000000000185333,-72.000000002224
inst_06_08,-0.55,0.5,loop,7,7.029437251535406,-24.706494036636826
inst_06_08,-0.55,0.5,node,1,49.999000001650266,0.0
inst_06_08,-0.55,0.5,node,2,23.324579305970644,0.0
inst_06_08,-0.55,0.5,node,3,11.99900000002142,0.0
inst_06_08,-0.55,0.5,node,4,0.0009999999987376214,0.0
inst_06_08,-0.55,0.5,node,5,11.99899995835128,0.0
inst_06_08,-0.55,0.5,node,6,12.000000000185333,0.0
inst_06_08,-0.55,0.5,node,7,11.99900000002142,0.0
inst_06_08,-0.55,0.5,dcp,1,29.007872063975803,-565.3621769112813
inst_06_08,-0.55,0.5,dcp,2,29.00787206393765,420.7283208396773
inst_06_08,-0.55,0.5,dcp,3,-17.007872063935807,-144.63385607160401
inst_06_08,-0.55,0.5,dcp,4,4.970562748437322,-12.353247018076388
inst_06_08,-0.55,0.5,dcp,5,4.9705627484941655,-12.353247018347446
inst_06_08,-0.55,0.5,dcp,6,12.000000000185333,-72.000000002224
inst_06_08,-0.55,0.5,dcp,7,7.0294372515051045,-24.706494036423834
inst_07_01,-0.5,0.1,loop,1,-11.140819530119993,-65.95976301211313
inst_07_01,-0.5,0.1,loop,2,-11.140819530119993,12.410010159455666
inst_07_01,-0.5,0.1,loop,3,23.14081953014142,-53.54975285265746
inst_07_01,-0.5,0.1,loop,4,4.970562748486013,-2.4706494036636855
inst_07_01,-0.5,0.1,loop,5,4.970562748486013,-2.4706494036636784
inst_07_01,-0.5,0.1,loop,6,12.000000000185333,-14.400000000444798
inst_07_01,-0.5,0.1,loop,7,7.029437251535407,-4.941298807327364
inst_07_01,-0.5,0.1,node,1,48.321277414118036,-365.41810441085636
inst_07_01,-0.5,0.1,node,2,48.32127741431208,233.49458511011468
inst_07_01,-0.5,0.1,node,3,-36.32127741431208,-131.92351930074167
inst_07_01,-0.5,0.1,node,4,4.970562748469262,-2.4706494036470303
inst_07_01,-0.5,0.1,node,5,4.970562748478854,-2.4706494036565516
inst_07_01,-0.5,0.1,node,6,12.000000000000002,-14.400000000000006
inst_07_01,-0.5,0.1,node,7,7.0294372515185,-4.941298807303582
inst_07_01,-0.5,0.1,dcp,1,48.32127741459715,-365.4181043997635
inst_07_01,-0.5,0.1,dcp,2,48.32127741457823,233.4945850976434
inst_07_01,-0.5,0.1,dcp,3,-36.32127741450183,-131.92351930212007
inst_07_01,-0.5,0.1,dcp,4,4.970562748485254,-2.470649403662918
inst_07_01,-0.5,0.1,dcp,5,4.970562748485091,-2.470649403662776
inst_07_01,-0.5,0.1,dcp,6,12.000000000185334,-14.400000000444805
inst_07_01,-0.5,0.1,dcp,7,7.029437251534218,-4.941298807325694
inst_07_02,-0.5,0.12584989506418265,loop,1,-13.500892998956454,-104.77602849559435
inst_07_02,-0.5,0.12584989506418265,loop,2,-13.500892998956454,22.93640255454052
inst_07_02,-0.5,0.12584989506418265,loop,3,25.500892998977854,-81.83962594105382
inst_07_02,-0.5,0.12584989506418265,loop,4,4.970562748486013,-3.1093096819145956
inst_07_02,-0.5,0.12584989506418265,loop,5,4.970562748486013,-3.1093096819146098
inst_07_02,-0.5,0.12584989506418265,loop,6,12.000000000185333,-18.122384889802078
inst_07_02,-0.5,0.12584989506418265,loop,7,7.029437251535407,-6.218619363829205
inst_07_02,-0.5,0.12584989506418265,node,1,46.108251935820824,-413.96356495720613
inst_07_02,-0.5,0.12584989506418265,node,2,46.10825193304609,267.5532138732302
inst_07_02,-0.5,0.12584989506418265,node,3,-34.1082519330461,-146.41035108397588
inst_07_02,-0.5,0.12584989506418265,node,4,4.970562748469267,-3.1093096818936488
inst_07_02,-0.5,0.12584989506418265,node,5,4.970562748478854,-3.1093096819056427
inst_07_02,-0.5,0.12584989506418265,node,6,11.999999999999998,-18.122384889242284
inst_07_02,-0.5,0.12584989506418265,node,7,7.0294372515185035,-6.2186193637992915
inst_07_02,-0.5,0.12584989506418265,dcp,1,46.10825193950392,-413.96356488089566
inst_07_02,-0.5,0.12584989506418265,dcp,2,46.10825193951465,267.55321374233955
inst_07_02,-0.5,0.12584989506418265,dcp,3,-34.108251939403694,-146.4103511385561
inst_07_02,-0.5,0.12584989506418265,dcp,4,4.970562748538228,-3.109309681979937
inst_07_02,-0.5,0.12584989506418265,dcp,5,4.9705627484819,-3.1093096819094512
inst_07_02,-0.5,0.12584989506418265,dcp,6,12.000000000185333,-18.122384889802078
inst_07_02,-0.5,0.12584989506418265,dcp,7,7.029437251569419,-6.218619363889388
inst_07_03,-0.5,0.15838196087665787,loop,1,-13143765.978452392,0.0
inst_07_03,-0.5,0.15838196087665787,loop,2,-13143765.978452392,0.0
inst_07_03,-0.5,0.15838196087665787,loop,3,13143777.978452392,0.0
inst_07_03,-0.5,0.15838196087665787,loop,4,4.970562748486014,0.0
inst_07_03,-0.5,0.15838196087665787,loop,5,4.970562748486014,0.0
inst_07_03,-0.5,0.15838196087665787,loop,6,12.000000000185333,0.0
inst_07_03,-0.5,0.15838196087665787,loop,7,7.029437251535406,0.0
inst_07_03,-0.5,0.15838196087665787,node,1,43.6774315437849,-461.07803186943806
inst_07_03,-0.5,0.15838196087665787,node,2,43.677431543784984,302.14812179912826
inst_07_03,-0.5,0.15838196087665787,node,3,-31.677431543784987,-158.9299100703098
inst_07_03,-0.5,0.15838196087665787,node,4,4.970562748469261,-3.913062971883619
inst_07_03,-0.5,0.15838196087665787,node,5,4.970562748478846,-3.913062971898711
inst_07_03,-0.5,0.15838196087665787,node,6,12.000000000000004,-22.80700236623875
inst_07_03,-0.5,0.15838196087665787,node,7,7.029437251518494,-7.82612594378233
inst_07_03,-0.5,0.15838196087665787,dcp,1,43.677431545795216,-461.07803183316156
inst_07_03,-0.5,0.15838196087665787,dcp,2,43.67743154583832,302.1481217419949
inst_07_03,-0.5,0.15838196087665787,dcp,3,-31.677431545863552,-158.92991009116668
inst_07_03,-0.5,0.15838196087665787,dcp,4,4.970562748513088,-3.913062971952627
inst_07_03,-0.5,0.15838196087665787,dcp,5,4.970562748513191,-3.9130629719527974
inst_07_03,-0.5,0.15838196087665787,dcp,6,12.000000000185336,-22.807002366943237
inst_07_03,-0.5,0.15838196087665787,dcp,7,7.0294372515737695,-7.826125943905424
inst_07_04,-0.5,0.19932353156386884,loop,1,-2510401202.735421,0.0
inst_07_04,-0.5,0.19932353156386884,loop,2,-2510401202.735421,0.0
inst_07_04,-0.5,0.19932353156386884,loop,3,2510401214.735421,0.0
inst_07_04,-0.5,0.19932353156386884,loop,4,4.970562748486013,0.0
inst_07_04,-0.5,0.19932353156386884,loop,5,4.970562748486013,0.0
inst_07_04,-0.5,0.19932353156386884,loop,6,12.000000000185333,0.0
inst_07_04,-0.5,0.19932353156386884,loop,7,7.029437251535407,0.0
inst_07_04,-0.5,0.19932353156386884,node,1,-64.75467478025197,0.0
inst_07_04,-0.5,0.19932353156386884,node,2,38.95091123382324,0.0
inst_07_04,-0.5,0.19932353156386884,node,3,-36.19945941886858,0.0
inst_07_04,-0.5,0.19932353156386884,node,4,0.6801208412802003,0.0
inst_07_04,-0.5,0.19932353156386884,node,5,2.911607920335905,0.0
inst_07_04,-0.5,0.19932353156386884,node,6,12.000000000000009,0.0
inst_07_04,-0.5,0.19932353156386884,node,7,2.9899874649413603,0.0
inst_07_04,-0.5,0.19932353156386884,dcp,1,41.063996032646024,-504.48140738633805
inst_07_04,-0.5,0.19932353156386884,dcp,2,41.06399603265636,336.109657930067
inst_07_04,-0.5,0.19932353156386884,dcp,3,-29.063996032608994,-168.3717494562711
inst_07_04,-0.5,0.19932353156386884,dcp,4,4.97056274848986,-4.92458564395173
inst_07_04,-0.5,0.19932353156386884,dcp,5,4.970562748489778,-4.924585643951588
inst_07_04,-0.5,0.19932353156386884,dcp,6,12.000000000185333,-28.70258854608369
inst_07_04,-0.5,0.19932353156386884,dcp,7,7.029437251540789,-9.849171287903317
inst_07_05,-0.5,0.2508484553113519,loop,1,38.31647422893409,-542.010518332909
inst_07_05,-0.5,0.2508484553113519,loop,2,38.31647422893409,368.28371086384493
inst_07_05,-0.5,0.2508484553113519,loop,3,-26.31647422891226,-173.72680746906406
inst_07_05,-0.5,0.2508484553113519,loop,4,4.970562748486014,-6.197585865249465
inst_07_05,-0.5,0.2508484553113519,loop,5,4.970562748486014,-6.1975858652494935
inst_07_05,-0.5,0.2508484553113519,loop,6,12.000000000185333,-36.12217756595044
inst_07_05,-0.5,0.2508484553113519,loop,7,7.029437251535406,-12.395171730498959
inst_07_05,-0.5,0.2508484553113519,node,1,38.31647422736161,-542.0105183520118
inst_07_05,-0.5,0.2508484553113519,node,2,38.31647422905255,368.28371088109554
inst_07_05,-0.5,0.2508484553113519,node,3,-26.316474229052545,-173.72680747091624
inst_07_05,-0.5,0.2508484553113519,node,4,4.970562472218224,-6.197585176316096
inst_07_05,-0.5,0.2508484553113519,node,5,4.970562808409306,-6.19758601468115
inst_07_05,-0.5,0.2508484553113519,node,6,11.999999999999998,-36.12217756483466
inst_07_05,-0.5,0.2508484553113519,node,7,7.029437098556751,-12.395171190997246
inst_07_05,-0.5,0.2508484553113519,dcp,1,38.31647422894368,-542.0105183327926
inst_07_05,-0.5,0.2508484553113519,dcp,2,38.316474228923944,368.28371086353343
inst_07_05,-0.5,0.2508484553113519,dcp,3,-26.31647422892704,-173.72680746925917
inst_07_05,-0.5,0.2508484553113519,dcp,4,4.970562748471202,-6.197585865212545
inst_07_05,-0.5,0.2508484553113519,dcp,5,4.970562748471202,-6.197585865212545
inst_07_05,-0.5,0.2508484553113519,dcp,6,12.000000000185333,-36.12217756595044
inst_07_05,-0.5,0.2508484553113519,dcp,7,7.0294372515144605,-12.39517173042509
inst_07_06,-0.5,0.31569251777945956,loop,1,35.49286746591054,-571.9270214533362
inst_07_06,-0.5,0.31569251777945956,loop,2,35.49286746591054,397.69164176901745
inst_07_06,-0.5,0.31569251777945956,loop,3,-23.492867465889056,-174.23537968431881
inst_07_06,-0.5,0.31569251777945956,loop,4,4.970562748486013,-7.799655307929072
inst_07_06,-0.5,0.31569251777945956,loop,5,4.970562748486013,-7.7996553079291004
inst_07_06,-0.5,0.31569251777945956,loop,6,12.000000000185333,-45.45972256164637
inst_07_06,-0.5,0.31569251777945956,loop,7,7.029437251535407,-15.599310615858172
inst_07_06,-0.5,0.31569251777945956,node,1,54.545454545454575,0.0
inst_07_06,-0.5,0.31569251777945956,node,2,27.64417473763576,0.0
inst_07_06,-0.5,0.31569251777945956,node,3,11.431209621834023,0.0
inst_07_06,-0.5,0.31569251777945956,node,4,0.07354961382897313,0.0
inst_07_06,-0.5,0.31569251777945956,node,5,11.831033418091623,0.0
inst_07_06,-0.5,0.31569251777945956,node,6,12.000000000245295,0.0
inst_07_06,-0.5,0.31569251777945956,node,7,11.831262032669851,0.0
inst_07_06,-0.5,0.31569251777945956,dcp,1,35.49286746596731,-571.9270214528229
inst_07_06,-0.5,0.31569251777945956,dcp,2,35.4928674659148,397.69164176911374
inst_07_06,-0.5,0.31569251777945956,dcp,3,-23.492867465847958,-174.23537968370923
inst_07_06,-0.5,0.31569251777945956,dcp,4,4.970562748538503,-7.799655308093804
inst_07_06,-0.5,0.31569251777945956,dcp,5,4.970562748448577,-7.799655307811605
inst_07_06,-0.5,0.31569251777945956,dcp,6,12.000000000185333,-45.45972256164637
inst_07_06,-0.5,0.31569251777945956,dcp,7,7.029437251546051,-15.59931061590541
inst_07_07,-0.5,0.3972987023509261,loop,1,32.654995740702695,-593.1580614671598
inst_07_07,-0.5,0.3972987023509261,loop,2,32.654995740702695,423.65897335509726
inst_07_07,-0.5,0.3972987023509261,loop,3,-20.6549957406811,-169.49908811206248
inst_07_07,-0.5,0.3972987023509261,loop,4,4.970562748486013,-9.815858020396718
inst_07_07,-0.5,0.3972987023509261,loop,5,4.970562748486013,-9.81585802039669
inst_07_07,-0.5,0.3972987023509261,loop,6,12.000000000185333,-57.21101314030054
inst_07_07,-0.5,0.3972987023509261,loop,7,7.029437251535407,-19.631716040793407
inst_07_07,-0.5,0.3972987023509261,node,1,54.544454571148044,0.0
inst_07_07,-0.5,0.3972987023509261,node,2,25.445060224136515,0.0
inst_07_07,-0.5,0.3972987023509261,node,3,11.999000000021418,0.0
inst_07_07,-0.5,0.3972987023509261,node,4,0.0009999999955673613,0.0
inst_07_07,-0.5,0.3972987023509261,node,5,11.99899995835128,0.0
inst_07_07,-0.5,0.3972987023509261,node,6,12.000000000185333,0.0
inst_07_07,-0.5,0.3972987023509261,node,7,11.999000000021418,0.0
inst_07_07,-0.5,0.3972987023509261,dcp,1,32.65499574047993,-593.1580614684785
inst_07_07,-0.5,0.3972987023509261,dcp,2,32.65499574041913,423.6589733613236
inst_07_07,-0.5,0.3972987023509261,dcp,3,-20.654995740382084,-169.49908810715493
inst_07_07,-0.5,0.3972987023509261,dcp,4,4.970562748585998,-9.815858020791609
inst_07_07,-0.5,0.3972987023509261,dcp,5,4.970562748442964,-9.81585802022667
inst_07_07,-0.5,0.3972987023509261,dcp,6,12.000000000185333,-57.21101314030054
inst_07_07,-0.5,0.3972987023509261,dcp,7,7.029437251575666,-19.63171604101828
inst_07_08,-0.5,0.5,loop,1,29.862167715796097,-605.4030480963988
inst_07_08,-0.5,0.5,loop,2,29.862167715796097,445.8745303431673
inst_07_08,-0.5,0.5,loop,3,-17.862167715774675,-159.52851775323154
inst_07_08,-0.5,0.5,loop,4,4.970562748486013,-12.353247018318427
inst_07_08,-0.5,0.5,loop,5,4.970562748486013,-12.353247018318399
inst_07_08,-0.5,0.5,loop,6,12.000000000185333,-72.00000000222397
inst_07_08,-0.5,0.5,loop,7,7.029437251535406,-24.706494036636826
inst_07_08,-0.5,0.5,node,1,54.544454571858864,0.0
inst_07_08,-0.5,0.5,node,2,23.324579308114306,0.0
inst_07_08,-0.5,0.5,node,3,11.99900000002142,0.0
inst_07_08,-0.5,0.5,node,4,0.0009999999987376214,0.0
inst_07_08,-0.5,0.5,node,5,11.99899995835128,0.0
inst_07_08,-0.5,0.5,node,6,12.000000000185333,0.0
inst_07_08,-0.5,0.5,node,7,11.99900000002142,0.0
inst_07_08,-0.5,0.5,dcp,1,29.862167715805793,-605.4030480963712
inst_07_08,-0.5,0.5,dcp,2,29.86216771580164,445.8745303433282
inst_07_08,-0.5,0.5,dcp,3,-17.86216771576412,-159.528517753043
inst_07_08,-0.5,0.5,dcp,4,4.970562748477519,-12.353247018276193
inst_07_08,-0.5,0.5,dcp,5,4.9705627484775174,-12.353247018264682
inst_07_08,-0.5,0.5,dcp,6,12.000000000185333,-72.00000000222403
inst_07_08,-0.5,0.5,dcp,7,7.029437251521757,-24.706494036540875
inst_08_01,-0.45,0.1,loop,1,-10.638418074904159,-62.564572678900994
inst_08_01,-0.45,0.1,loop,2,-10.638418074904159,11.314775385389233
inst_08_01,-0.45,0.1,loop,3,22.63841807492559,-51.24979729351176
inst_08_01,-0.45,0.1,loop,4,4.970562748486013,-2.4706494036636855
inst_08_01,-0.45,0.1,loop,5,4.970562748486013,-2.4706494036636784
inst_08_01,-0.45,0.1,loop,6,12.000000000185333,-14.400000000444798
inst_08_01,-0.45,0.1,loop,7,7.029437251535407,-4.941298807327364
inst_08_01,-0.45,0.1,node,1,51.4401130856483,-420.16077543730637
inst_08_01,-0.45,0.1,node,2,51.44011308561405,264.60852341670386
inst_08_01,-0.45,0.1,node,3,-39.44011308561405,-155.55225202060248
inst_08_01,-0.45,0.1,node,4,4.970562748469262,-2.4706494036470303
inst_08_01,-0.45,0.1,node,5,4.97056274847884,-2.4706494036565516
inst_08_01,-0.45,0.1,node,6,12.000000000000002,-14.400000000000006
inst_08_01,-0.45,0.1,node,7,7.02943725151849,-4.941298807303582
inst_08_01,-0.45,0.1,dcp,1,51.44011308542251,-420.16077544214716
inst_08_01,-0.45,0.1,dcp,2,51.440113085401286,264.60852342386
inst_08_01,-0.45,0.1,dcp,3,-39.440113085320526,-155.55225201828716
inst_08_01,-0.45,0.1,dcp,4,4.970562748535014,-2.4706494037124003
inst_08_01,-0.45,0.1,dcp,5,4.970562748464443,-2.470649403642227
inst_08_01,-0.45,0.1,dcp,6,12.000000000185333,-14.400000000444805
inst_08_01,-0.45,0.1,dcp,7,7.029437251554804,-4.941298807354627
inst_08_02,-0.45,0.12584989506418265,loop,1,-12.299546908050432,-93.3469801698465
inst_08_02,-0.45,0.12584989506418265,loop,2,-12.299546908050432,19.036646855941626
inst_08_02,-0.45,0.12584989506418265,loop,3,24.29954690807185,-74.31033331390488
inst_08_02,-0.45,0.12584989506418265,loop,4,4.970562748486013,-3.1093096819145956
inst_08_02,-0.45,0.12584989506418265,loop,5,4.970562748486013,-3.1093096819146098
inst_08_02,-0.45,0.12584989506418265,loop,6,12.000000000185333,-18.122384889802078
inst_08_02,-0.45,0.12584989506418265,loop,7,7.029437251535407,-6.218619363829205
inst_08_02,-0.45,0.12584989506418265,node,1,48.87784039483277,-471.8135710136099
inst_08_02,-0.45,0.12584989506418265,node,2,48.87784038980536,300.66084590167134
inst_08_02,-0.45,0.12584989506418265,node,3,-36.87784038980536,-171.15272511193854
inst_08_02,-0.45,0.12584989506418265,node,4,4.970562748469267,-3.1093096818936488
inst_08_02,-0.45,0.12584989506418265,node,5,4.970562748478854,-3.1093096819056427
inst_08_02,-0.45,0.12584989506418265,node,6,11.999999999999995,-18.122384889242284
inst_08_02,-0.45,0.12584989506418265,node,7,7.0294372515185035,-6.2186193637992915
inst_08_02,-0.45,0.12584989506418265,dcp,1,48.87784039490768,-471.8135710121958
inst_08_02,-0.45,0.12584989506418265,dcp,2,48.877840394930296,300.66084585389336
inst_08_02,-0.45,0.12584989506418265,dcp,3,-36.87784039480031,-171.15272515830242
inst_08_02,-0.45,0.12584989506418265,dcp,4,4.970562748554634,-3.1093096820004575
inst_08_02,-0.45,0.12584989506418265,dcp,5,4.970562748441973,-3.109309681859486
inst_08_02,-0.45,0.12584989506418265,dcp,6,12.000000000185333,-18.122384889802078
inst_08_02,-0.45,0.12584989506418265,dcp,7,7.029437251552789,-6.218619363859943
inst_08_03,-0.45,0.15838196087665787,loop,1,-13614581.360605273,0.0
inst_08_03,-0.45,0.15838196087665787,loop,2,-13614581.360605273,0.0
inst_08_03,-0.45,0.15838196087665787,loop,3,13614593.360605273,0.0
inst_08_03,-0.45,0.15838196087665787,loop,4,4.970562748486014,0.0
inst_08_03,-0.45,0.15838196087665787,loop,5,4.970562748486014,0.0
inst_08_03,-0.45,0.15838196087665787,loop,6,12.000000000185333,0.0
inst_08_03,-0.45,0.15838196087665787,loop,7,7.029437251535406,0.0
inst_08_03,-0.45,0.15838196087665787,node,1,46.09113061118086,-520.5377578269591
inst_08_03,-0.45,0.15838196087665787,node,2,46.09113061116454,336.4654214722236
inst_08_03,-0.45,0.15838196087665787,node,3,-34.091130611164544,-184.07233635473548
inst_08_03,-0.45,0.15838196087665787,node,4,4.970562748390268,-3.9130629717592456
inst_08_03,-0.45,0.15838196087665787,node,5,4.9705627484959765,-3.913062971925683
inst_08_03,-0.45,0.15838196087665787,node,6,11.999999999999996,-22.80700236623872
inst_08_03,-0.45,0.15838196087665787,node,7,7.02943725147475,-7.826125943684929
inst_08_03,-0.45,0.15838196087665787,dcp,1,46.091130612273645,-520.5377578093749
inst_08_03,-0.45,0.15838196087665787,dcp,2,46.091130612304966,336.46542144183707
inst_08_03,-0.45,0.15838196087665787,dcp,3,-34.09113061235007,-184.0723363675378
inst_08_03,-0.45,0.15838196087665787,dcp,4,4.970562748494605,-3.913062971923523
inst_08_03,-0.45,0.15838196087665787,dcp,5,4.970562748494605,-3.913062971923523
inst_08_03,-0.45,0.15838196087665787,dcp,6,12.00000000018533,-22.80700236694321
inst_08_03,-0.45,0.15838196087665787,dcp,7,7.029437251547558,-7.826125943847046
inst_08_04,-0.45,0.19932353156386884,loop,1,-5.929930355365239e+110,0.0
inst_08_04,-0.45,0.19932353156386884,loop,2,-5.929930355365239e+110,0.0
inst_08_04,-0.45,0.19932353156386884,loop,3,5.929930355365239e+110,0.0
inst_08_04,-0.45,0.19932353156386884,loop,4,4.970562748486013,0.0
inst_08_04,-0.45,0.19932353156386884,loop,5,4.970562748486013,0.0
inst_08_04,-0.45,0.19932353156386884,loop,6,12.000000000185333,0.0
inst_08_04,-0.45,0.19932353156386884,loop,7,7.029437251535407,0.0
inst_08_04,-0.45,0.19932353156386884,node,1,43.126740144709814,-563.8443465866317
inst_08_04,-0.45,0.19932353156386884,node,2,43.12674014471147,370.7249688264954
inst_08_04,-0.45,0.19932353156386884,node,3,-31.126740144711473,-193.11937776013627
inst_08_04,-0.45,0.19932353156386884,node,4,4.97056274769617,-4.924585642379043
inst_08_04,-0.45,0.19932353156386884,node,5,4.970562748646485,-4.924585644262095
inst_08_04,-0.45,0.19932353156386884,node,6,12.000000000000004,-28.70258854519713
inst_08_04,-0.45,0.19932353156386884,node,7,7.029437251090375,-9.849171286641138
inst_08_04,-0.45,0.19932353156386884,dcp,1,43.12674014474303,-563.8443465861958
inst_08_04,-0.45,0.19932353156386884,dcp,2,43.126740144804124,370.7249688261446
inst_08_04,-0.45,0.19932353156386884,dcp,3,-31.126740144704613,-193.11937776005115
inst_08_04,-0.45,0.19932353156386884,dcp,4,4.97056274848986,-4.92458564395173
inst_08_04,-0.45,0.19932353156386884,dcp,5,4.970562748489778,-4.924585643951588
inst_08_04,-0.45,0.19932353156386884,dcp,6,12.000000000185333,-28.70258854608369
inst_08_04,-0.45,0.19932353156386884,dcp,7,7.029437251540789,-9.849171287903317
inst_08_05,-0.45,0.2508484553113519,loop,1,40.044775175357586,-599.5512458382599
inst_08_05,-0.45,0.2508484553113519,loop,2,40.044775175357586,402.25657408920193
inst_08_05,-0.45,0.2508484553113519,loop,3,-28.04477517533578,-197.29467174905795
inst_08_05,-0.45,0.2508484553113519,loop,4,4.970562748486014,-6.197585865249465
inst_08_05,-0.45,0.2508484553113519,loop,5,4.970562748486014,-6.1975858652494935
inst_08_05,-0.45,0.2508484553113519,loop,6,12.000000000185333,-36.12217756595044
inst_08_05,-0.45,0.2508484553113519,loop,7,7.029437251535406,-12.395171730498959
inst_08_05,-0.45,0.2508484553113519,node,1,60.000000000000036,0.0
inst_08_05,-0.45,0.2508484553113519,node,2,30.382018609380793,0.0
inst_08_05,-0.45,0.2508484553113519,node,3,11.214853031818539,0.0
inst_08_05,-0.45,0.2508484553113519,node,4,0.09488204827272281,0.0
inst_08_05,-0.45,0.2508484553113519,node,5,11.794429328460454,0.0
inst_08_05,-0.45,0.2508484553113519,node,6,12.000000000238973,0.0
inst_08_05,-0.45,0.2508484553113519,node,7,11.794810968690111,0.0
inst_08_05,-0.45,0.2508484553113519,dcp,1,40.04477517537502,-599.5512458380849
inst_08_05,-0.45,0.2508484553113519,dcp,2,40.04477517533238,402.2565740887028
inst_08_05,-0.45,0.2508484553113519,dcp,3,-28.044775175358822,-197.29467174938216
inst_08_05,-0.45,0.2508484553113519,dcp,4,4.9705627484712664,-6.197585865212716
inst_08_05,-0.45,0.2508484553113519,dcp,5,4.970562748471137,-6.197585865212375
inst_08_05,-0.45,0.2508484553113519,dcp,6,12.000000000185333,-36.12217756595044
inst_08_05,-0.45,0.2508484553113519,dcp,7,7.0294372515144605,-12.39517173042509
inst_08_06,-0.45,0.31569251777945956,loop,1,36.913331821113104,-626.1029215655924
inst_08_06,-0.45,0.31569251777945956,loop,2,36.913331821113104,430.1607514496481
inst_08_06,-0.45,0.31569251777945956,loop,3,-24.91333182109167,-195.9421701159443
inst_08_06,-0.45,0.31569251777945956,loop,4,4.970562748486013,-7.799655307929072
inst_08_06,-0.45,0.31569251777945956,loop,5,4.970562748486013,-7.7996553079291004
inst_08_06,-0.45,0.31569251777945956,loop,6,12.000000000185333,-45.45972256164637
inst_08_06,-0.45,0.31569251777945956,loop,7,7.029437251535407,-15.599310615858172
inst_08_06,-0.45,0.31569251777945956,node,1,59.999000024693515,0.0
inst_08_06,-0.45,0.31569251777945956,node,2,27.88545986889677,0.0
inst_08_06,-0.45,0.31569251777945956,node,3,11.99900000002142,0.0
inst_08_06,-0.45,0.31569251777945956,node,4,0.0009999999994952612,0.0
inst_08_06,-0.45,0.31569251777945956,node,5,11.99899995835128,0.0
inst_08_06,-0.45,0.31569251777945956,node,6,12.00000000018533,0.0
inst_08_06,-0.45,0.31569251777945956,node,7,11.99900000002142,0.0
inst_08_06,-0.45,0.31569251777945956,dcp,1,36.91333182116119,-626.1029215652601
inst_08_06,-0.45,0.31569251777945956,dcp,2,36.91333182113618,430.1607514502373
inst_08_06,-0.45,0.31569251777945956,dcp,3,-24.91333182103309,-195.94217011502283
inst_08_06,-0.45,0.31569251777945956,dcp,4,4.970562748525321,-7.799655308052451
inst_08_06,-0.45,0.31569251777945956,dcp,5,4.97056274848046,-7.7996553079116495
inst_08_06,-0.45,0.31569251777945956,dcp,6,12.000000000185329,-45.459722561646316
inst_08_06,-0.45,0.31569251777945956,dcp,7,7.0294372515592745,-15.5993106159641
inst_08_07,-0.45,0.3972987023509261,loop,1,33.801622184202536,-642.7738343842896
inst_08_07,-0.45,0.3972987023509261,loop,2,33.801622184202536,453.9334981967337
inst_08_07,-0.45,0.3972987023509261,loop,3,-21.801622184181106,-188.8403361875559
inst_08_07,-0.45,0.3972987023509261,loop,4,4.970562748486013,-9.815858020396718
inst_08_07,-0.45,0.3972987023509261,loop,5,4.970562748486013,-9.81585802039669
inst_08_07,-0.45,0.3972987023509261,loop,6,12.000000000185333,-57.211013140300565
inst_08_07,-0.45,0.3972987023509261,loop,7,7.029437251535407,-19.631716040793407
inst_08_07,-0.45,0.3972987023509261,node,1,59.999000025693434,0.0
inst_08_07,-0.45,0.3972987023509261,node,2,25.445060226609492,0.0
inst_08_07,-0.45,0.3972987023509261,node,3,11.999000000021418,0.0
inst_08_07,-0.45,0.3972987023509261,node,4,0.0009999999955673613,0.0
inst_08_07,-0.45,0.3972987023509261,node,5,11.99899995835128,0.0
inst_08_07,-0.45,0.3972987023509261,node,6,12.000000000185333,0.0
inst_08_07,-0.45,0.3972987023509261,node,7,11.999000000021418,0.0
inst_08_07,-0.45,0.3972987023509261,dcp,1,33.801622184248075,-642.7738343841165
inst_08_07,-0.45,0.3972987023509261,dcp,2,33.801622184203104,453.93349819703553
inst_08_07,-0.45,0.3972987023509261,dcp,3,-21.801622184153693,-188.84033618708102
inst_08_07,-0.45,0.3972987023509261,dcp,4,4.9705627485318,-9.815858020577537
inst_08_07,-0.45,0.3972987023509261,dcp,5,4.970562748460265,-9.815858020285873
inst_08_07,-0.45,0.3972987023509261,dcp,6,12.000000000185333,-57.21101314030054
inst_08_07,-0.45,0.3972987023509261,dcp,7,7.029437251547939,-19.63171604086341
inst_08_08,-0.45,0.5,loop,1,30.772994167269744,-649.7012400086835
inst_08_08,-0.45,0.5,loop,2,30.772994167269744,473.48858500691284
inst_08_08,-0.45,0.5,loop,3,-18.77299416724837,-176.21265500177066
inst_08_08,-0.45,0.5,loop,4,4.970562748486013,-12.353247018318427
inst_08_08,-0.45,0.5,loop,5,4.970562748486013,-12.353247018318399
inst_08_08,-0.45,0.5,loop,6,12.000000000185333,-72.00000000222403
inst_08_08,-0.45,0.5,loop,7,7.029437251535406,-24.706494036636826
inst_08_08,-0.45,0.5,node,1,59.99900002640427,0.0
inst_08_08,-0.45,0.5,node,2,23.324579310257967,0.0
inst_08_08,-0.45,0.5,node,3,11.99900000002142,0.0
inst_08_08,-0.45,0.5,node,4,0.0009999999987376214,0.0
inst_08_08,-0.45,0.5,node,5,11.99899995835128,0.0
inst_08_08,-0.45,0.5,node,6,12.000000000185333,0.0
inst_08_08,-0.45,0.5,node,7,11.99900000002142,0.0
inst_08_08,-0.45,0.5,dcp,1,30.772994167210392,-649.7012400087292
inst_08_08,-0.45,0.5,dcp,2,30.772994167220283,473.4885850084936
inst_08_08,-0.45,0.5,dcp,3,-18.7729941671666,-176.21265500023563
inst_08_08,-0.45,0.5,dcp,4,4.970562748476854,-12.353247018272896
inst_08_08,-0.45,0.5,dcp,5,4.970562748476939,-12.353247018273322
inst_08_08,-0.45,0.5,dcp,6,12.000000000185333,-72.000000002224
inst_08_08,-0.45,0.5,dcp,7,7.029437251522515,-24.706494036546218
